step,attention_type,head,query_index,query_token,key_index,key_token,weight
0,encoder_self,0,0,The,0,The,0.3697441518306732
0,encoder_self,0,0,The,1,teacher,0.011227497830986977
0,encoder_self,0,0,The,2,likes,0.006007928866893053
0,encoder_self,0,0,The,3,robots,0.0606825016438961
0,encoder_self,0,0,The,4,<EOS>,0.5523379445075989
0,encoder_self,0,1,teacher,0,The,0.036167632788419724
0,encoder_self,0,1,teacher,1,teacher,0.2617895007133484
0,encoder_self,0,1,teacher,2,likes,0.5339067578315735
0,encoder_self,0,1,teacher,3,robots,0.03860209882259369
0,encoder_self,0,1,teacher,4,<EOS>,0.1295340210199356
0,encoder_self,0,2,likes,0,The,0.11368516832590103
0,encoder_self,0,2,likes,1,teacher,0.39600712060928345
0,encoder_self,0,2,likes,2,likes,0.12154440581798553
0,encoder_self,0,2,likes,3,robots,0.20144334435462952
0,encoder_self,0,2,likes,4,<EOS>,0.16731983423233032
0,encoder_self,0,3,robots,0,The,0.004523315466940403
0,encoder_self,0,3,robots,1,teacher,0.09440719336271286
0,encoder_self,0,3,robots,2,likes,0.6059166193008423
0,encoder_self,0,3,robots,3,robots,0.2836499512195587
0,encoder_self,0,3,robots,4,<EOS>,0.011502890847623348
0,encoder_self,0,4,<EOS>,0,The,0.15545278787612915
0,encoder_self,0,4,<EOS>,1,teacher,0.12349510192871094
0,encoder_self,0,4,<EOS>,2,likes,0.07796989381313324
0,encoder_self,0,4,<EOS>,3,robots,0.13929039239883423
0,encoder_self,0,4,<EOS>,4,<EOS>,0.503791868686676
0,encoder_self,1,0,The,0,The,0.014384598471224308
0,encoder_self,1,0,The,1,teacher,0.0001402292400598526
0,encoder_self,1,0,The,2,likes,7.783792534610257e-05
0,encoder_self,1,0,The,3,robots,0.9750094413757324
0,encoder_self,1,0,The,4,<EOS>,0.01038786768913269
0,encoder_self,1,1,teacher,0,The,0.18023689091205597
0,encoder_self,1,1,teacher,1,teacher,0.1757703274488449
0,encoder_self,1,1,teacher,2,likes,0.30803507566452026
0,encoder_self,1,1,teacher,3,robots,0.07223924249410629
0,encoder_self,1,1,teacher,4,<EOS>,0.26371851563453674
0,encoder_self,1,2,likes,0,The,0.08330638706684113
0,encoder_self,1,2,likes,1,teacher,0.2846345901489258
0,encoder_self,1,2,likes,2,likes,0.5073142051696777
0,encoder_self,1,2,likes,3,robots,0.03761469945311546
0,encoder_self,1,2,likes,4,<EOS>,0.0871301144361496
0,encoder_self,1,3,robots,0,The,0.07034730166196823
0,encoder_self,1,3,robots,1,teacher,0.28414344787597656
0,encoder_self,1,3,robots,2,likes,0.3183095157146454
0,encoder_self,1,3,robots,3,robots,0.0015362710691988468
0,encoder_self,1,3,robots,4,<EOS>,0.32566341757774353
0,encoder_self,1,4,<EOS>,0,The,0.020133309066295624
0,encoder_self,1,4,<EOS>,1,teacher,0.00040683773113414645
0,encoder_self,1,4,<EOS>,2,likes,0.0004187331651337445
0,encoder_self,1,4,<EOS>,3,robots,0.9696195125579834
0,encoder_self,1,4,<EOS>,4,<EOS>,0.00942158792167902
0,decoder_masked,0,0,<SOS>,0,<SOS>,1.0
0,decoder_masked,0,0,<SOS>,1,선생님은,0.0
0,decoder_masked,0,0,<SOS>,2,로봇을,0.0
0,decoder_masked,0,0,<SOS>,3,좋아한다,0.0
0,decoder_masked,0,1,선생님은,0,<SOS>,0.5540611147880554
0,decoder_masked,0,1,선생님은,1,선생님은,0.44593891501426697
0,decoder_masked,0,1,선생님은,2,로봇을,0.0
0,decoder_masked,0,1,선생님은,3,좋아한다,0.0
0,decoder_masked,0,2,로봇을,0,<SOS>,0.10747046768665314
0,decoder_masked,0,2,로봇을,1,선생님은,0.7819377779960632
0,decoder_masked,0,2,로봇을,2,로봇을,0.11059176921844482
0,decoder_masked,0,2,로봇을,3,좋아한다,0.0
0,decoder_masked,0,3,좋아한다,0,<SOS>,0.9719715118408203
0,decoder_masked,0,3,좋아한다,1,선생님은,0.010776272043585777
0,decoder_masked,0,3,좋아한다,2,로봇을,0.008785385638475418
0,decoder_masked,0,3,좋아한다,3,좋아한다,0.008466806262731552
0,decoder_masked,1,0,<SOS>,0,<SOS>,1.0
0,decoder_masked,1,0,<SOS>,1,선생님은,0.0
0,decoder_masked,1,0,<SOS>,2,로봇을,0.0
0,decoder_masked,1,0,<SOS>,3,좋아한다,0.0
0,decoder_masked,1,1,선생님은,0,<SOS>,0.916032612323761
0,decoder_masked,1,1,선생님은,1,선생님은,0.0839674174785614
0,decoder_masked,1,1,선생님은,2,로봇을,0.0
0,decoder_masked,1,1,선생님은,3,좋아한다,0.0
0,decoder_masked,1,2,로봇을,0,<SOS>,0.6092619299888611
0,decoder_masked,1,2,로봇을,1,선생님은,0.25058713555336
0,decoder_masked,1,2,로봇을,2,로봇을,0.14015091955661774
0,decoder_masked,1,2,로봇을,3,좋아한다,0.0
0,decoder_masked,1,3,좋아한다,0,<SOS>,0.7687610983848572
0,decoder_masked,1,3,좋아한다,1,선생님은,0.02961118519306183
0,decoder_masked,1,3,좋아한다,2,로봇을,0.148050457239151
0,decoder_masked,1,3,좋아한다,3,좋아한다,0.053577274084091187
0,decoder_cross,0,0,<SOS>,0,The,0.15441709756851196
0,decoder_cross,0,0,<SOS>,1,teacher,0.0954514667391777
0,decoder_cross,0,0,<SOS>,2,likes,0.48543253540992737
0,decoder_cross,0,0,<SOS>,3,robots,0.1763908714056015
0,decoder_cross,0,0,<SOS>,4,<EOS>,0.08830811828374863
0,decoder_cross,0,1,선생님은,0,The,0.22259268164634705
0,decoder_cross,0,1,선생님은,1,teacher,0.1647728532552719
0,decoder_cross,0,1,선생님은,2,likes,0.23663826286792755
0,decoder_cross,0,1,선생님은,3,robots,0.18155929446220398
0,decoder_cross,0,1,선생님은,4,<EOS>,0.1944369226694107
0,decoder_cross,0,2,로봇을,0,The,0.13976812362670898
0,decoder_cross,0,2,로봇을,1,teacher,0.17214131355285645
0,decoder_cross,0,2,로봇을,2,likes,0.31311097741127014
0,decoder_cross,0,2,로봇을,3,robots,0.2832506000995636
0,decoder_cross,0,2,로봇을,4,<EOS>,0.09172894060611725
0,decoder_cross,0,3,좋아한다,0,The,0.15745757520198822
0,decoder_cross,0,3,좋아한다,1,teacher,0.1677187830209732
0,decoder_cross,0,3,좋아한다,2,likes,0.31175294518470764
0,decoder_cross,0,3,좋아한다,3,robots,0.22982168197631836
0,decoder_cross,0,3,좋아한다,4,<EOS>,0.13324904441833496
0,decoder_cross,1,0,<SOS>,0,The,0.16731752455234528
0,decoder_cross,1,0,<SOS>,1,teacher,0.1920810341835022
0,decoder_cross,1,0,<SOS>,2,likes,0.24678818881511688
0,decoder_cross,1,0,<SOS>,3,robots,0.2117537260055542
0,decoder_cross,1,0,<SOS>,4,<EOS>,0.18205952644348145
0,decoder_cross,1,1,선생님은,0,The,0.2159317135810852
0,decoder_cross,1,1,선생님은,1,teacher,0.2243489921092987
0,decoder_cross,1,1,선생님은,2,likes,0.12530098855495453
0,decoder_cross,1,1,선생님은,3,robots,0.21225006878376007
0,decoder_cross,1,1,선생님은,4,<EOS>,0.22216834127902985
0,decoder_cross,1,2,로봇을,0,The,0.2024141252040863
0,decoder_cross,1,2,로봇을,1,teacher,0.17934782803058624
0,decoder_cross,1,2,로봇을,2,likes,0.25255709886550903
0,decoder_cross,1,2,로봇을,3,robots,0.18427154421806335
0,decoder_cross,1,2,로봇을,4,<EOS>,0.18140944838523865
0,decoder_cross,1,3,좋아한다,0,The,0.19926978647708893
0,decoder_cross,1,3,좋아한다,1,teacher,0.22120562195777893
0,decoder_cross,1,3,좋아한다,2,likes,0.18354885280132294
0,decoder_cross,1,3,좋아한다,3,robots,0.1753973513841629
0,decoder_cross,1,3,좋아한다,4,<EOS>,0.22057843208312988
1,encoder_self,0,0,The,0,The,0.3689463436603546
1,encoder_self,0,0,The,1,teacher,0.011325043626129627
1,encoder_self,0,0,The,2,likes,0.005861836485564709
1,encoder_self,0,0,The,3,robots,0.06062677502632141
1,encoder_self,0,0,The,4,<EOS>,0.5532400012016296
1,encoder_self,0,1,teacher,0,The,0.03673810139298439
1,encoder_self,0,1,teacher,1,teacher,0.26814955472946167
1,encoder_self,0,1,teacher,2,likes,0.5241315960884094
1,encoder_self,0,1,teacher,3,robots,0.03882463276386261
1,encoder_self,0,1,teacher,4,<EOS>,0.13215605914592743
1,encoder_self,0,2,likes,0,The,0.11431615799665451
1,encoder_self,0,2,likes,1,teacher,0.3953164517879486
1,encoder_self,0,2,likes,2,likes,0.12131454795598984
1,encoder_self,0,2,likes,3,robots,0.20098821818828583
1,encoder_self,0,2,likes,4,<EOS>,0.16806457936763763
1,encoder_self,0,3,robots,0,The,0.004513729363679886
1,encoder_self,0,3,robots,1,teacher,0.09448070079088211
1,encoder_self,0,3,robots,2,likes,0.605539083480835
1,encoder_self,0,3,robots,3,robots,0.28398528695106506
1,encoder_self,0,3,robots,4,<EOS>,0.011481190100312233
1,encoder_self,0,4,<EOS>,0,The,0.155222550034523
1,encoder_self,0,4,<EOS>,1,teacher,0.12495789676904678
1,encoder_self,0,4,<EOS>,2,likes,0.07544971257448196
1,encoder_self,0,4,<EOS>,3,robots,0.13876071572303772
1,encoder_self,0,4,<EOS>,4,<EOS>,0.5056091547012329
1,encoder_self,1,0,The,0,The,0.014790283516049385
1,encoder_self,1,0,The,1,teacher,0.00013544628745876253
1,encoder_self,1,0,The,2,likes,7.222162821562961e-05
1,encoder_self,1,0,The,3,robots,0.9745575189590454
1,encoder_self,1,0,The,4,<EOS>,0.010444632731378078
1,encoder_self,1,1,teacher,0,The,0.18138733506202698
1,encoder_self,1,1,teacher,1,teacher,0.1752106249332428
1,encoder_self,1,1,teacher,2,likes,0.3062272071838379
1,encoder_self,1,1,teacher,3,robots,0.07304155081510544
1,encoder_self,1,1,teacher,4,<EOS>,0.2641332447528839
1,encoder_self,1,2,likes,0,The,0.08155789971351624
1,encoder_self,1,2,likes,1,teacher,0.283893883228302
1,encoder_self,1,2,likes,2,likes,0.5115868449211121
1,encoder_self,1,2,likes,3,robots,0.03702503815293312
1,encoder_self,1,2,likes,4,<EOS>,0.08593636751174927
1,encoder_self,1,3,robots,0,The,0.07046034187078476
1,encoder_self,1,3,robots,1,teacher,0.2839989960193634
1,encoder_self,1,3,robots,2,likes,0.31840839982032776
1,encoder_self,1,3,robots,3,robots,0.001544199069030583
1,encoder_self,1,3,robots,4,<EOS>,0.32558807730674744
1,encoder_self,1,4,<EOS>,0,The,0.020427022129297256
1,encoder_self,1,4,<EOS>,1,teacher,0.0003934201959054917
1,encoder_self,1,4,<EOS>,2,likes,0.00039361685048788786
1,encoder_self,1,4,<EOS>,3,robots,0.969395101070404
1,encoder_self,1,4,<EOS>,4,<EOS>,0.009390780702233315
1,decoder_masked,0,0,<SOS>,0,<SOS>,1.0
1,decoder_masked,0,0,<SOS>,1,선생님은,0.0
1,decoder_masked,0,0,<SOS>,2,로봇을,0.0
1,decoder_masked,0,0,<SOS>,3,좋아한다,0.0
1,decoder_masked,0,1,선생님은,0,<SOS>,0.5539304614067078
1,decoder_masked,0,1,선생님은,1,선생님은,0.44606947898864746
1,decoder_masked,0,1,선생님은,2,로봇을,0.0
1,decoder_masked,0,1,선생님은,3,좋아한다,0.0
1,decoder_masked,0,2,로봇을,0,<SOS>,0.10750892013311386
1,decoder_masked,0,2,로봇을,1,선생님은,0.7809972167015076
1,decoder_masked,0,2,로봇을,2,로봇을,0.11149392277002335
1,decoder_masked,0,2,로봇을,3,좋아한다,0.0
1,decoder_masked,0,3,좋아한다,0,<SOS>,0.9705425500869751
1,decoder_masked,0,3,좋아한다,1,선생님은,0.011373594403266907
1,decoder_masked,0,3,좋아한다,2,로봇을,0.00953746773302555
1,decoder_masked,0,3,좋아한다,3,좋아한다,0.00854649767279625
1,decoder_masked,1,0,<SOS>,0,<SOS>,1.0
1,decoder_masked,1,0,<SOS>,1,선생님은,0.0
1,decoder_masked,1,0,<SOS>,2,로봇을,0.0
1,decoder_masked,1,0,<SOS>,3,좋아한다,0.0
1,decoder_masked,1,1,선생님은,0,<SOS>,0.915054440498352
1,decoder_masked,1,1,선생님은,1,선생님은,0.08494558185338974
1,decoder_masked,1,1,선생님은,2,로봇을,0.0
1,decoder_masked,1,1,선생님은,3,좋아한다,0.0
1,decoder_masked,1,2,로봇을,0,<SOS>,0.6106060743331909
1,decoder_masked,1,2,로봇을,1,선생님은,0.24961376190185547
1,decoder_masked,1,2,로봇을,2,로봇을,0.1397801637649536
1,decoder_masked,1,2,로봇을,3,좋아한다,0.0
1,decoder_masked,1,3,좋아한다,0,<SOS>,0.7661280035972595
1,decoder_masked,1,3,좋아한다,1,선생님은,0.030060427263379097
1,decoder_masked,1,3,좋아한다,2,로봇을,0.14999347925186157
1,decoder_masked,1,3,좋아한다,3,좋아한다,0.05381813272833824
1,decoder_cross,0,0,<SOS>,0,The,0.15595392882823944
1,decoder_cross,0,0,<SOS>,1,teacher,0.0950213074684143
1,decoder_cross,0,0,<SOS>,2,likes,0.48465532064437866
1,decoder_cross,0,0,<SOS>,3,robots,0.17581340670585632
1,decoder_cross,0,0,<SOS>,4,<EOS>,0.08855606615543365
1,decoder_cross,0,1,선생님은,0,The,0.22493509948253632
1,decoder_cross,0,1,선생님은,1,teacher,0.1635902374982834
1,decoder_cross,0,1,선생님은,2,likes,0.23607179522514343
1,decoder_cross,0,1,선생님은,3,robots,0.18040718138217926
1,decoder_cross,0,1,선생님은,4,<EOS>,0.19499574601650238
1,decoder_cross,0,2,로봇을,0,The,0.14090856909751892
1,decoder_cross,0,2,로봇을,1,teacher,0.1719367653131485
1,decoder_cross,0,2,로봇을,2,likes,0.31237518787384033
1,decoder_cross,0,2,로봇을,3,robots,0.2825722098350525
1,decoder_cross,0,2,로봇을,4,<EOS>,0.09220727533102036
1,decoder_cross,0,3,좋아한다,0,The,0.15973179042339325
1,decoder_cross,0,3,좋아한다,1,teacher,0.16642238199710846
1,decoder_cross,0,3,좋아한다,2,likes,0.3116285800933838
1,decoder_cross,0,3,좋아한다,3,robots,0.22834166884422302
1,decoder_cross,0,3,좋아한다,4,<EOS>,0.13387565314769745
1,decoder_cross,1,0,<SOS>,0,The,0.16759684681892395
1,decoder_cross,1,0,<SOS>,1,teacher,0.19200430810451508
1,decoder_cross,1,0,<SOS>,2,likes,0.2459089607000351
1,decoder_cross,1,0,<SOS>,3,robots,0.21264608204364777
1,decoder_cross,1,0,<SOS>,4,<EOS>,0.1818438321352005
1,decoder_cross,1,1,선생님은,0,The,0.21638770401477814
1,decoder_cross,1,1,선생님은,1,teacher,0.2239263504743576
1,decoder_cross,1,1,선생님은,2,likes,0.12471277266740799
1,decoder_cross,1,1,선생님은,3,robots,0.21341535449028015
1,decoder_cross,1,1,선생님은,4,<EOS>,0.2215578407049179
1,decoder_cross,1,2,로봇을,0,The,0.20222222805023193
1,decoder_cross,1,2,로봇을,1,teacher,0.17919407784938812
1,decoder_cross,1,2,로봇을,2,likes,0.25284284353256226
1,decoder_cross,1,2,로봇을,3,robots,0.18454594910144806
1,decoder_cross,1,2,로봇을,4,<EOS>,0.18119500577449799
1,decoder_cross,1,3,좋아한다,0,The,0.1997665911912918
1,decoder_cross,1,3,좋아한다,1,teacher,0.22106395661830902
1,decoder_cross,1,3,좋아한다,2,likes,0.18248608708381653
1,decoder_cross,1,3,좋아한다,3,robots,0.17642487585544586
1,decoder_cross,1,3,좋아한다,4,<EOS>,0.220258429646492
2,encoder_self,0,0,The,0,The,0.3686978220939636
2,encoder_self,0,0,The,1,teacher,0.011389425955712795
2,encoder_self,0,0,The,2,likes,0.005732245743274689
2,encoder_self,0,0,The,3,robots,0.06034372001886368
2,encoder_self,0,0,The,4,<EOS>,0.5538367629051208
2,encoder_self,0,1,teacher,0,The,0.03742098808288574
2,encoder_self,0,1,teacher,1,teacher,0.2743736207485199
2,encoder_self,0,1,teacher,2,likes,0.5140616297721863
2,encoder_self,0,1,teacher,3,robots,0.03900311887264252
2,encoder_self,0,1,teacher,4,<EOS>,0.13514064252376556
2,encoder_self,0,2,likes,0,The,0.11474191397428513
2,encoder_self,0,2,likes,1,teacher,0.39526674151420593
2,encoder_self,0,2,likes,2,likes,0.1208273395895958
2,encoder_self,0,2,likes,3,robots,0.2004520744085312
2,encoder_self,0,2,likes,4,<EOS>,0.16871193051338196
2,encoder_self,0,3,robots,0,The,0.004496732261031866
2,encoder_self,0,3,robots,1,teacher,0.09425470978021622
2,encoder_self,0,3,robots,2,likes,0.6059221029281616
2,encoder_self,0,3,robots,3,robots,0.2838928997516632
2,encoder_self,0,3,robots,4,<EOS>,0.011433602310717106
2,encoder_self,0,4,<EOS>,0,The,0.15540345013141632
2,encoder_self,0,4,<EOS>,1,teacher,0.1259685903787613
2,encoder_self,0,4,<EOS>,2,likes,0.07305263727903366
2,encoder_self,0,4,<EOS>,3,robots,0.13772150874137878
2,encoder_self,0,4,<EOS>,4,<EOS>,0.5078538060188293
2,encoder_self,1,0,The,0,The,0.015013418160378933
2,encoder_self,1,0,The,1,teacher,0.00013292121002450585
2,encoder_self,1,0,The,2,likes,6.931591633474454e-05
2,encoder_self,1,0,The,3,robots,0.9743105173110962
2,encoder_self,1,0,The,4,<EOS>,0.010473825968801975
2,encoder_self,1,1,teacher,0,The,0.18200235068798065
2,encoder_self,1,1,teacher,1,teacher,0.1748976707458496
2,encoder_self,1,1,teacher,2,likes,0.30529335141181946
2,encoder_self,1,1,teacher,3,robots,0.07347510010004044
2,encoder_self,1,1,teacher,4,<EOS>,0.26433151960372925
2,encoder_self,1,2,likes,0,The,0.08066671341657639
2,encoder_self,1,2,likes,1,teacher,0.28345781564712524
2,encoder_self,1,2,likes,2,likes,0.5138259530067444
2,encoder_self,1,2,likes,3,robots,0.036737650632858276
2,encoder_self,1,2,likes,4,<EOS>,0.0853118821978569
2,encoder_self,1,3,robots,0,The,0.07056374102830887
2,encoder_self,1,3,robots,1,teacher,0.2839585840702057
2,encoder_self,1,3,robots,2,likes,0.31825149059295654
2,encoder_self,1,3,robots,3,robots,0.0015486105112358928
2,encoder_self,1,3,robots,4,<EOS>,0.3256776034832001
2,encoder_self,1,4,<EOS>,0,The,0.020599618554115295
2,encoder_self,1,4,<EOS>,1,teacher,0.00038693042006343603
2,encoder_self,1,4,<EOS>,2,likes,0.0003812648938037455
2,encoder_self,1,4,<EOS>,3,robots,0.9692478179931641
2,encoder_self,1,4,<EOS>,4,<EOS>,0.009384453296661377
2,decoder_masked,0,0,<SOS>,0,<SOS>,1.0
2,decoder_masked,0,0,<SOS>,1,선생님은,0.0
2,decoder_masked,0,0,<SOS>,2,로봇을,0.0
2,decoder_masked,0,0,<SOS>,3,좋아한다,0.0
2,decoder_masked,0,1,선생님은,0,<SOS>,0.5494393706321716
2,decoder_masked,0,1,선생님은,1,선생님은,0.45056068897247314
2,decoder_masked,0,1,선생님은,2,로봇을,0.0
2,decoder_masked,0,1,선생님은,3,좋아한다,0.0
2,decoder_masked,0,2,로봇을,0,<SOS>,0.11110444366931915
2,decoder_masked,0,2,로봇을,1,선생님은,0.7786347270011902
2,decoder_masked,0,2,로봇을,2,로봇을,0.11026083678007126
2,decoder_masked,0,2,로봇을,3,좋아한다,0.0
2,decoder_masked,0,3,좋아한다,0,<SOS>,0.9702327251434326
2,decoder_masked,0,3,좋아한다,1,선생님은,0.011327575892210007
2,decoder_masked,0,3,좋아한다,2,로봇을,0.009804101660847664
2,decoder_masked,0,3,좋아한다,3,좋아한다,0.008635594509541988
2,decoder_masked,1,0,<SOS>,0,<SOS>,1.0
2,decoder_masked,1,0,<SOS>,1,선생님은,0.0
2,decoder_masked,1,0,<SOS>,2,로봇을,0.0
2,decoder_masked,1,0,<SOS>,3,좋아한다,0.0
2,decoder_masked,1,1,선생님은,0,<SOS>,0.911453902721405
2,decoder_masked,1,1,선생님은,1,선생님은,0.08854606002569199
2,decoder_masked,1,1,선생님은,2,로봇을,0.0
2,decoder_masked,1,1,선생님은,3,좋아한다,0.0
2,decoder_masked,1,2,로봇을,0,<SOS>,0.6176599860191345
2,decoder_masked,1,2,로봇을,1,선생님은,0.24470937252044678
2,decoder_masked,1,2,로봇을,2,로봇을,0.13763071596622467
2,decoder_masked,1,2,로봇을,3,좋아한다,0.0
2,decoder_masked,1,3,좋아한다,0,<SOS>,0.7497360706329346
2,decoder_masked,1,3,좋아한다,1,선생님은,0.03261566907167435
2,decoder_masked,1,3,좋아한다,2,로봇을,0.16129940748214722
2,decoder_masked,1,3,좋아한다,3,좋아한다,0.05634896084666252
2,decoder_cross,0,0,<SOS>,0,The,0.1577928215265274
2,decoder_cross,0,0,<SOS>,1,teacher,0.09436791390180588
2,decoder_cross,0,0,<SOS>,2,likes,0.48411136865615845
2,decoder_cross,0,0,<SOS>,3,robots,0.17470860481262207
2,decoder_cross,0,0,<SOS>,4,<EOS>,0.089019276201725
2,decoder_cross,0,1,선생님은,0,The,0.22711792588233948
2,decoder_cross,0,1,선생님은,1,teacher,0.1615922898054123
2,decoder_cross,0,1,선생님은,2,likes,0.23737241327762604
2,decoder_cross,0,1,선생님은,3,robots,0.1789676398038864
2,decoder_cross,0,1,선생님은,4,<EOS>,0.19494976103305817
2,decoder_cross,0,2,로봇을,0,The,0.1416144222021103
2,decoder_cross,0,2,로봇을,1,teacher,0.1707206815481186
2,decoder_cross,0,2,로봇을,2,likes,0.31395208835601807
2,decoder_cross,0,2,로봇을,3,robots,0.28162774443626404
2,decoder_cross,0,2,로봇을,4,<EOS>,0.09208492934703827
2,decoder_cross,0,3,좋아한다,0,The,0.16248397529125214
2,decoder_cross,0,3,좋아한다,1,teacher,0.16423365473747253
2,decoder_cross,0,3,좋아한다,2,likes,0.3127146363258362
2,decoder_cross,0,3,좋아한다,3,robots,0.22595901787281036
2,decoder_cross,0,3,좋아한다,4,<EOS>,0.13460873067378998
2,decoder_cross,1,0,<SOS>,0,The,0.16800597310066223
2,decoder_cross,1,0,<SOS>,1,teacher,0.19201424717903137
2,decoder_cross,1,0,<SOS>,2,likes,0.24486561119556427
2,decoder_cross,1,0,<SOS>,3,robots,0.21331515908241272
2,decoder_cross,1,0,<SOS>,4,<EOS>,0.1817990094423294
2,decoder_cross,1,1,선생님은,0,The,0.21653129160404205
2,decoder_cross,1,1,선생님은,1,teacher,0.22354108095169067
2,decoder_cross,1,1,선생님은,2,likes,0.12465959787368774
2,decoder_cross,1,1,선생님은,3,robots,0.2141363024711609
2,decoder_cross,1,1,선생님은,4,<EOS>,0.22113178670406342
2,decoder_cross,1,2,로봇을,0,The,0.20187290012836456
2,decoder_cross,1,2,로봇을,1,teacher,0.17908169329166412
2,decoder_cross,1,2,로봇을,2,likes,0.25346699357032776
2,decoder_cross,1,2,로봇을,3,robots,0.1845351904630661
2,decoder_cross,1,2,로봇을,4,<EOS>,0.18104317784309387
2,decoder_cross,1,3,좋아한다,0,The,0.20012934505939484
2,decoder_cross,1,3,좋아한다,1,teacher,0.22087429463863373
2,decoder_cross,1,3,좋아한다,2,likes,0.18168160319328308
2,decoder_cross,1,3,좋아한다,3,robots,0.17741839587688446
2,decoder_cross,1,3,좋아한다,4,<EOS>,0.2198963463306427
3,encoder_self,0,0,The,0,The,0.36612316966056824
3,encoder_self,0,0,The,1,teacher,0.01167717669159174
3,encoder_self,0,0,The,2,likes,0.005712477490305901
3,encoder_self,0,0,The,3,robots,0.05831635743379593
3,encoder_self,0,0,The,4,<EOS>,0.5581707954406738
3,encoder_self,0,1,teacher,0,The,0.037172507494688034
3,encoder_self,0,1,teacher,1,teacher,0.2799801230430603
3,encoder_self,0,1,teacher,2,likes,0.5077257752418518
3,encoder_self,0,1,teacher,3,robots,0.03862204775214195
3,encoder_self,0,1,teacher,4,<EOS>,0.13649949431419373
3,encoder_self,0,2,likes,0,The,0.11418729275465012
3,encoder_self,0,2,likes,1,teacher,0.3955855965614319
3,encoder_self,0,2,likes,2,likes,0.12028726935386658
3,encoder_self,0,2,likes,3,robots,0.2016109973192215
3,encoder_self,0,2,likes,4,<EOS>,0.16832877695560455
3,encoder_self,0,3,robots,0,The,0.0046085175126791
3,encoder_self,0,3,robots,1,teacher,0.09465384483337402
3,encoder_self,0,3,robots,2,likes,0.6099224090576172
3,encoder_self,0,3,robots,3,robots,0.2791541814804077
3,encoder_self,0,3,robots,4,<EOS>,0.011661111377179623
3,encoder_self,0,4,<EOS>,0,The,0.15374667942523956
3,encoder_self,0,4,<EOS>,1,teacher,0.12886115908622742
3,encoder_self,0,4,<EOS>,2,likes,0.072209931910038
3,encoder_self,0,4,<EOS>,3,robots,0.13344791531562805
3,encoder_self,0,4,<EOS>,4,<EOS>,0.5117342472076416
3,encoder_self,1,0,The,0,The,0.01520575862377882
3,encoder_self,1,0,The,1,teacher,0.000134563772007823
3,encoder_self,1,0,The,2,likes,6.998694880167022e-05
3,encoder_self,1,0,The,3,robots,0.974003255367279
3,encoder_self,1,0,The,4,<EOS>,0.010586517862975597
3,encoder_self,1,1,teacher,0,The,0.1818522959947586
3,encoder_self,1,1,teacher,1,teacher,0.17514486610889435
3,encoder_self,1,1,teacher,2,likes,0.30538371205329895
3,encoder_self,1,1,teacher,3,robots,0.07316946983337402
3,encoder_self,1,1,teacher,4,<EOS>,0.26444971561431885
3,encoder_self,1,2,likes,0,The,0.08063337951898575
3,encoder_self,1,2,likes,1,teacher,0.28327643871307373
3,encoder_self,1,2,likes,2,likes,0.5139490365982056
3,encoder_self,1,2,likes,3,robots,0.03685467690229416
3,encoder_self,1,2,likes,4,<EOS>,0.085286445915699
3,encoder_self,1,3,robots,0,The,0.07071452587842941
3,encoder_self,1,3,robots,1,teacher,0.28416886925697327
3,encoder_self,1,3,robots,2,likes,0.3171934485435486
3,encoder_self,1,3,robots,3,robots,0.0015572403790429235
3,encoder_self,1,3,robots,4,<EOS>,0.3263658583164215
3,encoder_self,1,4,<EOS>,0,The,0.020856402814388275
3,encoder_self,1,4,<EOS>,1,teacher,0.00039295796887017787
3,encoder_self,1,4,<EOS>,2,likes,0.0003868041094392538
3,encoder_self,1,4,<EOS>,3,robots,0.9688547849655151
3,encoder_self,1,4,<EOS>,4,<EOS>,0.009509003721177578
3,decoder_masked,0,0,<SOS>,0,<SOS>,1.0
3,decoder_masked,0,0,<SOS>,1,선생님은,0.0
3,decoder_masked,0,0,<SOS>,2,로봇을,0.0
3,decoder_masked,0,0,<SOS>,3,좋아한다,0.0
3,decoder_masked,0,1,선생님은,0,<SOS>,0.5526389479637146
3,decoder_masked,0,1,선생님은,1,선생님은,0.4473610818386078
3,decoder_masked,0,1,선생님은,2,로봇을,0.0
3,decoder_masked,0,1,선생님은,3,좋아한다,0.0
3,decoder_masked,0,2,로봇을,0,<SOS>,0.161097913980484
3,decoder_masked,0,2,로봇을,1,선생님은,0.7372952103614807
3,decoder_masked,0,2,로봇을,2,로봇을,0.10160689800977707
3,decoder_masked,0,2,로봇을,3,좋아한다,0.0
3,decoder_masked,0,3,좋아한다,0,<SOS>,0.9752584099769592
3,decoder_masked,0,3,좋아한다,1,선생님은,0.009407665580511093
3,decoder_masked,0,3,좋아한다,2,로봇을,0.008173809386789799
3,decoder_masked,0,3,좋아한다,3,좋아한다,0.007160176057368517
3,decoder_masked,1,0,<SOS>,0,<SOS>,1.0
3,decoder_masked,1,0,<SOS>,1,선생님은,0.0
3,decoder_masked,1,0,<SOS>,2,로봇을,0.0
3,decoder_masked,1,0,<SOS>,3,좋아한다,0.0
3,decoder_masked,1,1,선생님은,0,<SOS>,0.9045261144638062
3,decoder_masked,1,1,선생님은,1,선생님은,0.09547387808561325
3,decoder_masked,1,1,선생님은,2,로봇을,0.0
3,decoder_masked,1,1,선생님은,3,좋아한다,0.0
3,decoder_masked,1,2,로봇을,0,<SOS>,0.6256813406944275
3,decoder_masked,1,2,로봇을,1,선생님은,0.24314545094966888
3,decoder_masked,1,2,로봇을,2,로봇을,0.13117320835590363
3,decoder_masked,1,2,로봇을,3,좋아한다,0.0
3,decoder_masked,1,3,좋아한다,0,<SOS>,0.6910468339920044
3,decoder_masked,1,3,좋아한다,1,선생님은,0.03904828056693077
3,decoder_masked,1,3,좋아한다,2,로봇을,0.20636902749538422
3,decoder_masked,1,3,좋아한다,3,좋아한다,0.06353574246168137
3,decoder_cross,0,0,<SOS>,0,The,0.15960624814033508
3,decoder_cross,0,0,<SOS>,1,teacher,0.09409337490797043
3,decoder_cross,0,0,<SOS>,2,likes,0.48323768377304077
3,decoder_cross,0,0,<SOS>,3,robots,0.17372994124889374
3,decoder_cross,0,0,<SOS>,4,<EOS>,0.08933275192975998
3,decoder_cross,0,1,선생님은,0,The,0.2289249300956726
3,decoder_cross,0,1,선생님은,1,teacher,0.15970593690872192
3,decoder_cross,0,1,선생님은,2,likes,0.23913653194904327
3,decoder_cross,0,1,선생님은,3,robots,0.17811068892478943
3,decoder_cross,0,1,선생님은,4,<EOS>,0.19412198662757874
3,decoder_cross,0,2,로봇을,0,The,0.14048412442207336
3,decoder_cross,0,2,로봇을,1,teacher,0.1702827513217926
3,decoder_cross,0,2,로봇을,2,likes,0.31720495223999023
3,decoder_cross,0,2,로봇을,3,robots,0.28110483288764954
3,decoder_cross,0,2,로봇을,4,<EOS>,0.09092336148023605
3,decoder_cross,0,3,좋아한다,0,The,0.16721129417419434
3,decoder_cross,0,3,좋아한다,1,teacher,0.16119036078453064
3,decoder_cross,0,3,좋아한다,2,likes,0.3137195408344269
3,decoder_cross,0,3,좋아한다,3,robots,0.221822127699852
3,decoder_cross,0,3,좋아한다,4,<EOS>,0.13605670630931854
3,decoder_cross,1,0,<SOS>,0,The,0.1683637499809265
3,decoder_cross,1,0,<SOS>,1,teacher,0.19247515499591827
3,decoder_cross,1,0,<SOS>,2,likes,0.24300098419189453
3,decoder_cross,1,0,<SOS>,3,robots,0.21432161331176758
3,decoder_cross,1,0,<SOS>,4,<EOS>,0.18183840811252594
3,decoder_cross,1,1,선생님은,0,The,0.2162920981645584
3,decoder_cross,1,1,선생님은,1,teacher,0.22331777215003967
3,decoder_cross,1,1,선생님은,2,likes,0.12545308470726013
3,decoder_cross,1,1,선생님은,3,robots,0.21452300250530243
3,decoder_cross,1,1,선생님은,4,<EOS>,0.22041399776935577
3,decoder_cross,1,2,로봇을,0,The,0.20022517442703247
3,decoder_cross,1,2,로봇을,1,teacher,0.17899258434772491
3,decoder_cross,1,2,로봇을,2,likes,0.25539925694465637
3,decoder_cross,1,2,로봇을,3,robots,0.1848761886358261
3,decoder_cross,1,2,로봇을,4,<EOS>,0.18050681054592133
3,decoder_cross,1,3,좋아한다,0,The,0.20024804770946503
3,decoder_cross,1,3,좋아한다,1,teacher,0.22049592435359955
3,decoder_cross,1,3,좋아한다,2,likes,0.18147704005241394
3,decoder_cross,1,3,좋아한다,3,robots,0.1788875311613083
3,decoder_cross,1,3,좋아한다,4,<EOS>,0.2188914269208908
4,encoder_self,0,0,The,0,The,0.3660801351070404
4,encoder_self,0,0,The,1,teacher,0.011779827065765858
4,encoder_self,0,0,The,2,likes,0.00577028002589941
4,encoder_self,0,0,The,3,robots,0.05842316895723343
4,encoder_self,0,0,The,4,<EOS>,0.5579466223716736
4,encoder_self,0,1,teacher,0,The,0.037107352167367935
4,encoder_self,0,1,teacher,1,teacher,0.2831824719905853
4,encoder_self,0,1,teacher,2,likes,0.5035482048988342
4,encoder_self,0,1,teacher,3,robots,0.03877018019556999
4,encoder_self,0,1,teacher,4,<EOS>,0.1373918056488037
4,encoder_self,0,2,likes,0,The,0.11406902223825455
4,encoder_self,0,2,likes,1,teacher,0.39612409472465515
4,encoder_self,0,2,likes,2,likes,0.12027131766080856
4,encoder_self,0,2,likes,3,robots,0.20113544166088104
4,encoder_self,0,2,likes,4,<EOS>,0.1684001386165619
4,encoder_self,0,3,robots,0,The,0.004611784126609564
4,encoder_self,0,3,robots,1,teacher,0.09428434073925018
4,encoder_self,0,3,robots,2,likes,0.6104243397712708
4,encoder_self,0,3,robots,3,robots,0.27903640270233154
4,encoder_self,0,3,robots,4,<EOS>,0.011643115431070328
4,encoder_self,0,4,<EOS>,0,The,0.15299755334854126
4,encoder_self,0,4,<EOS>,1,teacher,0.1298603117465973
4,encoder_self,0,4,<EOS>,2,likes,0.07183343917131424
4,encoder_self,0,4,<EOS>,3,robots,0.1335337907075882
4,encoder_self,0,4,<EOS>,4,<EOS>,0.5117749571800232
4,encoder_self,1,0,The,0,The,0.015200195834040642
4,encoder_self,1,0,The,1,teacher,0.00013530231080949306
4,encoder_self,1,0,The,2,likes,7.038120384095237e-05
4,encoder_self,1,0,The,3,robots,0.9740146994590759
4,encoder_self,1,0,The,4,<EOS>,0.010579384863376617
4,encoder_self,1,1,teacher,0,The,0.1818624883890152
4,encoder_self,1,1,teacher,1,teacher,0.17505182325839996
4,encoder_self,1,1,teacher,2,likes,0.3054676353931427
4,encoder_self,1,1,teacher,3,robots,0.07330908626317978
4,encoder_self,1,1,teacher,4,<EOS>,0.26430895924568176
4,encoder_self,1,2,likes,0,The,0.08071531355381012
4,encoder_self,1,2,likes,1,teacher,0.2833731472492218
4,encoder_self,1,2,likes,2,likes,0.5136688351631165
4,encoder_self,1,2,likes,3,robots,0.03681320324540138
4,encoder_self,1,2,likes,4,<EOS>,0.08542945235967636
4,encoder_self,1,3,robots,0,The,0.07077880203723907
4,encoder_self,1,3,robots,1,teacher,0.28419798612594604
4,encoder_self,1,3,robots,2,likes,0.31726083159446716
4,encoder_self,1,3,robots,3,robots,0.0015583551721647382
4,encoder_self,1,3,robots,4,<EOS>,0.32620400190353394
4,encoder_self,1,4,<EOS>,0,The,0.02082456275820732
4,encoder_self,1,4,<EOS>,1,teacher,0.000393987400457263
4,encoder_self,1,4,<EOS>,2,likes,0.0003881820593960583
4,encoder_self,1,4,<EOS>,3,robots,0.9688929319381714
4,encoder_self,1,4,<EOS>,4,<EOS>,0.009500346146523952
4,decoder_masked,0,0,<SOS>,0,<SOS>,1.0
4,decoder_masked,0,0,<SOS>,1,선생님은,0.0
4,decoder_masked,0,0,<SOS>,2,로봇을,0.0
4,decoder_masked,0,0,<SOS>,3,좋아한다,0.0
4,decoder_masked,0,1,선생님은,0,<SOS>,0.5482155084609985
4,decoder_masked,0,1,선생님은,1,선생님은,0.45178455114364624
4,decoder_masked,0,1,선생님은,2,로봇을,0.0
4,decoder_masked,0,1,선생님은,3,좋아한다,0.0
4,decoder_masked,0,2,로봇을,0,<SOS>,0.14219889044761658
4,decoder_masked,0,2,로봇을,1,선생님은,0.7532171607017517
4,decoder_masked,0,2,로봇을,2,로봇을,0.1045839935541153
4,decoder_masked,0,2,로봇을,3,좋아한다,0.0
4,decoder_masked,0,3,좋아한다,0,<SOS>,0.9715894460678101
4,decoder_masked,0,3,좋아한다,1,선생님은,0.010714001953601837
4,decoder_masked,0,3,좋아한다,2,로봇을,0.009450609795749187
4,decoder_masked,0,3,좋아한다,3,좋아한다,0.008245913311839104
4,decoder_masked,1,0,<SOS>,0,<SOS>,1.0
4,decoder_masked,1,0,<SOS>,1,선생님은,0.0
4,decoder_masked,1,0,<SOS>,2,로봇을,0.0
4,decoder_masked,1,0,<SOS>,3,좋아한다,0.0
4,decoder_masked,1,1,선생님은,0,<SOS>,0.903445303440094
4,decoder_masked,1,1,선생님은,1,선생님은,0.09655465185642242
4,decoder_masked,1,1,선생님은,2,로봇을,0.0
4,decoder_masked,1,1,선생님은,3,좋아한다,0.0
4,decoder_masked,1,2,로봇을,0,<SOS>,0.6237068176269531
4,decoder_masked,1,2,로봇을,1,선생님은,0.24407444894313812
4,decoder_masked,1,2,로봇을,2,로봇을,0.13221873342990875
4,decoder_masked,1,2,로봇을,3,좋아한다,0.0
4,decoder_masked,1,3,좋아한다,0,<SOS>,0.6898642182350159
4,decoder_masked,1,3,좋아한다,1,선생님은,0.03933320939540863
4,decoder_masked,1,3,좋아한다,2,로봇을,0.207939013838768
4,decoder_masked,1,3,좋아한다,3,좋아한다,0.06286359578371048
4,decoder_cross,0,0,<SOS>,0,The,0.1619742512702942
4,decoder_cross,0,0,<SOS>,1,teacher,0.09362354129552841
4,decoder_cross,0,0,<SOS>,2,likes,0.4821251928806305
4,decoder_cross,0,0,<SOS>,3,robots,0.17258262634277344
4,decoder_cross,0,0,<SOS>,4,<EOS>,0.08969445526599884
4,decoder_cross,0,1,선생님은,0,The,0.23189230263233185
4,decoder_cross,0,1,선생님은,1,teacher,0.15956158936023712
4,decoder_cross,0,1,선생님은,2,likes,0.2358711063861847
4,decoder_cross,0,1,선생님은,3,robots,0.17700354754924774
4,decoder_cross,0,1,선생님은,4,<EOS>,0.19567140936851501
4,decoder_cross,0,2,로봇을,0,The,0.14282411336898804
4,decoder_cross,0,2,로봇을,1,teacher,0.1709120124578476
4,decoder_cross,0,2,로봇을,2,likes,0.31419986486434937
4,decoder_cross,0,2,로봇을,3,robots,0.2797606587409973
4,decoder_cross,0,2,로봇을,4,<EOS>,0.0923033207654953
4,decoder_cross,0,3,좋아한다,0,The,0.1713254749774933
4,decoder_cross,0,3,좋아한다,1,teacher,0.16036446392536163
4,decoder_cross,0,3,좋아한다,2,likes,0.310814768075943
4,decoder_cross,0,3,좋아한다,3,robots,0.21962428092956543
4,decoder_cross,0,3,좋아한다,4,<EOS>,0.13787105679512024
4,decoder_cross,1,0,<SOS>,0,The,0.16916009783744812
4,decoder_cross,1,0,<SOS>,1,teacher,0.19296635687351227
4,decoder_cross,1,0,<SOS>,2,likes,0.23966211080551147
4,decoder_cross,1,0,<SOS>,3,robots,0.21619440615177155
4,decoder_cross,1,0,<SOS>,4,<EOS>,0.18201705813407898
4,decoder_cross,1,1,선생님은,0,The,0.2172994762659073
4,decoder_cross,1,1,선생님은,1,teacher,0.22265906631946564
4,decoder_cross,1,1,선생님은,2,likes,0.12430886179208755
4,decoder_cross,1,1,선생님은,3,robots,0.21578390896320343
4,decoder_cross,1,1,선생님은,4,<EOS>,0.2199486941099167
4,decoder_cross,1,2,로봇을,0,The,0.20134295523166656
4,decoder_cross,1,2,로봇을,1,teacher,0.1792673021554947
4,decoder_cross,1,2,로봇을,2,likes,0.25263887643814087
4,decoder_cross,1,2,로봇을,3,robots,0.18592919409275055
4,decoder_cross,1,2,로봇을,4,<EOS>,0.18082156777381897
4,decoder_cross,1,3,좋아한다,0,The,0.20177102088928223
4,decoder_cross,1,3,좋아한다,1,teacher,0.2206975221633911
4,decoder_cross,1,3,좋아한다,2,likes,0.17776474356651306
4,decoder_cross,1,3,좋아한다,3,robots,0.18080444633960724
4,decoder_cross,1,3,좋아한다,4,<EOS>,0.21896226704120636
5,encoder_self,0,0,The,0,The,0.3651970326900482
5,encoder_self,0,0,The,1,teacher,0.011903153732419014
5,encoder_self,0,0,The,2,likes,0.005762278567999601
5,encoder_self,0,0,The,3,robots,0.0584486722946167
5,encoder_self,0,0,The,4,<EOS>,0.5586888194084167
5,encoder_self,0,1,teacher,0,The,0.037250109016895294
5,encoder_self,0,1,teacher,1,teacher,0.288699209690094
5,encoder_self,0,1,teacher,2,likes,0.49559298157691956
5,encoder_self,0,1,teacher,3,robots,0.038922544568777084
5,encoder_self,0,1,teacher,4,<EOS>,0.13953518867492676
5,encoder_self,0,2,likes,0,The,0.11388755589723587
5,encoder_self,0,2,likes,1,teacher,0.39715319871902466
5,encoder_self,0,2,likes,2,likes,0.11940719932317734
5,encoder_self,0,2,likes,3,robots,0.20079419016838074
5,encoder_self,0,2,likes,4,<EOS>,0.16875793039798737
5,encoder_self,0,3,robots,0,The,0.004609656520187855
5,encoder_self,0,3,robots,1,teacher,0.09344716370105743
5,encoder_self,0,3,robots,2,likes,0.6119287610054016
5,encoder_self,0,3,robots,3,robots,0.27842196822166443
5,encoder_self,0,3,robots,4,<EOS>,0.011592474766075611
5,encoder_self,0,4,<EOS>,0,The,0.1520771086215973
5,encoder_self,0,4,<EOS>,1,teacher,0.1311986744403839
5,encoder_self,0,4,<EOS>,2,likes,0.07064013928174973
5,encoder_self,0,4,<EOS>,3,robots,0.13302789628505707
5,encoder_self,0,4,<EOS>,4,<EOS>,0.5130561590194702
5,encoder_self,1,0,The,0,The,0.015330732800066471
5,encoder_self,1,0,The,1,teacher,0.00013446454249788076
5,encoder_self,1,0,The,2,likes,6.937210855539888e-05
5,encoder_self,1,0,The,3,robots,0.9738662242889404
5,encoder_self,1,0,The,4,<EOS>,0.010599209927022457
5,encoder_self,1,1,teacher,0,The,0.18101584911346436
5,encoder_self,1,1,teacher,1,teacher,0.17527344822883606
5,encoder_self,1,1,teacher,2,likes,0.3069072365760803
5,encoder_self,1,1,teacher,3,robots,0.07338668406009674
5,encoder_self,1,1,teacher,4,<EOS>,0.26341673731803894
5,encoder_self,1,2,likes,0,The,0.08011410385370255
5,encoder_self,1,2,likes,1,teacher,0.28307461738586426
5,encoder_self,1,2,likes,2,likes,0.5151053071022034
5,encoder_self,1,2,likes,3,robots,0.0366777628660202
5,encoder_self,1,2,likes,4,<EOS>,0.08502820134162903
5,encoder_self,1,3,robots,0,The,0.07056008279323578
5,encoder_self,1,3,robots,1,teacher,0.28461065888404846
5,encoder_self,1,3,robots,2,likes,0.31821173429489136
5,encoder_self,1,3,robots,3,robots,0.0015585697256028652
5,encoder_self,1,3,robots,4,<EOS>,0.3250589966773987
5,encoder_self,1,4,<EOS>,0,The,0.020914454013109207
5,encoder_self,1,4,<EOS>,1,teacher,0.00039366542478092015
5,encoder_self,1,4,<EOS>,2,likes,0.0003861974400933832
5,encoder_self,1,4,<EOS>,3,robots,0.9687827825546265
5,encoder_self,1,4,<EOS>,4,<EOS>,0.009522853419184685
5,decoder_masked,0,0,<SOS>,0,<SOS>,1.0
5,decoder_masked,0,0,<SOS>,1,선생님은,0.0
5,decoder_masked,0,0,<SOS>,2,로봇을,0.0
5,decoder_masked,0,0,<SOS>,3,좋아한다,0.0
5,decoder_masked,0,1,선생님은,0,<SOS>,0.5438617467880249
5,decoder_masked,0,1,선생님은,1,선생님은,0.4561382830142975
5,decoder_masked,0,1,선생님은,2,로봇을,0.0
5,decoder_masked,0,1,선생님은,3,좋아한다,0.0
5,decoder_masked,0,2,로봇을,0,<SOS>,0.1279173195362091
5,decoder_masked,0,2,로봇을,1,선생님은,0.7644989490509033
5,decoder_masked,0,2,로봇을,2,로봇을,0.10758363455533981
5,decoder_masked,0,2,로봇을,3,좋아한다,0.0
5,decoder_masked,0,3,좋아한다,0,<SOS>,0.9690179228782654
5,decoder_masked,0,3,좋아한다,1,선생님은,0.011502407491207123
5,decoder_masked,0,3,좋아한다,2,로봇을,0.010423638857901096
5,decoder_masked,0,3,좋아한다,3,좋아한다,0.009056001901626587
5,decoder_masked,1,0,<SOS>,0,<SOS>,1.0
5,decoder_masked,1,0,<SOS>,1,선생님은,0.0
5,decoder_masked,1,0,<SOS>,2,로봇을,0.0
5,decoder_masked,1,0,<SOS>,3,좋아한다,0.0
5,decoder_masked,1,1,선생님은,0,<SOS>,0.8977273106575012
5,decoder_masked,1,1,선생님은,1,선생님은,0.10227267444133759
5,decoder_masked,1,1,선생님은,2,로봇을,0.0
5,decoder_masked,1,1,선생님은,3,좋아한다,0.0
5,decoder_masked,1,2,로봇을,0,<SOS>,0.6270838975906372
5,decoder_masked,1,2,로봇을,1,선생님은,0.24173259735107422
5,decoder_masked,1,2,로봇을,2,로봇을,0.1311834752559662
5,decoder_masked,1,2,로봇을,3,좋아한다,0.0
5,decoder_masked,1,3,좋아한다,0,<SOS>,0.660071074962616
5,decoder_masked,1,3,좋아한다,1,선생님은,0.04379648342728615
5,decoder_masked,1,3,좋아한다,2,로봇을,0.22988183796405792
5,decoder_masked,1,3,좋아한다,3,좋아한다,0.06625069677829742
5,decoder_cross,0,0,<SOS>,0,The,0.16491247713565826
5,decoder_cross,0,0,<SOS>,1,teacher,0.09277153760194778
5,decoder_cross,0,0,<SOS>,2,likes,0.4811524450778961
5,decoder_cross,0,0,<SOS>,3,robots,0.17075051367282867
5,decoder_cross,0,0,<SOS>,4,<EOS>,0.09041299670934677
5,decoder_cross,0,1,선생님은,0,The,0.23506782948970795
5,decoder_cross,0,1,선생님은,1,teacher,0.1580819934606552
5,decoder_cross,0,1,선생님은,2,likes,0.2350568175315857
5,decoder_cross,0,1,선생님은,3,robots,0.17526240646839142
5,decoder_cross,0,1,선생님은,4,<EOS>,0.19653087854385376
5,decoder_cross,0,2,로봇을,0,The,0.14481614530086517
5,decoder_cross,0,2,로봇을,1,teacher,0.17030216753482819
5,decoder_cross,0,2,로봇을,2,likes,0.3137882649898529
5,decoder_cross,0,2,로봇을,3,robots,0.278009295463562
5,decoder_cross,0,2,로봇을,4,<EOS>,0.0930841714143753
5,decoder_cross,0,3,좋아한다,0,The,0.17645929753780365
5,decoder_cross,0,3,좋아한다,1,teacher,0.15806718170642853
5,decoder_cross,0,3,좋아한다,2,likes,0.3095071613788605
5,decoder_cross,0,3,좋아한다,3,robots,0.2160814255475998
5,decoder_cross,0,3,좋아한다,4,<EOS>,0.13988490402698517
5,decoder_cross,1,0,<SOS>,0,The,0.17008019983768463
5,decoder_cross,1,0,<SOS>,1,teacher,0.19332128763198853
5,decoder_cross,1,0,<SOS>,2,likes,0.23666252195835114
5,decoder_cross,1,0,<SOS>,3,robots,0.2177080363035202
5,decoder_cross,1,0,<SOS>,4,<EOS>,0.1822279691696167
5,decoder_cross,1,1,선생님은,0,The,0.21799339354038239
5,decoder_cross,1,1,선생님은,1,teacher,0.22194795310497284
5,decoder_cross,1,1,선생님은,2,likes,0.12357932329177856
5,decoder_cross,1,1,선생님은,3,robots,0.21680039167404175
5,decoder_cross,1,1,선생님은,4,<EOS>,0.21967893838882446
5,decoder_cross,1,2,로봇을,0,The,0.20206370949745178
5,decoder_cross,1,2,로봇을,1,teacher,0.17939500510692596
5,decoder_cross,1,2,로봇을,2,likes,0.25091493129730225
5,decoder_cross,1,2,로봇을,3,robots,0.18661315739154816
5,decoder_cross,1,2,로봇을,4,<EOS>,0.18101316690444946
5,decoder_cross,1,3,좋아한다,0,The,0.20321400463581085
5,decoder_cross,1,3,좋아한다,1,teacher,0.22058536112308502
5,decoder_cross,1,3,좋아한다,2,likes,0.17458750307559967
5,decoder_cross,1,3,좋아한다,3,robots,0.18271827697753906
5,decoder_cross,1,3,좋아한다,4,<EOS>,0.2188948541879654
6,encoder_self,0,0,The,0,The,0.36479389667510986
6,encoder_self,0,0,The,1,teacher,0.01194172166287899
6,encoder_self,0,0,The,2,likes,0.005685776472091675
6,encoder_self,0,0,The,3,robots,0.05888846144080162
6,encoder_self,0,0,The,4,<EOS>,0.5586901903152466
6,encoder_self,0,1,teacher,0,The,0.03712241351604462
6,encoder_self,0,1,teacher,1,teacher,0.2901751399040222
6,encoder_self,0,1,teacher,2,likes,0.49437206983566284
6,encoder_self,0,1,teacher,3,robots,0.039073601365089417
6,encoder_self,0,1,teacher,4,<EOS>,0.13925671577453613
6,encoder_self,0,2,likes,0,The,0.11422648280858994
6,encoder_self,0,2,likes,1,teacher,0.3967030942440033
6,encoder_self,0,2,likes,2,likes,0.11952563375234604
6,encoder_self,0,2,likes,3,robots,0.20038244128227234
6,encoder_self,0,2,likes,4,<EOS>,0.16916227340698242
6,encoder_self,0,3,robots,0,The,0.004632667172700167
6,encoder_self,0,3,robots,1,teacher,0.09367593377828598
6,encoder_self,0,3,robots,2,likes,0.6102726459503174
6,encoder_self,0,3,robots,3,robots,0.2797797918319702
6,encoder_self,0,3,robots,4,<EOS>,0.011638842523097992
6,encoder_self,0,4,<EOS>,0,The,0.15158584713935852
6,encoder_self,0,4,<EOS>,1,teacher,0.13198956847190857
6,encoder_self,0,4,<EOS>,2,likes,0.06987111270427704
6,encoder_self,0,4,<EOS>,3,robots,0.134211465716362
6,encoder_self,0,4,<EOS>,4,<EOS>,0.5123419761657715
6,encoder_self,1,0,The,0,The,0.015975315123796463
6,encoder_self,1,0,The,1,teacher,0.00012704392429441214
6,encoder_self,1,0,The,2,likes,6.125862273620442e-05
6,encoder_self,1,0,The,3,robots,0.9731512069702148
6,encoder_self,1,0,The,4,<EOS>,0.010685253888368607
6,encoder_self,1,1,teacher,0,The,0.1825409084558487
6,encoder_self,1,1,teacher,1,teacher,0.17452265322208405
6,encoder_self,1,1,teacher,2,likes,0.3046082854270935
6,encoder_self,1,1,teacher,3,robots,0.07441020011901855
6,encoder_self,1,1,teacher,4,<EOS>,0.2639179825782776
6,encoder_self,1,2,likes,0,The,0.07746250927448273
6,encoder_self,1,2,likes,1,teacher,0.2816261351108551
6,encoder_self,1,2,likes,2,likes,0.5220968127250671
6,encoder_self,1,2,likes,3,robots,0.035722240805625916
6,encoder_self,1,2,likes,4,<EOS>,0.08309228718280792
6,encoder_self,1,3,robots,0,The,0.07048751413822174
6,encoder_self,1,3,robots,1,teacher,0.28441596031188965
6,encoder_self,1,3,robots,2,likes,0.31881481409072876
6,encoder_self,1,3,robots,3,robots,0.001569000305607915
6,encoder_self,1,3,robots,4,<EOS>,0.3247126042842865
6,encoder_self,1,4,<EOS>,0,The,0.02140294760465622
6,encoder_self,1,4,<EOS>,1,teacher,0.00037374545354396105
6,encoder_self,1,4,<EOS>,2,likes,0.000350042013451457
6,encoder_self,1,4,<EOS>,3,robots,0.9683856964111328
6,encoder_self,1,4,<EOS>,4,<EOS>,0.009487632662057877
6,decoder_masked,0,0,<SOS>,0,<SOS>,1.0
6,decoder_masked,0,0,<SOS>,1,선생님은,0.0
6,decoder_masked,0,0,<SOS>,2,로봇을,0.0
6,decoder_masked,0,0,<SOS>,3,좋아한다,0.0
6,decoder_masked,0,1,선생님은,0,<SOS>,0.5443483591079712
6,decoder_masked,0,1,선생님은,1,선생님은,0.4556516408920288
6,decoder_masked,0,1,선생님은,2,로봇을,0.0
6,decoder_masked,0,1,선생님은,3,좋아한다,0.0
6,decoder_masked,0,2,로봇을,0,<SOS>,0.12893730401992798
6,decoder_masked,0,2,로봇을,1,선생님은,0.7625062465667725
6,decoder_masked,0,2,로봇을,2,로봇을,0.10855647176504135
6,decoder_masked,0,2,로봇을,3,좋아한다,0.0
6,decoder_masked,0,3,좋아한다,0,<SOS>,0.9690061807632446
6,decoder_masked,0,3,좋아한다,1,선생님은,0.011458266526460648
6,decoder_masked,0,3,좋아한다,2,로봇을,0.010317869484424591
6,decoder_masked,0,3,좋아한다,3,좋아한다,0.009217728860676289
6,decoder_masked,1,0,<SOS>,0,<SOS>,1.0
6,decoder_masked,1,0,<SOS>,1,선생님은,0.0
6,decoder_masked,1,0,<SOS>,2,로봇을,0.0
6,decoder_masked,1,0,<SOS>,3,좋아한다,0.0
6,decoder_masked,1,1,선생님은,0,<SOS>,0.8977121114730835
6,decoder_masked,1,1,선생님은,1,선생님은,0.10228794068098068
6,decoder_masked,1,1,선생님은,2,로봇을,0.0
6,decoder_masked,1,1,선생님은,3,좋아한다,0.0
6,decoder_masked,1,2,로봇을,0,<SOS>,0.6229081749916077
6,decoder_masked,1,2,로봇을,1,선생님은,0.24438107013702393
6,decoder_masked,1,2,로봇을,2,로봇을,0.13271072506904602
6,decoder_masked,1,2,로봇을,3,좋아한다,0.0
6,decoder_masked,1,3,좋아한다,0,<SOS>,0.6646631360054016
6,decoder_masked,1,3,좋아한다,1,선생님은,0.04324333742260933
6,decoder_masked,1,3,좋아한다,2,로봇을,0.2263905555009842
6,decoder_masked,1,3,좋아한다,3,좋아한다,0.06570298224687576
6,decoder_cross,0,0,<SOS>,0,The,0.16729600727558136
6,decoder_cross,0,0,<SOS>,1,teacher,0.09257972985506058
6,decoder_cross,0,0,<SOS>,2,likes,0.47891801595687866
6,decoder_cross,0,0,<SOS>,3,robots,0.16993562877178192
6,decoder_cross,0,0,<SOS>,4,<EOS>,0.09127067029476166
6,decoder_cross,0,1,선생님은,0,The,0.23742824792861938
6,decoder_cross,0,1,선생님은,1,teacher,0.1570061892271042
6,decoder_cross,0,1,선생님은,2,likes,0.2342928946018219
6,decoder_cross,0,1,선생님은,3,robots,0.17392975091934204
6,decoder_cross,0,1,선생님은,4,<EOS>,0.1973429173231125
6,decoder_cross,0,2,로봇을,0,The,0.1470940113067627
6,decoder_cross,0,2,로봇을,1,teacher,0.16992153227329254
6,decoder_cross,0,2,로봇을,2,likes,0.3121338188648224
6,decoder_cross,0,2,로봇을,3,robots,0.2767089307308197
6,decoder_cross,0,2,로봇을,4,<EOS>,0.09414172917604446
6,decoder_cross,0,3,좋아한다,0,The,0.17758838832378387
6,decoder_cross,0,3,좋아한다,1,teacher,0.15751250088214874
6,decoder_cross,0,3,좋아한다,2,likes,0.30918002128601074
6,decoder_cross,0,3,좋아한다,3,robots,0.21562494337558746
6,decoder_cross,0,3,좋아한다,4,<EOS>,0.1400940865278244
6,decoder_cross,1,0,<SOS>,0,The,0.1702432632446289
6,decoder_cross,1,0,<SOS>,1,teacher,0.19259053468704224
6,decoder_cross,1,0,<SOS>,2,likes,0.23753692209720612
6,decoder_cross,1,0,<SOS>,3,robots,0.21782280504703522
6,decoder_cross,1,0,<SOS>,4,<EOS>,0.18180641531944275
6,decoder_cross,1,1,선생님은,0,The,0.21824441850185394
6,decoder_cross,1,1,선생님은,1,teacher,0.22133013606071472
6,decoder_cross,1,1,선생님은,2,likes,0.12360917031764984
6,decoder_cross,1,1,선생님은,3,robots,0.2181052416563034
6,decoder_cross,1,1,선생님은,4,<EOS>,0.2187110036611557
6,decoder_cross,1,2,로봇을,0,The,0.20182090997695923
6,decoder_cross,1,2,로봇을,1,teacher,0.17878612875938416
6,decoder_cross,1,2,로봇을,2,likes,0.25204089283943176
6,decoder_cross,1,2,로봇을,3,robots,0.18684905767440796
6,decoder_cross,1,2,로봇을,4,<EOS>,0.18050310015678406
6,decoder_cross,1,3,좋아한다,0,The,0.20321741700172424
6,decoder_cross,1,3,좋아한다,1,teacher,0.2201712727546692
6,decoder_cross,1,3,좋아한다,2,likes,0.175103560090065
6,decoder_cross,1,3,좋아한다,3,robots,0.18316197395324707
6,decoder_cross,1,3,좋아한다,4,<EOS>,0.2183457314968109
7,encoder_self,0,0,The,0,The,0.364846795797348
7,encoder_self,0,0,The,1,teacher,0.011997872032225132
7,encoder_self,0,0,The,2,likes,0.00571059575304389
7,encoder_self,0,0,The,3,robots,0.05898987501859665
7,encoder_self,0,0,The,4,<EOS>,0.5584548711776733
7,encoder_self,0,1,teacher,0,The,0.0368252694606781
7,encoder_self,0,1,teacher,1,teacher,0.29077234864234924
7,encoder_self,0,1,teacher,2,likes,0.4952172636985779
7,encoder_self,0,1,teacher,3,robots,0.03894980996847153
7,encoder_self,0,1,teacher,4,<EOS>,0.13823536038398743
7,encoder_self,0,2,likes,0,The,0.11416737735271454
7,encoder_self,0,2,likes,1,teacher,0.39677467942237854
7,encoder_self,0,2,likes,2,likes,0.11955706030130386
7,encoder_self,0,2,likes,3,robots,0.20037159323692322
7,encoder_self,0,2,likes,4,<EOS>,0.16912925243377686
7,encoder_self,0,3,robots,0,The,0.0046087694354355335
7,encoder_self,0,3,robots,1,teacher,0.0936310738325119
7,encoder_self,0,3,robots,2,likes,0.6109312176704407
7,encoder_self,0,3,robots,3,robots,0.2792458236217499
7,encoder_self,0,3,robots,4,<EOS>,0.011583087034523487
7,encoder_self,0,4,<EOS>,0,The,0.15139208734035492
7,encoder_self,0,4,<EOS>,1,teacher,0.13257141411304474
7,encoder_self,0,4,<EOS>,2,likes,0.07013700157403946
7,encoder_self,0,4,<EOS>,3,robots,0.13424809277057648
7,encoder_self,0,4,<EOS>,4,<EOS>,0.5116513967514038
7,encoder_self,1,0,The,0,The,0.01611187681555748
7,encoder_self,1,0,The,1,teacher,0.00012726988643407822
7,encoder_self,1,0,The,2,likes,6.148420652607456e-05
7,encoder_self,1,0,The,3,robots,0.9729315638542175
7,encoder_self,1,0,The,4,<EOS>,0.010767829604446888
7,encoder_self,1,1,teacher,0,The,0.18243072926998138
7,encoder_self,1,1,teacher,1,teacher,0.17451471090316772
7,encoder_self,1,1,teacher,2,likes,0.3048100471496582
7,encoder_self,1,1,teacher,3,robots,0.07455223053693771
7,encoder_self,1,1,teacher,4,<EOS>,0.26369231939315796
7,encoder_self,1,2,likes,0,The,0.07736942172050476
7,encoder_self,1,2,likes,1,teacher,0.2817635238170624
7,encoder_self,1,2,likes,2,likes,0.5220739841461182
7,encoder_self,1,2,likes,3,robots,0.035817667841911316
7,encoder_self,1,2,likes,4,<EOS>,0.0829753652215004
7,encoder_self,1,3,robots,0,The,0.0703168734908104
7,encoder_self,1,3,robots,1,teacher,0.2842939496040344
7,encoder_self,1,3,robots,2,likes,0.31936487555503845
7,encoder_self,1,3,robots,3,robots,0.001565143233165145
7,encoder_self,1,3,robots,4,<EOS>,0.32445913553237915
7,encoder_self,1,4,<EOS>,0,The,0.021482625976204872
7,encoder_self,1,4,<EOS>,1,teacher,0.0003739567182492465
7,encoder_self,1,4,<EOS>,2,likes,0.0003506472858134657
7,encoder_self,1,4,<EOS>,3,robots,0.9682754874229431
7,encoder_self,1,4,<EOS>,4,<EOS>,0.009517339989542961
7,decoder_masked,0,0,<SOS>,0,<SOS>,1.0
7,decoder_masked,0,0,<SOS>,1,선생님은,0.0
7,decoder_masked,0,0,<SOS>,2,로봇을,0.0
7,decoder_masked,0,0,<SOS>,3,좋아한다,0.0
7,decoder_masked,0,1,선생님은,0,<SOS>,0.5455562472343445
7,decoder_masked,0,1,선생님은,1,선생님은,0.4544438123703003
7,decoder_masked,0,1,선생님은,2,로봇을,0.0
7,decoder_masked,0,1,선생님은,3,좋아한다,0.0
7,decoder_masked,0,2,로봇을,0,<SOS>,0.1268484741449356
7,decoder_masked,0,2,로봇을,1,선생님은,0.7651299238204956
7,decoder_masked,0,2,로봇을,2,로봇을,0.10802161693572998
7,decoder_masked,0,2,로봇을,3,좋아한다,0.0
7,decoder_masked,0,3,좋아한다,0,<SOS>,0.96903395652771
7,decoder_masked,0,3,좋아한다,1,선생님은,0.011431394144892693
7,decoder_masked,0,3,좋아한다,2,로봇을,0.01032982300966978
7,decoder_masked,0,3,좋아한다,3,좋아한다,0.009204825386404991
7,decoder_masked,1,0,<SOS>,0,<SOS>,1.0
7,decoder_masked,1,0,<SOS>,1,선생님은,0.0
7,decoder_masked,1,0,<SOS>,2,로봇을,0.0
7,decoder_masked,1,0,<SOS>,3,좋아한다,0.0
7,decoder_masked,1,1,선생님은,0,<SOS>,0.9013157486915588
7,decoder_masked,1,1,선생님은,1,선생님은,0.09868425130844116
7,decoder_masked,1,1,선생님은,2,로봇을,0.0
7,decoder_masked,1,1,선생님은,3,좋아한다,0.0
7,decoder_masked,1,2,로봇을,0,<SOS>,0.6074381470680237
7,decoder_masked,1,2,로봇을,1,선생님은,0.25528162717819214
7,decoder_masked,1,2,로봇을,2,로봇을,0.13728021085262299
7,decoder_masked,1,2,로봇을,3,좋아한다,0.0
7,decoder_masked,1,3,좋아한다,0,<SOS>,0.6788281202316284
7,decoder_masked,1,3,좋아한다,1,선생님은,0.040932755917310715
7,decoder_masked,1,3,좋아한다,2,로봇을,0.21704985201358795
7,decoder_masked,1,3,좋아한다,3,좋아한다,0.06318925321102142
7,decoder_cross,0,0,<SOS>,0,The,0.16808494925498962
7,decoder_cross,0,0,<SOS>,1,teacher,0.09240295737981796
7,decoder_cross,0,0,<SOS>,2,likes,0.47823286056518555
7,decoder_cross,0,0,<SOS>,3,robots,0.16966894268989563
7,decoder_cross,0,0,<SOS>,4,<EOS>,0.09161026030778885
7,decoder_cross,0,1,선생님은,0,The,0.2377641201019287
7,decoder_cross,0,1,선생님은,1,teacher,0.15462645888328552
7,decoder_cross,0,1,선생님은,2,likes,0.23907211422920227
7,decoder_cross,0,1,선생님은,3,robots,0.1734379231929779
7,decoder_cross,0,1,선생님은,4,<EOS>,0.195099338889122
7,decoder_cross,0,2,로봇을,0,The,0.14897480607032776
7,decoder_cross,0,2,로봇을,1,teacher,0.16916127502918243
7,decoder_cross,0,2,로봇을,2,likes,0.31196463108062744
7,decoder_cross,0,2,로봇을,3,robots,0.27472344040870667
7,decoder_cross,0,2,로봇을,4,<EOS>,0.09517580270767212
7,decoder_cross,0,3,좋아한다,0,The,0.17707420885562897
7,decoder_cross,0,3,좋아한다,1,teacher,0.1557353436946869
7,decoder_cross,0,3,좋아한다,2,likes,0.3134673535823822
7,decoder_cross,0,3,좋아한다,3,robots,0.21522976458072662
7,decoder_cross,0,3,좋아한다,4,<EOS>,0.1384933441877365
7,decoder_cross,1,0,<SOS>,0,The,0.16964887082576752
7,decoder_cross,1,0,<SOS>,1,teacher,0.19189435243606567
7,decoder_cross,1,0,<SOS>,2,likes,0.24021300673484802
7,decoder_cross,1,0,<SOS>,3,robots,0.2170455902814865
7,decoder_cross,1,0,<SOS>,4,<EOS>,0.18119820952415466
7,decoder_cross,1,1,선생님은,0,The,0.21704240143299103
7,decoder_cross,1,1,선생님은,1,teacher,0.22117231786251068
7,decoder_cross,1,1,선생님은,2,likes,0.1255524754524231
7,decoder_cross,1,1,선생님은,3,robots,0.21831795573234558
7,decoder_cross,1,1,선생님은,4,<EOS>,0.21791484951972961
7,decoder_cross,1,2,로봇을,0,The,0.20145511627197266
7,decoder_cross,1,2,로봇을,1,teacher,0.1783563643693924
7,decoder_cross,1,2,로봇을,2,likes,0.25335946679115295
7,decoder_cross,1,2,로봇을,3,robots,0.18660646677017212
7,decoder_cross,1,2,로봇을,4,<EOS>,0.18022258579730988
7,decoder_cross,1,3,좋아한다,0,The,0.2020028680562973
7,decoder_cross,1,3,좋아한다,1,teacher,0.21956777572631836
7,decoder_cross,1,3,좋아한다,2,likes,0.17790880799293518
7,decoder_cross,1,3,좋아한다,3,robots,0.18317832052707672
7,decoder_cross,1,3,좋아한다,4,<EOS>,0.21734222769737244
8,encoder_self,0,0,The,0,The,0.36481162905693054
8,encoder_self,0,0,The,1,teacher,0.012025261297821999
8,encoder_self,0,0,The,2,likes,0.005724879913032055
8,encoder_self,0,0,The,3,robots,0.05913535878062248
8,encoder_self,0,0,The,4,<EOS>,0.5583028793334961
8,encoder_self,0,1,teacher,0,The,0.03660082072019577
8,encoder_self,0,1,teacher,1,teacher,0.29082489013671875
8,encoder_self,0,1,teacher,2,likes,0.49595221877098083
8,encoder_self,0,1,teacher,3,robots,0.038926705718040466
8,encoder_self,0,1,teacher,4,<EOS>,0.13769538700580597
8,encoder_self,0,2,likes,0,The,0.11430913954973221
8,encoder_self,0,2,likes,1,teacher,0.3966016471385956
8,encoder_self,0,2,likes,2,likes,0.11946891248226166
8,encoder_self,0,2,likes,3,robots,0.20027826726436615
8,encoder_self,0,2,likes,4,<EOS>,0.16934198141098022
8,encoder_self,0,3,robots,0,The,0.004620287101715803
8,encoder_self,0,3,robots,1,teacher,0.09369469434022903
8,encoder_self,0,3,robots,2,likes,0.6103748679161072
8,encoder_self,0,3,robots,3,robots,0.27970314025878906
8,encoder_self,0,3,robots,4,<EOS>,0.011607036925852299
8,encoder_self,0,4,<EOS>,0,The,0.1509825438261032
8,encoder_self,0,4,<EOS>,1,teacher,0.13301067054271698
8,encoder_self,0,4,<EOS>,2,likes,0.07034052908420563
8,encoder_self,0,4,<EOS>,3,robots,0.13467611372470856
8,encoder_self,0,4,<EOS>,4,<EOS>,0.5109901428222656
8,encoder_self,1,0,The,0,The,0.016305649653077126
8,encoder_self,1,0,The,1,teacher,0.00012716477795038372
8,encoder_self,1,0,The,2,likes,6.158542237244546e-05
8,encoder_self,1,0,The,3,robots,0.9727076888084412
8,encoder_self,1,0,The,4,<EOS>,0.010797915980219841
8,encoder_self,1,1,teacher,0,The,0.18237356841564178
8,encoder_self,1,1,teacher,1,teacher,0.1745341271162033
8,encoder_self,1,1,teacher,2,likes,0.3045852482318878
8,encoder_self,1,1,teacher,3,robots,0.0747324600815773
8,encoder_self,1,1,teacher,4,<EOS>,0.2637746334075928
8,encoder_self,1,2,likes,0,The,0.07708548754453659
8,encoder_self,1,2,likes,1,teacher,0.2820374667644501
8,encoder_self,1,2,likes,2,likes,0.5221678614616394
8,encoder_self,1,2,likes,3,robots,0.03578117862343788
8,encoder_self,1,2,likes,4,<EOS>,0.08292801678180695
8,encoder_self,1,3,robots,0,The,0.07023508846759796
8,encoder_self,1,3,robots,1,teacher,0.28438982367515564
8,encoder_self,1,3,robots,2,likes,0.3193853497505188
8,encoder_self,1,3,robots,3,robots,0.00156759365927428
8,encoder_self,1,3,robots,4,<EOS>,0.32442212104797363
8,encoder_self,1,4,<EOS>,0,The,0.021598350256681442
8,encoder_self,1,4,<EOS>,1,teacher,0.00037280484684742987
8,encoder_self,1,4,<EOS>,2,likes,0.0003498622099868953
8,encoder_self,1,4,<EOS>,3,robots,0.9681629538536072
8,encoder_self,1,4,<EOS>,4,<EOS>,0.009515983983874321
8,decoder_masked,0,0,<SOS>,0,<SOS>,1.0
8,decoder_masked,0,0,<SOS>,1,선생님은,0.0
8,decoder_masked,0,0,<SOS>,2,로봇을,0.0
8,decoder_masked,0,0,<SOS>,3,좋아한다,0.0
8,decoder_masked,0,1,선생님은,0,<SOS>,0.5465366840362549
8,decoder_masked,0,1,선생님은,1,선생님은,0.4534633457660675
8,decoder_masked,0,1,선생님은,2,로봇을,0.0
8,decoder_masked,0,1,선생님은,3,좋아한다,0.0
8,decoder_masked,0,2,로봇을,0,<SOS>,0.11944598704576492
8,decoder_masked,0,2,로봇을,1,선생님은,0.7707728147506714
8,decoder_masked,0,2,로봇을,2,로봇을,0.10978122055530548
8,decoder_masked,0,2,로봇을,3,좋아한다,0.0
8,decoder_masked,0,3,좋아한다,0,<SOS>,0.9673632979393005
8,decoder_masked,0,3,좋아한다,1,선생님은,0.011861688457429409
8,decoder_masked,0,3,좋아한다,2,로봇을,0.01094774529337883
8,decoder_masked,0,3,좋아한다,3,좋아한다,0.009827197529375553
8,decoder_masked,1,0,<SOS>,0,<SOS>,1.0
8,decoder_masked,1,0,<SOS>,1,선생님은,0.0
8,decoder_masked,1,0,<SOS>,2,로봇을,0.0
8,decoder_masked,1,0,<SOS>,3,좋아한다,0.0
8,decoder_masked,1,1,선생님은,0,<SOS>,0.9013057947158813
8,decoder_masked,1,1,선생님은,1,선생님은,0.09869426488876343
8,decoder_masked,1,1,선생님은,2,로봇을,0.0
8,decoder_masked,1,1,선생님은,3,좋아한다,0.0
8,decoder_masked,1,2,로봇을,0,<SOS>,0.6063201427459717
8,decoder_masked,1,2,로봇을,1,선생님은,0.2556668817996979
8,decoder_masked,1,2,로봇을,2,로봇을,0.13801303505897522
8,decoder_masked,1,2,로봇을,3,좋아한다,0.0
8,decoder_masked,1,3,좋아한다,0,<SOS>,0.6825774312019348
8,decoder_masked,1,3,좋아한다,1,선생님은,0.04034636542201042
8,decoder_masked,1,3,좋아한다,2,로봇을,0.2147057205438614
8,decoder_masked,1,3,좋아한다,3,좋아한다,0.062370408326387405
8,decoder_cross,0,0,<SOS>,0,The,0.1687116026878357
8,decoder_cross,0,0,<SOS>,1,teacher,0.0924953892827034
8,decoder_cross,0,0,<SOS>,2,likes,0.4776488244533539
8,decoder_cross,0,0,<SOS>,3,robots,0.16956782341003418
8,decoder_cross,0,0,<SOS>,4,<EOS>,0.09157631546258926
8,decoder_cross,0,1,선생님은,0,The,0.2374119609594345
8,decoder_cross,0,1,선생님은,1,teacher,0.1562628597021103
8,decoder_cross,0,1,선생님은,2,likes,0.23629918694496155
8,decoder_cross,0,1,선생님은,3,robots,0.17431901395320892
8,decoder_cross,0,1,선생님은,4,<EOS>,0.19570690393447876
8,decoder_cross,0,2,로봇을,0,The,0.14972345530986786
8,decoder_cross,0,2,로봇을,1,teacher,0.16992449760437012
8,decoder_cross,0,2,로봇을,2,likes,0.30984705686569214
8,decoder_cross,0,2,로봇을,3,robots,0.2748774588108063
8,decoder_cross,0,2,로봇을,4,<EOS>,0.09562741965055466
8,decoder_cross,0,3,좋아한다,0,The,0.17755307257175446
8,decoder_cross,0,3,좋아한다,1,teacher,0.1568591147661209
8,decoder_cross,0,3,좋아한다,2,likes,0.31071266531944275
8,decoder_cross,0,3,좋아한다,3,robots,0.2158123105764389
8,decoder_cross,0,3,좋아한다,4,<EOS>,0.13906286656856537
8,decoder_cross,1,0,<SOS>,0,The,0.1699417382478714
8,decoder_cross,1,0,<SOS>,1,teacher,0.1920148730278015
8,decoder_cross,1,0,<SOS>,2,likes,0.23905038833618164
8,decoder_cross,1,0,<SOS>,3,robots,0.21770747005939484
8,decoder_cross,1,0,<SOS>,4,<EOS>,0.1812855452299118
8,decoder_cross,1,1,선생님은,0,The,0.2176746279001236
8,decoder_cross,1,1,선생님은,1,teacher,0.22098442912101746
8,decoder_cross,1,1,선생님은,2,likes,0.12483042478561401
8,decoder_cross,1,1,선생님은,3,robots,0.21868041157722473
8,decoder_cross,1,1,선생님은,4,<EOS>,0.21783007681369781
8,decoder_cross,1,2,로봇을,0,The,0.20207878947257996
8,decoder_cross,1,2,로봇을,1,teacher,0.17837311327457428
8,decoder_cross,1,2,로봇을,2,likes,0.25209560990333557
8,decoder_cross,1,2,로봇을,3,robots,0.18717071413993835
8,decoder_cross,1,2,로봇을,4,<EOS>,0.18028175830841064
8,decoder_cross,1,3,좋아한다,0,The,0.20277465879917145
8,decoder_cross,1,3,좋아한다,1,teacher,0.21987669169902802
8,decoder_cross,1,3,좋아한다,2,likes,0.17598342895507812
8,decoder_cross,1,3,좋아한다,3,robots,0.18374003469944
8,decoder_cross,1,3,좋아한다,4,<EOS>,0.21762524545192719
9,encoder_self,0,0,The,0,The,0.3631044626235962
9,encoder_self,0,0,The,1,teacher,0.011996774934232235
9,encoder_self,0,0,The,2,likes,0.005723083857446909
9,encoder_self,0,0,The,3,robots,0.05911249667406082
9,encoder_self,0,0,The,4,<EOS>,0.5600632429122925
9,encoder_self,0,1,teacher,0,The,0.03732338920235634
9,encoder_self,0,1,teacher,1,teacher,0.29108884930610657
9,encoder_self,0,1,teacher,2,likes,0.49248018860816956
9,encoder_self,0,1,teacher,3,robots,0.03891124948859215
9,encoder_self,0,1,teacher,4,<EOS>,0.1401963233947754
9,encoder_self,0,2,likes,0,The,0.11457232385873795
9,encoder_self,0,2,likes,1,teacher,0.3966071605682373
9,encoder_self,0,2,likes,2,likes,0.11922077089548111
9,encoder_self,0,2,likes,3,robots,0.20014524459838867
9,encoder_self,0,2,likes,4,<EOS>,0.16945455968379974
9,encoder_self,0,3,robots,0,The,0.004624588880687952
9,encoder_self,0,3,robots,1,teacher,0.09358946233987808
9,encoder_self,0,3,robots,2,likes,0.6105255484580994
9,encoder_self,0,3,robots,3,robots,0.2796294689178467
9,encoder_self,0,3,robots,4,<EOS>,0.011630845256149769
9,encoder_self,0,4,<EOS>,0,The,0.1510167419910431
9,encoder_self,0,4,<EOS>,1,teacher,0.13215400278568268
9,encoder_self,0,4,<EOS>,2,likes,0.06977645307779312
9,encoder_self,0,4,<EOS>,3,robots,0.13383296132087708
9,encoder_self,0,4,<EOS>,4,<EOS>,0.5132198333740234
9,encoder_self,1,0,The,0,The,0.016613658517599106
9,encoder_self,1,0,The,1,teacher,0.00012760279059875757
9,encoder_self,1,0,The,2,likes,6.205646059243008e-05
9,encoder_self,1,0,The,3,robots,0.9722166657447815
9,encoder_self,1,0,The,4,<EOS>,0.01097995787858963
9,encoder_self,1,1,teacher,0,The,0.18136459589004517
9,encoder_self,1,1,teacher,1,teacher,0.17477159202098846
9,encoder_self,1,1,teacher,2,likes,0.3064557909965515
9,encoder_self,1,1,teacher,3,robots,0.07423697412014008
9,encoder_self,1,1,teacher,4,<EOS>,0.2631710171699524
9,encoder_self,1,2,likes,0,The,0.07673146575689316
9,encoder_self,1,2,likes,1,teacher,0.28224799036979675
9,encoder_self,1,2,likes,2,likes,0.5226051211357117
9,encoder_self,1,2,likes,3,robots,0.035781290382146835
9,encoder_self,1,2,likes,4,<EOS>,0.0826340988278389
9,encoder_self,1,3,robots,0,The,0.06978657096624374
9,encoder_self,1,3,robots,1,teacher,0.2845320701599121
9,encoder_self,1,3,robots,2,likes,0.3206702470779419
9,encoder_self,1,3,robots,3,robots,0.0015602867351844907
9,encoder_self,1,3,robots,4,<EOS>,0.32345083355903625
9,encoder_self,1,4,<EOS>,0,The,0.021873099729418755
9,encoder_self,1,4,<EOS>,1,teacher,0.0003742078260984272
9,encoder_self,1,4,<EOS>,2,likes,0.0003526242799125612
9,encoder_self,1,4,<EOS>,3,robots,0.9677758812904358
9,encoder_self,1,4,<EOS>,4,<EOS>,0.009624210186302662
9,decoder_masked,0,0,<SOS>,0,<SOS>,1.0
9,decoder_masked,0,0,<SOS>,1,선생님은,0.0
9,decoder_masked,0,0,<SOS>,2,로봇을,0.0
9,decoder_masked,0,0,<SOS>,3,좋아한다,0.0
9,decoder_masked,0,1,선생님은,0,<SOS>,0.7084112763404846
9,decoder_masked,0,1,선생님은,1,선생님은,0.291588693857193
9,decoder_masked,0,1,선생님은,2,로봇을,0.0
9,decoder_masked,0,1,선생님은,3,좋아한다,0.0
9,decoder_masked,0,2,로봇을,0,<SOS>,0.11856721341609955
9,decoder_masked,0,2,로봇을,1,선생님은,0.7717682123184204
9,decoder_masked,0,2,로봇을,2,로봇을,0.10966455191373825
9,decoder_masked,0,2,로봇을,3,좋아한다,0.0
9,decoder_masked,0,3,좋아한다,0,<SOS>,0.9761836528778076
9,decoder_masked,0,3,좋아한다,1,선생님은,0.008250778540968895
9,decoder_masked,0,3,좋아한다,2,로봇을,0.008613775484263897
9,decoder_masked,0,3,좋아한다,3,좋아한다,0.006951835937798023
9,decoder_masked,1,0,<SOS>,0,<SOS>,1.0
9,decoder_masked,1,0,<SOS>,1,선생님은,0.0
9,decoder_masked,1,0,<SOS>,2,로봇을,0.0
9,decoder_masked,1,0,<SOS>,3,좋아한다,0.0
9,decoder_masked,1,1,선생님은,0,<SOS>,0.9014866352081299
9,decoder_masked,1,1,선생님은,1,선생님은,0.09851334989070892
9,decoder_masked,1,1,선생님은,2,로봇을,0.0
9,decoder_masked,1,1,선생님은,3,좋아한다,0.0
9,decoder_masked,1,2,로봇을,0,<SOS>,0.5947408676147461
9,decoder_masked,1,2,로봇을,1,선생님은,0.2634836733341217
9,decoder_masked,1,2,로봇을,2,로봇을,0.1417754739522934
9,decoder_masked,1,2,로봇을,3,좋아한다,0.0
9,decoder_masked,1,3,좋아한다,0,<SOS>,0.6977829933166504
9,decoder_masked,1,3,좋아한다,1,선생님은,0.03907111659646034
9,decoder_masked,1,3,좋아한다,2,로봇을,0.204355388879776
9,decoder_masked,1,3,좋아한다,3,좋아한다,0.05879050865769386
9,decoder_cross,0,0,<SOS>,0,The,0.16816353797912598
9,decoder_cross,0,0,<SOS>,1,teacher,0.09298237413167953
9,decoder_cross,0,0,<SOS>,2,likes,0.4765685498714447
9,decoder_cross,0,0,<SOS>,3,robots,0.17053040862083435
9,decoder_cross,0,0,<SOS>,4,<EOS>,0.09175513684749603
9,decoder_cross,0,1,선생님은,0,The,0.22632068395614624
9,decoder_cross,0,1,선생님은,1,teacher,0.15733811259269714
9,decoder_cross,0,1,선생님은,2,likes,0.2492893934249878
9,decoder_cross,0,1,선생님은,3,robots,0.18208715319633484
9,decoder_cross,0,1,선생님은,4,<EOS>,0.18496467173099518
9,decoder_cross,0,2,로봇을,0,The,0.15035156905651093
9,decoder_cross,0,2,로봇을,1,teacher,0.16921621561050415
9,decoder_cross,0,2,로봇을,2,likes,0.3103586733341217
9,decoder_cross,0,2,로봇을,3,robots,0.27410614490509033
9,decoder_cross,0,2,로봇을,4,<EOS>,0.09596724808216095
9,decoder_cross,0,3,좋아한다,0,The,0.1753869354724884
9,decoder_cross,0,3,좋아한다,1,teacher,0.1558026820421219
9,decoder_cross,0,3,좋아한다,2,likes,0.3153264820575714
9,decoder_cross,0,3,좋아한다,3,robots,0.2169392853975296
9,decoder_cross,0,3,좋아한다,4,<EOS>,0.13654455542564392
9,decoder_cross,1,0,<SOS>,0,The,0.1695369929075241
9,decoder_cross,1,0,<SOS>,1,teacher,0.1916150450706482
9,decoder_cross,1,0,<SOS>,2,likes,0.24121248722076416
9,decoder_cross,1,0,<SOS>,3,robots,0.21657943725585938
9,decoder_cross,1,0,<SOS>,4,<EOS>,0.18105612695217133
9,decoder_cross,1,1,선생님은,0,The,0.21262836456298828
9,decoder_cross,1,1,선생님은,1,teacher,0.22171007096767426
9,decoder_cross,1,1,선생님은,2,likes,0.13107866048812866
9,decoder_cross,1,1,선생님은,3,robots,0.21848228573799133
9,decoder_cross,1,1,선생님은,4,<EOS>,0.21610064804553986
9,decoder_cross,1,2,로봇을,0,The,0.2015647441148758
9,decoder_cross,1,2,로봇을,1,teacher,0.17803657054901123
9,decoder_cross,1,2,로봇을,2,likes,0.25361838936805725
9,decoder_cross,1,2,로봇을,3,robots,0.18678012490272522
9,decoder_cross,1,2,로봇을,4,<EOS>,0.18000012636184692
9,decoder_cross,1,3,좋아한다,0,The,0.20139066874980927
9,decoder_cross,1,3,좋아한다,1,teacher,0.2195645421743393
9,decoder_cross,1,3,좋아한다,2,likes,0.17850951850414276
9,decoder_cross,1,3,좋아한다,3,robots,0.18382404744625092
9,decoder_cross,1,3,좋아한다,4,<EOS>,0.21671120822429657
10,encoder_self,0,0,The,0,The,0.36375200748443604
10,encoder_self,0,0,The,1,teacher,0.011952158063650131
10,encoder_self,0,0,The,2,likes,0.005680933594703674
10,encoder_self,0,0,The,3,robots,0.05846208333969116
10,encoder_self,0,0,The,4,<EOS>,0.5601527690887451
10,encoder_self,0,1,teacher,0,The,0.037529923021793365
10,encoder_self,0,1,teacher,1,teacher,0.29131844639778137
10,encoder_self,0,1,teacher,2,likes,0.49147993326187134
10,encoder_self,0,1,teacher,3,robots,0.03876075521111488
10,encoder_self,0,1,teacher,4,<EOS>,0.14091096818447113
10,encoder_self,0,2,likes,0,The,0.11480560153722763
10,encoder_self,0,2,likes,1,teacher,0.39626529812812805
10,encoder_self,0,2,likes,2,likes,0.11916622519493103
10,encoder_self,0,2,likes,3,robots,0.1999787986278534
10,encoder_self,0,2,likes,4,<EOS>,0.1697840839624405
10,encoder_self,0,3,robots,0,The,0.004682061728090048
10,encoder_self,0,3,robots,1,teacher,0.09386245906352997
10,encoder_self,0,3,robots,2,likes,0.6115441918373108
10,encoder_self,0,3,robots,3,robots,0.2781481146812439
10,encoder_self,0,3,robots,4,<EOS>,0.011763183400034904
10,encoder_self,0,4,<EOS>,0,The,0.15163470804691315
10,encoder_self,0,4,<EOS>,1,teacher,0.13186165690422058
10,encoder_self,0,4,<EOS>,2,likes,0.0692908987402916
10,encoder_self,0,4,<EOS>,3,robots,0.13254085183143616
10,encoder_self,0,4,<EOS>,4,<EOS>,0.5146719217300415
10,encoder_self,1,0,The,0,The,0.016196981072425842
10,encoder_self,1,0,The,1,teacher,0.0001224804000230506
10,encoder_self,1,0,The,2,likes,5.823955143569037e-05
10,encoder_self,1,0,The,3,robots,0.9729860424995422
10,encoder_self,1,0,The,4,<EOS>,0.01063627377152443
10,encoder_self,1,1,teacher,0,The,0.18241390585899353
10,encoder_self,1,1,teacher,1,teacher,0.1745564192533493
10,encoder_self,1,1,teacher,2,likes,0.30447009205818176
10,encoder_self,1,1,teacher,3,robots,0.07465822249650955
10,encoder_self,1,1,teacher,4,<EOS>,0.2639014422893524
10,encoder_self,1,2,likes,0,The,0.07616739720106125
10,encoder_self,1,2,likes,1,teacher,0.28178638219833374
10,encoder_self,1,2,likes,2,likes,0.5246293544769287
10,encoder_self,1,2,likes,3,robots,0.03515087440609932
10,encoder_self,1,2,likes,4,<EOS>,0.08226596564054489
10,encoder_self,1,3,robots,0,The,0.07023443281650543
10,encoder_self,1,3,robots,1,teacher,0.2843254506587982
10,encoder_self,1,3,robots,2,likes,0.3193289637565613
10,encoder_self,1,3,robots,3,robots,0.0015717333881184459
10,encoder_self,1,3,robots,4,<EOS>,0.3245393931865692
10,encoder_self,1,4,<EOS>,0,The,0.021506527438759804
10,encoder_self,1,4,<EOS>,1,teacher,0.00036276952596381307
10,encoder_self,1,4,<EOS>,2,likes,0.0003357740642968565
10,encoder_self,1,4,<EOS>,3,robots,0.9683870077133179
10,encoder_self,1,4,<EOS>,4,<EOS>,0.009407928213477135
10,decoder_masked,0,0,<SOS>,0,<SOS>,1.0
10,decoder_masked,0,0,<SOS>,1,선생님은,0.0
10,decoder_masked,0,0,<SOS>,2,로봇을,0.0
10,decoder_masked,0,0,<SOS>,3,좋아한다,0.0
10,decoder_masked,0,1,선생님은,0,<SOS>,0.711969792842865
10,decoder_masked,0,1,선생님은,1,선생님은,0.2880302667617798
10,decoder_masked,0,1,선생님은,2,로봇을,0.0
10,decoder_masked,0,1,선생님은,3,좋아한다,0.0
10,decoder_masked,0,2,로봇을,0,<SOS>,0.11718684434890747
10,decoder_masked,0,2,로봇을,1,선생님은,0.7650287747383118
10,decoder_masked,0,2,로봇을,2,로봇을,0.11778438091278076
10,decoder_masked,0,2,로봇을,3,좋아한다,0.0
10,decoder_masked,0,3,좋아한다,0,<SOS>,0.9765234589576721
10,decoder_masked,0,3,좋아한다,1,선생님은,0.008091024123132229
10,decoder_masked,0,3,좋아한다,2,로봇을,0.008531847037374973
10,decoder_masked,0,3,좋아한다,3,좋아한다,0.0068536559119820595
10,decoder_masked,1,0,<SOS>,0,<SOS>,1.0
10,decoder_masked,1,0,<SOS>,1,선생님은,0.0
10,decoder_masked,1,0,<SOS>,2,로봇을,0.0
10,decoder_masked,1,0,<SOS>,3,좋아한다,0.0
10,decoder_masked,1,1,선생님은,0,<SOS>,0.9008734822273254
10,decoder_masked,1,1,선생님은,1,선생님은,0.09912649542093277
10,decoder_masked,1,1,선생님은,2,로봇을,0.0
10,decoder_masked,1,1,선생님은,3,좋아한다,0.0
10,decoder_masked,1,2,로봇을,0,<SOS>,0.6395903825759888
10,decoder_masked,1,2,로봇을,1,선생님은,0.23827920854091644
10,decoder_masked,1,2,로봇을,2,로봇을,0.12213031947612762
10,decoder_masked,1,2,로봇을,3,좋아한다,0.0
10,decoder_masked,1,3,좋아한다,0,<SOS>,0.6827442049980164
10,decoder_masked,1,3,좋아한다,1,선생님은,0.03927094116806984
10,decoder_masked,1,3,좋아한다,2,로봇을,0.21691912412643433
10,decoder_masked,1,3,좋아한다,3,좋아한다,0.061065737158060074
10,decoder_cross,0,0,<SOS>,0,The,0.1689196527004242
10,decoder_cross,0,0,<SOS>,1,teacher,0.0929064229130745
10,decoder_cross,0,0,<SOS>,2,likes,0.4761682152748108
10,decoder_cross,0,0,<SOS>,3,robots,0.1701950877904892
10,decoder_cross,0,0,<SOS>,4,<EOS>,0.09181056916713715
10,decoder_cross,0,1,선생님은,0,The,0.2265993356704712
10,decoder_cross,0,1,선생님은,1,teacher,0.15545614063739777
10,decoder_cross,0,1,선생님은,2,likes,0.2533082962036133
10,decoder_cross,0,1,선생님은,3,robots,0.18199914693832397
10,decoder_cross,0,1,선생님은,4,<EOS>,0.18263709545135498
10,decoder_cross,0,2,로봇을,0,The,0.14811627566814423
10,decoder_cross,0,2,로봇을,1,teacher,0.1679532676935196
10,decoder_cross,0,2,로봇을,2,likes,0.31484541296958923
10,decoder_cross,0,2,로봇을,3,robots,0.2751936912536621
10,decoder_cross,0,2,로봇을,4,<EOS>,0.09389132261276245
10,decoder_cross,0,3,좋아한다,0,The,0.17623555660247803
10,decoder_cross,0,3,좋아한다,1,teacher,0.15373246371746063
10,decoder_cross,0,3,좋아한다,2,likes,0.31884655356407166
10,decoder_cross,0,3,좋아한다,3,robots,0.2157580703496933
10,decoder_cross,0,3,좋아한다,4,<EOS>,0.13542744517326355
10,decoder_cross,1,0,<SOS>,0,The,0.16964110732078552
10,decoder_cross,1,0,<SOS>,1,teacher,0.19166482985019684
10,decoder_cross,1,0,<SOS>,2,likes,0.24051764607429504
10,decoder_cross,1,0,<SOS>,3,robots,0.21728233993053436
10,decoder_cross,1,0,<SOS>,4,<EOS>,0.18089407682418823
10,decoder_cross,1,1,선생님은,0,The,0.21250642836093903
10,decoder_cross,1,1,선생님은,1,teacher,0.22157789766788483
10,decoder_cross,1,1,선생님은,2,likes,0.13085688650608063
10,decoder_cross,1,1,선생님은,3,robots,0.2191316783428192
10,decoder_cross,1,1,선생님은,4,<EOS>,0.21592703461647034
10,decoder_cross,1,2,로봇을,0,The,0.20102058351039886
10,decoder_cross,1,2,로봇을,1,teacher,0.1782045066356659
10,decoder_cross,1,2,로봇을,2,likes,0.2543317973613739
10,decoder_cross,1,2,로봇을,3,robots,0.18635432422161102
10,decoder_cross,1,2,로봇을,4,<EOS>,0.18008871376514435
10,decoder_cross,1,3,좋아한다,0,The,0.20118695497512817
10,decoder_cross,1,3,좋아한다,1,teacher,0.21922320127487183
10,decoder_cross,1,3,좋아한다,2,likes,0.1788451373577118
10,decoder_cross,1,3,좋아한다,3,robots,0.18454577028751373
10,decoder_cross,1,3,좋아한다,4,<EOS>,0.21619893610477448
11,encoder_self,0,0,The,0,The,0.36352166533470154
11,encoder_self,0,0,The,1,teacher,0.011974942870438099
11,encoder_self,0,0,The,2,likes,0.0056993551552295685
11,encoder_self,0,0,The,3,robots,0.05851775035262108
11,encoder_self,0,0,The,4,<EOS>,0.5602862238883972
11,encoder_self,0,1,teacher,0,The,0.03745120018720627
11,encoder_self,0,1,teacher,1,teacher,0.2910243570804596
11,encoder_self,0,1,teacher,2,likes,0.492162823677063
11,encoder_self,0,1,teacher,3,robots,0.038747094571590424
11,encoder_self,0,1,teacher,4,<EOS>,0.14061449468135834
11,encoder_self,0,2,likes,0,The,0.1148168072104454
11,encoder_self,0,2,likes,1,teacher,0.3963038921356201
11,encoder_self,0,2,likes,2,likes,0.11909004300832748
11,encoder_self,0,2,likes,3,robots,0.1999829262495041
11,encoder_self,0,2,likes,4,<EOS>,0.1698063462972641
11,encoder_self,0,3,robots,0,The,0.004676367621868849
11,encoder_self,0,3,robots,1,teacher,0.09379488974809647
11,encoder_self,0,3,robots,2,likes,0.6117541790008545
11,encoder_self,0,3,robots,3,robots,0.27802374958992004
11,encoder_self,0,3,robots,4,<EOS>,0.011750874109566212
11,encoder_self,0,4,<EOS>,0,The,0.15144392848014832
11,encoder_self,0,4,<EOS>,1,teacher,0.13202156126499176
11,encoder_self,0,4,<EOS>,2,likes,0.06952875107526779
11,encoder_self,0,4,<EOS>,3,robots,0.13263069093227386
11,encoder_self,0,4,<EOS>,4,<EOS>,0.5143750905990601
11,encoder_self,1,0,The,0,The,0.016038304194808006
11,encoder_self,1,0,The,1,teacher,0.00012222121586091816
11,encoder_self,1,0,The,2,likes,5.8752430049935356e-05
11,encoder_self,1,0,The,3,robots,0.9732252359390259
11,encoder_self,1,0,The,4,<EOS>,0.010555488057434559
11,encoder_self,1,1,teacher,0,The,0.18265625834465027
11,encoder_self,1,1,teacher,1,teacher,0.17450667917728424
11,encoder_self,1,1,teacher,2,likes,0.3040982484817505
11,encoder_self,1,1,teacher,3,robots,0.07463417202234268
11,encoder_self,1,1,teacher,4,<EOS>,0.26410460472106934
11,encoder_self,1,2,likes,0,The,0.07648476958274841
11,encoder_self,1,2,likes,1,teacher,0.28226110339164734
11,encoder_self,1,2,likes,2,likes,0.5235334634780884
11,encoder_self,1,2,likes,3,robots,0.03515283390879631
11,encoder_self,1,2,likes,4,<EOS>,0.08256787806749344
11,encoder_self,1,3,robots,0,The,0.07031615078449249
11,encoder_self,1,3,robots,1,teacher,0.2841683328151703
11,encoder_self,1,3,robots,2,likes,0.3192286789417267
11,encoder_self,1,3,robots,3,robots,0.0015716218622401357
11,encoder_self,1,3,robots,4,<EOS>,0.3247152864933014
11,encoder_self,1,4,<EOS>,0,The,0.021401170641183853
11,encoder_self,1,4,<EOS>,1,teacher,0.0003626072430051863
11,encoder_self,1,4,<EOS>,2,likes,0.00033767204149626195
11,encoder_self,1,4,<EOS>,3,robots,0.9685239791870117
11,encoder_self,1,4,<EOS>,4,<EOS>,0.009374485351145267
11,decoder_masked,0,0,<SOS>,0,<SOS>,1.0
11,decoder_masked,0,0,<SOS>,1,선생님은,0.0
11,decoder_masked,0,0,<SOS>,2,로봇을,0.0
11,decoder_masked,0,0,<SOS>,3,좋아한다,0.0
11,decoder_masked,0,1,선생님은,0,<SOS>,0.7057950496673584
11,decoder_masked,0,1,선생님은,1,선생님은,0.2942048907279968
11,decoder_masked,0,1,선생님은,2,로봇을,0.0
11,decoder_masked,0,1,선생님은,3,좋아한다,0.0
11,decoder_masked,0,2,로봇을,0,<SOS>,0.11788598448038101
11,decoder_masked,0,2,로봇을,1,선생님은,0.7645685076713562
11,decoder_masked,0,2,로봇을,2,로봇을,0.11754551529884338
11,decoder_masked,0,2,로봇을,3,좋아한다,0.0
11,decoder_masked,0,3,좋아한다,0,<SOS>,0.9754654765129089
11,decoder_masked,0,3,좋아한다,1,선생님은,0.008433266542851925
11,decoder_masked,0,3,좋아한다,2,로봇을,0.008912424556910992
11,decoder_masked,0,3,좋아한다,3,좋아한다,0.007188824936747551
11,decoder_masked,1,0,<SOS>,0,<SOS>,1.0
11,decoder_masked,1,0,<SOS>,1,선생님은,0.0
11,decoder_masked,1,0,<SOS>,2,로봇을,0.0
11,decoder_masked,1,0,<SOS>,3,좋아한다,0.0
11,decoder_masked,1,1,선생님은,0,<SOS>,0.9006732702255249
11,decoder_masked,1,1,선생님은,1,선생님은,0.0993267074227333
11,decoder_masked,1,1,선생님은,2,로봇을,0.0
11,decoder_masked,1,1,선생님은,3,좋아한다,0.0
11,decoder_masked,1,2,로봇을,0,<SOS>,0.6399564743041992
11,decoder_masked,1,2,로봇을,1,선생님은,0.23793277144432068
11,decoder_masked,1,2,로봇을,2,로봇을,0.12211079895496368
11,decoder_masked,1,2,로봇을,3,좋아한다,0.0
11,decoder_masked,1,3,좋아한다,0,<SOS>,0.6820058822631836
11,decoder_masked,1,3,좋아한다,1,선생님은,0.03954154998064041
11,decoder_masked,1,3,좋아한다,2,로봇을,0.21715882420539856
11,decoder_masked,1,3,좋아한다,3,좋아한다,0.0612938329577446
11,decoder_cross,0,0,<SOS>,0,The,0.16938012838363647
11,decoder_cross,0,0,<SOS>,1,teacher,0.09265965968370438
11,decoder_cross,0,0,<SOS>,2,likes,0.476254940032959
11,decoder_cross,0,0,<SOS>,3,robots,0.1700446605682373
11,decoder_cross,0,0,<SOS>,4,<EOS>,0.09166065603494644
11,decoder_cross,0,1,선생님은,0,The,0.22804945707321167
11,decoder_cross,0,1,선생님은,1,teacher,0.15495558083057404
11,decoder_cross,0,1,선생님은,2,likes,0.2526457905769348
11,decoder_cross,0,1,선생님은,3,robots,0.18142300844192505
11,decoder_cross,0,1,선생님은,4,<EOS>,0.18292614817619324
11,decoder_cross,0,2,로봇을,0,The,0.14856068789958954
11,decoder_cross,0,2,로봇을,1,teacher,0.1680106818675995
11,decoder_cross,0,2,로봇을,2,likes,0.31430211663246155
11,decoder_cross,0,2,로봇을,3,robots,0.2749543786048889
11,decoder_cross,0,2,로봇을,4,<EOS>,0.09417211264371872
11,decoder_cross,0,3,좋아한다,0,The,0.17729049921035767
11,decoder_cross,0,3,좋아한다,1,teacher,0.1531434953212738
11,decoder_cross,0,3,좋아한다,2,likes,0.3188689649105072
11,decoder_cross,0,3,좋아한다,3,robots,0.21516360342502594
11,decoder_cross,0,3,좋아한다,4,<EOS>,0.135533407330513
11,decoder_cross,1,0,<SOS>,0,The,0.1699606031179428
11,decoder_cross,1,0,<SOS>,1,teacher,0.19177256524562836
11,decoder_cross,1,0,<SOS>,2,likes,0.23929546773433685
11,decoder_cross,1,0,<SOS>,3,robots,0.21808433532714844
11,decoder_cross,1,0,<SOS>,4,<EOS>,0.18088707327842712
11,decoder_cross,1,1,선생님은,0,The,0.212987020611763
11,decoder_cross,1,1,선생님은,1,teacher,0.22161328792572021
11,decoder_cross,1,1,선생님은,2,likes,0.1294567584991455
11,decoder_cross,1,1,선생님은,3,robots,0.22003516554832458
11,decoder_cross,1,1,선생님은,4,<EOS>,0.21590784192085266
11,decoder_cross,1,2,로봇을,0,The,0.20118385553359985
11,decoder_cross,1,2,로봇을,1,teacher,0.17835861444473267
11,decoder_cross,1,2,로봇을,2,likes,0.25356215238571167
11,decoder_cross,1,2,로봇을,3,robots,0.18671178817749023
11,decoder_cross,1,2,로봇을,4,<EOS>,0.18018358945846558
11,decoder_cross,1,3,좋아한다,0,The,0.2015969455242157
11,decoder_cross,1,3,좋아한다,1,teacher,0.21938477456569672
11,decoder_cross,1,3,좋아한다,2,likes,0.17738227546215057
11,decoder_cross,1,3,좋아한다,3,robots,0.1854114979505539
11,decoder_cross,1,3,좋아한다,4,<EOS>,0.21622447669506073
12,encoder_self,0,0,The,0,The,0.3652561902999878
12,encoder_self,0,0,The,1,teacher,0.011791360564529896
12,encoder_self,0,0,The,2,likes,0.005566469859331846
12,encoder_self,0,0,The,3,robots,0.057076338678598404
12,encoder_self,0,0,The,4,<EOS>,0.5603097081184387
12,encoder_self,0,1,teacher,0,The,0.03789854422211647
12,encoder_self,0,1,teacher,1,teacher,0.29142439365386963
12,encoder_self,0,1,teacher,2,likes,0.49003663659095764
12,encoder_self,0,1,teacher,3,robots,0.038612667471170425
12,encoder_self,0,1,teacher,4,<EOS>,0.1420278251171112
12,encoder_self,0,2,likes,0,The,0.11443562805652618
12,encoder_self,0,2,likes,1,teacher,0.39667919278144836
12,encoder_self,0,2,likes,2,likes,0.11921072006225586
12,encoder_self,0,2,likes,3,robots,0.20024484395980835
12,encoder_self,0,2,likes,4,<EOS>,0.16942964494228363
12,encoder_self,0,3,robots,0,The,0.004702256992459297
12,encoder_self,0,3,robots,1,teacher,0.09376373142004013
12,encoder_self,0,3,robots,2,likes,0.6133261919021606
12,encoder_self,0,3,robots,3,robots,0.276410311460495
12,encoder_self,0,3,robots,4,<EOS>,0.01179748959839344
12,encoder_self,0,4,<EOS>,0,The,0.15294097363948822
12,encoder_self,0,4,<EOS>,1,teacher,0.13087324798107147
12,encoder_self,0,4,<EOS>,2,likes,0.06841512024402618
12,encoder_self,0,4,<EOS>,3,robots,0.1302926242351532
12,encoder_self,0,4,<EOS>,4,<EOS>,0.5174779891967773
12,encoder_self,1,0,The,0,The,0.016228489577770233
12,encoder_self,1,0,The,1,teacher,0.0001236108801094815
12,encoder_self,1,0,The,2,likes,5.978588524158113e-05
12,encoder_self,1,0,The,3,robots,0.9729329943656921
12,encoder_self,1,0,The,4,<EOS>,0.010655125603079796
12,encoder_self,1,1,teacher,0,The,0.1828690767288208
12,encoder_self,1,1,teacher,1,teacher,0.17440573871135712
12,encoder_self,1,1,teacher,2,likes,0.3033728003501892
12,encoder_self,1,1,teacher,3,robots,0.07513104379177094
12,encoder_self,1,1,teacher,4,<EOS>,0.2642213702201843
12,encoder_self,1,2,likes,0,The,0.07650364190340042
12,encoder_self,1,2,likes,1,teacher,0.28222566843032837
12,encoder_self,1,2,likes,2,likes,0.5232744216918945
12,encoder_self,1,2,likes,3,robots,0.03540071099996567
12,encoder_self,1,2,likes,4,<EOS>,0.08259553462266922
12,encoder_self,1,3,robots,0,The,0.07089819759130478
12,encoder_self,1,3,robots,1,teacher,0.2838662564754486
12,encoder_self,1,3,robots,2,likes,0.31741440296173096
12,encoder_self,1,3,robots,3,robots,0.0016068113036453724
12,encoder_self,1,3,robots,4,<EOS>,0.32621434330940247
12,encoder_self,1,4,<EOS>,0,The,0.021511394530534744
12,encoder_self,1,4,<EOS>,1,teacher,0.00036414802889339626
12,encoder_self,1,4,<EOS>,2,likes,0.0003402920556254685
12,encoder_self,1,4,<EOS>,3,robots,0.9683805108070374
12,encoder_self,1,4,<EOS>,4,<EOS>,0.009403578005731106
12,decoder_masked,0,0,<SOS>,0,<SOS>,1.0
12,decoder_masked,0,0,<SOS>,1,선생님은,0.0
12,decoder_masked,0,0,<SOS>,2,로봇을,0.0
12,decoder_masked,0,0,<SOS>,3,좋아한다,0.0
12,decoder_masked,0,1,선생님은,0,<SOS>,0.709672749042511
12,decoder_masked,0,1,선생님은,1,선생님은,0.290327250957489
12,decoder_masked,0,1,선생님은,2,로봇을,0.0
12,decoder_masked,0,1,선생님은,3,좋아한다,0.0
12,decoder_masked,0,2,로봇을,0,<SOS>,0.12547945976257324
12,decoder_masked,0,2,로봇을,1,선생님은,0.7561832666397095
12,decoder_masked,0,2,로봇을,2,로봇을,0.1183372363448143
12,decoder_masked,0,2,로봇을,3,좋아한다,0.0
12,decoder_masked,0,3,좋아한다,0,<SOS>,0.9770032167434692
12,decoder_masked,0,3,좋아한다,1,선생님은,0.007943532429635525
12,decoder_masked,0,3,좋아한다,2,로봇을,0.008320222608745098
12,decoder_masked,0,3,좋아한다,3,좋아한다,0.00673298817127943
12,decoder_masked,1,0,<SOS>,0,<SOS>,1.0
12,decoder_masked,1,0,<SOS>,1,선생님은,0.0
12,decoder_masked,1,0,<SOS>,2,로봇을,0.0
12,decoder_masked,1,0,<SOS>,3,좋아한다,0.0
12,decoder_masked,1,1,선생님은,0,<SOS>,0.8991536498069763
12,decoder_masked,1,1,선생님은,1,선생님은,0.10084640979766846
12,decoder_masked,1,1,선생님은,2,로봇을,0.0
12,decoder_masked,1,1,선생님은,3,좋아한다,0.0
12,decoder_masked,1,2,로봇을,0,<SOS>,0.6715649366378784
12,decoder_masked,1,2,로봇을,1,선생님은,0.2193625122308731
12,decoder_masked,1,2,로봇을,2,로봇을,0.10907256603240967
12,decoder_masked,1,2,로봇을,3,좋아한다,0.0
12,decoder_masked,1,3,좋아한다,0,<SOS>,0.6618561744689941
12,decoder_masked,1,3,좋아한다,1,선생님은,0.04099838435649872
12,decoder_masked,1,3,좋아한다,2,로봇을,0.23351533710956573
12,decoder_masked,1,3,좋아한다,3,좋아한다,0.06363005936145782
12,decoder_cross,0,0,<SOS>,0,The,0.17090792953968048
12,decoder_cross,0,0,<SOS>,1,teacher,0.09330754727125168
12,decoder_cross,0,0,<SOS>,2,likes,0.4726620316505432
12,decoder_cross,0,0,<SOS>,3,robots,0.17047224938869476
12,decoder_cross,0,0,<SOS>,4,<EOS>,0.09265021234750748
12,decoder_cross,0,1,선생님은,0,The,0.22832845151424408
12,decoder_cross,0,1,선생님은,1,teacher,0.15490080416202545
12,decoder_cross,0,1,선생님은,2,likes,0.25245895981788635
12,decoder_cross,0,1,선생님은,3,robots,0.1815706193447113
12,decoder_cross,0,1,선생님은,4,<EOS>,0.182741180062294
12,decoder_cross,0,2,로봇을,0,The,0.14659470319747925
12,decoder_cross,0,2,로봇을,1,teacher,0.1674484759569168
12,decoder_cross,0,2,로봇을,2,likes,0.3172127902507782
12,decoder_cross,0,2,로봇을,3,robots,0.27608224749565125
12,decoder_cross,0,2,로봇을,4,<EOS>,0.0926617830991745
12,decoder_cross,0,3,좋아한다,0,The,0.1788836121559143
12,decoder_cross,0,3,좋아한다,1,teacher,0.15220142900943756
12,decoder_cross,0,3,좋아한다,2,likes,0.31889066100120544
12,decoder_cross,0,3,좋아한다,3,robots,0.21420618891716003
12,decoder_cross,0,3,좋아한다,4,<EOS>,0.13581815361976624
12,decoder_cross,1,0,<SOS>,0,The,0.17039194703102112
12,decoder_cross,1,0,<SOS>,1,teacher,0.19223803281784058
12,decoder_cross,1,0,<SOS>,2,likes,0.2376260757446289
12,decoder_cross,1,0,<SOS>,3,robots,0.21854524314403534
12,decoder_cross,1,0,<SOS>,4,<EOS>,0.18119874596595764
12,decoder_cross,1,1,선생님은,0,The,0.21309228241443634
12,decoder_cross,1,1,선생님은,1,teacher,0.22140169143676758
12,decoder_cross,1,1,선생님은,2,likes,0.12965087592601776
12,decoder_cross,1,1,선생님은,3,robots,0.21999485790729523
12,decoder_cross,1,1,선생님은,4,<EOS>,0.21586032211780548
12,decoder_cross,1,2,로봇을,0,The,0.20054323971271515
12,decoder_cross,1,2,로봇을,1,teacher,0.1787799596786499
12,decoder_cross,1,2,로봇을,2,likes,0.2538296580314636
12,decoder_cross,1,2,로봇을,3,robots,0.18653644621372223
12,decoder_cross,1,2,로봇을,4,<EOS>,0.18031078577041626
12,decoder_cross,1,3,좋아한다,0,The,0.20184729993343353
12,decoder_cross,1,3,좋아한다,1,teacher,0.21928882598876953
12,decoder_cross,1,3,좋아한다,2,likes,0.17668676376342773
12,decoder_cross,1,3,좋아한다,3,robots,0.18615363538265228
12,decoder_cross,1,3,좋아한다,4,<EOS>,0.2160234898328781
13,encoder_self,0,0,The,0,The,0.3646394908428192
13,encoder_self,0,0,The,1,teacher,0.011800953187048435
13,encoder_self,0,0,The,2,likes,0.005663046147674322
13,encoder_self,0,0,The,3,robots,0.057540010660886765
13,encoder_self,0,0,The,4,<EOS>,0.5603564381599426
13,encoder_self,0,1,teacher,0,The,0.03754819557070732
13,encoder_self,0,1,teacher,1,teacher,0.29040318727493286
13,encoder_self,0,1,teacher,2,likes,0.49244698882102966
13,encoder_self,0,1,teacher,3,robots,0.03864562138915062
13,encoder_self,0,1,teacher,4,<EOS>,0.1409560739994049
13,encoder_self,0,2,likes,0,The,0.11431565880775452
13,encoder_self,0,2,likes,1,teacher,0.3969457745552063
13,encoder_self,0,2,likes,2,likes,0.11906500160694122
13,encoder_self,0,2,likes,3,robots,0.200352281332016
13,encoder_self,0,2,likes,4,<EOS>,0.16932128369808197
13,encoder_self,0,3,robots,0,The,0.004730869084596634
13,encoder_self,0,3,robots,1,teacher,0.0934922993183136
13,encoder_self,0,3,robots,2,likes,0.6135002970695496
13,encoder_self,0,3,robots,3,robots,0.27642884850502014
13,encoder_self,0,3,robots,4,<EOS>,0.011847731657326221
13,encoder_self,0,4,<EOS>,0,The,0.15224935114383698
13,encoder_self,0,4,<EOS>,1,teacher,0.1308860033750534
13,encoder_self,0,4,<EOS>,2,likes,0.06943684816360474
13,encoder_self,0,4,<EOS>,3,robots,0.13119038939476013
13,encoder_self,0,4,<EOS>,4,<EOS>,0.5162373781204224
13,encoder_self,1,0,The,0,The,0.016090188175439835
13,encoder_self,1,0,The,1,teacher,0.00012273626634851098
13,encoder_self,1,0,The,2,likes,6.0043897974537686e-05
13,encoder_self,1,0,The,3,robots,0.9730912446975708
13,encoder_self,1,0,The,4,<EOS>,0.010635816492140293
13,encoder_self,1,1,teacher,0,The,0.1823296844959259
13,encoder_self,1,1,teacher,1,teacher,0.17458124458789825
13,encoder_self,1,1,teacher,2,likes,0.304081529378891
13,encoder_self,1,1,teacher,3,robots,0.07509563863277435
13,encoder_self,1,1,teacher,4,<EOS>,0.2639118731021881
13,encoder_self,1,2,likes,0,The,0.07671387493610382
13,encoder_self,1,2,likes,1,teacher,0.2826917767524719
13,encoder_self,1,2,likes,2,likes,0.522497296333313
13,encoder_self,1,2,likes,3,robots,0.03543141484260559
13,encoder_self,1,2,likes,4,<EOS>,0.08266569674015045
13,encoder_self,1,3,robots,0,The,0.07061195373535156
13,encoder_self,1,3,robots,1,teacher,0.28424710035324097
13,encoder_self,1,3,robots,2,likes,0.31811580061912537
13,encoder_self,1,3,robots,3,robots,0.0016058686887845397
13,encoder_self,1,3,robots,4,<EOS>,0.32541927695274353
13,encoder_self,1,4,<EOS>,0,The,0.021391024813055992
13,encoder_self,1,4,<EOS>,1,teacher,0.0003627981641329825
13,encoder_self,1,4,<EOS>,2,likes,0.0003417560365051031
13,encoder_self,1,4,<EOS>,3,robots,0.9685064554214478
13,encoder_self,1,4,<EOS>,4,<EOS>,0.00939803197979927
13,decoder_masked,0,0,<SOS>,0,<SOS>,1.0
13,decoder_masked,0,0,<SOS>,1,선생님은,0.0
13,decoder_masked,0,0,<SOS>,2,로봇을,0.0
13,decoder_masked,0,0,<SOS>,3,좋아한다,0.0
13,decoder_masked,0,1,선생님은,0,<SOS>,0.7018470764160156
13,decoder_masked,0,1,선생님은,1,선생님은,0.2981529235839844
13,decoder_masked,0,1,선생님은,2,로봇을,0.0
13,decoder_masked,0,1,선생님은,3,좋아한다,0.0
13,decoder_masked,0,2,로봇을,0,<SOS>,0.1256871223449707
13,decoder_masked,0,2,로봇을,1,선생님은,0.7563981413841248
13,decoder_masked,0,2,로봇을,2,로봇을,0.11791475862264633
13,decoder_masked,0,2,로봇을,3,좋아한다,0.0
13,decoder_masked,0,3,좋아한다,0,<SOS>,0.9749584794044495
13,decoder_masked,0,3,좋아한다,1,선생님은,0.008671819232404232
13,decoder_masked,0,3,좋아한다,2,로봇을,0.00897468626499176
13,decoder_masked,0,3,좋아한다,3,좋아한다,0.007395031396299601
13,decoder_masked,1,0,<SOS>,0,<SOS>,1.0
13,decoder_masked,1,0,<SOS>,1,선생님은,0.0
13,decoder_masked,1,0,<SOS>,2,로봇을,0.0
13,decoder_masked,1,0,<SOS>,3,좋아한다,0.0
13,decoder_masked,1,1,선생님은,0,<SOS>,0.9002594947814941
13,decoder_masked,1,1,선생님은,1,선생님은,0.09974049031734467
13,decoder_masked,1,1,선생님은,2,로봇을,0.0
13,decoder_masked,1,1,선생님은,3,좋아한다,0.0
13,decoder_masked,1,2,로봇을,0,<SOS>,0.672917902469635
13,decoder_masked,1,2,로봇을,1,선생님은,0.21841883659362793
13,decoder_masked,1,2,로봇을,2,로봇을,0.10866326838731766
13,decoder_masked,1,2,로봇을,3,좋아한다,0.0
13,decoder_masked,1,3,좋아한다,0,<SOS>,0.6677748560905457
13,decoder_masked,1,3,좋아한다,1,선생님은,0.04022020846605301
13,decoder_masked,1,3,좋아한다,2,로봇을,0.2300267517566681
13,decoder_masked,1,3,좋아한다,3,좋아한다,0.06197816878557205
13,decoder_cross,0,0,<SOS>,0,The,0.17043472826480865
13,decoder_cross,0,0,<SOS>,1,teacher,0.09261341392993927
13,decoder_cross,0,0,<SOS>,2,likes,0.4747505784034729
13,decoder_cross,0,0,<SOS>,3,robots,0.17028911411762238
13,decoder_cross,0,0,<SOS>,4,<EOS>,0.09191208332777023
13,decoder_cross,0,1,선생님은,0,The,0.22885169088840485
13,decoder_cross,0,1,선생님은,1,teacher,0.15385179221630096
13,decoder_cross,0,1,선생님은,2,likes,0.25413280725479126
13,decoder_cross,0,1,선생님은,3,robots,0.181030735373497
13,decoder_cross,0,1,선생님은,4,<EOS>,0.18213297426700592
13,decoder_cross,0,2,로봇을,0,The,0.1457071751356125
13,decoder_cross,0,2,로봇을,1,teacher,0.16659162938594818
13,decoder_cross,0,2,로봇을,2,likes,0.3193091154098511
13,decoder_cross,0,2,로봇을,3,robots,0.2766156494617462
13,decoder_cross,0,2,로봇을,4,<EOS>,0.09177640825510025
13,decoder_cross,0,3,좋아한다,0,The,0.17935298383235931
13,decoder_cross,0,3,좋아한다,1,teacher,0.1506769210100174
13,decoder_cross,0,3,좋아한다,2,likes,0.3215942680835724
13,decoder_cross,0,3,좋아한다,3,robots,0.21334613859653473
13,decoder_cross,0,3,좋아한다,4,<EOS>,0.1350296437740326
13,decoder_cross,1,0,<SOS>,0,The,0.17095573246479034
13,decoder_cross,1,0,<SOS>,1,teacher,0.19293129444122314
13,decoder_cross,1,0,<SOS>,2,likes,0.23454293608665466
13,decoder_cross,1,0,<SOS>,3,robots,0.21983249485492706
13,decoder_cross,1,0,<SOS>,4,<EOS>,0.18173760175704956
13,decoder_cross,1,1,선생님은,0,The,0.21313589811325073
13,decoder_cross,1,1,선생님은,1,teacher,0.22176910936832428
13,decoder_cross,1,1,선생님은,2,likes,0.1279880702495575
13,decoder_cross,1,1,선생님은,3,robots,0.22107723355293274
13,decoder_cross,1,1,선생님은,4,<EOS>,0.21602973341941833
13,decoder_cross,1,2,로봇을,0,The,0.20081081986427307
13,decoder_cross,1,2,로봇을,1,teacher,0.1791842132806778
13,decoder_cross,1,2,로봇을,2,likes,0.2523441016674042
13,decoder_cross,1,2,로봇을,3,robots,0.1871023029088974
13,decoder_cross,1,2,로봇을,4,<EOS>,0.18055863678455353
13,decoder_cross,1,3,좋아한다,0,The,0.20216284692287445
13,decoder_cross,1,3,좋아한다,1,teacher,0.21997642517089844
13,decoder_cross,1,3,좋아한다,2,likes,0.17383405566215515
13,decoder_cross,1,3,좋아한다,3,robots,0.18759970366954803
13,decoder_cross,1,3,좋아한다,4,<EOS>,0.21642696857452393
14,encoder_self,0,0,The,0,The,0.3658103942871094
14,encoder_self,0,0,The,1,teacher,0.01169272605329752
14,encoder_self,0,0,The,2,likes,0.005600638687610626
14,encoder_self,0,0,The,3,robots,0.05742915719747543
14,encoder_self,0,0,The,4,<EOS>,0.559467077255249
14,encoder_self,0,1,teacher,0,The,0.03761276602745056
14,encoder_self,0,1,teacher,1,teacher,0.29039496183395386
14,encoder_self,0,1,teacher,2,likes,0.4923139214515686
14,encoder_self,0,1,teacher,3,robots,0.038657475262880325
14,encoder_self,0,1,teacher,4,<EOS>,0.14102081954479218
14,encoder_self,0,2,likes,0,The,0.11420397460460663
14,encoder_self,0,2,likes,1,teacher,0.3971753418445587
14,encoder_self,0,2,likes,2,likes,0.11921346932649612
14,encoder_self,0,2,likes,3,robots,0.20012323558330536
14,encoder_self,0,2,likes,4,<EOS>,0.169283926486969
14,encoder_self,0,3,robots,0,The,0.004766065161675215
14,encoder_self,0,3,robots,1,teacher,0.09343984723091125
14,encoder_self,0,3,robots,2,likes,0.6120467185974121
14,encoder_self,0,3,robots,3,robots,0.27784815430641174
14,encoder_self,0,3,robots,4,<EOS>,0.011899211443960667
14,encoder_self,0,4,<EOS>,0,The,0.1529095619916916
14,encoder_self,0,4,<EOS>,1,teacher,0.13028869032859802
14,encoder_self,0,4,<EOS>,2,likes,0.06900294870138168
14,encoder_self,0,4,<EOS>,3,robots,0.13123250007629395
14,encoder_self,0,4,<EOS>,4,<EOS>,0.516566276550293
14,encoder_self,1,0,The,0,The,0.01621338725090027
14,encoder_self,1,0,The,1,teacher,0.0001264659222215414
14,encoder_self,1,0,The,2,likes,6.251025479286909e-05
14,encoder_self,1,0,The,3,robots,0.9727842211723328
14,encoder_self,1,0,The,4,<EOS>,0.010813501663506031
14,encoder_self,1,1,teacher,0,The,0.18251776695251465
14,encoder_self,1,1,teacher,1,teacher,0.1745319813489914
14,encoder_self,1,1,teacher,2,likes,0.30392080545425415
14,encoder_self,1,1,teacher,3,robots,0.07481511682271957
14,encoder_self,1,1,teacher,4,<EOS>,0.26421430706977844
14,encoder_self,1,2,likes,0,The,0.07707333564758301
14,encoder_self,1,2,likes,1,teacher,0.28276675939559937
14,encoder_self,1,2,likes,2,likes,0.5216277837753296
14,encoder_self,1,2,likes,3,robots,0.03563079610466957
14,encoder_self,1,2,likes,4,<EOS>,0.08290127664804459
14,encoder_self,1,3,robots,0,The,0.07071781903505325
14,encoder_self,1,3,robots,1,teacher,0.2839628756046295
14,encoder_self,1,3,robots,2,likes,0.31776565313339233
14,encoder_self,1,3,robots,3,robots,0.0015984860947355628
14,encoder_self,1,3,robots,4,<EOS>,0.3259551227092743
14,encoder_self,1,4,<EOS>,0,The,0.021530039608478546
14,encoder_self,1,4,<EOS>,1,teacher,0.0003702910616993904
14,encoder_self,1,4,<EOS>,2,likes,0.0003509983653202653
14,encoder_self,1,4,<EOS>,3,robots,0.9682364463806152
14,encoder_self,1,4,<EOS>,4,<EOS>,0.009512214921414852
14,decoder_masked,0,0,<SOS>,0,<SOS>,1.0
14,decoder_masked,0,0,<SOS>,1,선생님은,0.0
14,decoder_masked,0,0,<SOS>,2,로봇을,0.0
14,decoder_masked,0,0,<SOS>,3,좋아한다,0.0
14,decoder_masked,0,1,선생님은,0,<SOS>,0.7083609700202942
14,decoder_masked,0,1,선생님은,1,선생님은,0.2916390597820282
14,decoder_masked,0,1,선생님은,2,로봇을,0.0
14,decoder_masked,0,1,선생님은,3,좋아한다,0.0
14,decoder_masked,0,2,로봇을,0,<SOS>,0.11773708462715149
14,decoder_masked,0,2,로봇을,1,선생님은,0.7625554800033569
14,decoder_masked,0,2,로봇을,2,로봇을,0.11970745027065277
14,decoder_masked,0,2,로봇을,3,좋아한다,0.0
14,decoder_masked,0,3,좋아한다,0,<SOS>,0.9761475324630737
14,decoder_masked,0,3,좋아한다,1,선생님은,0.008251138962805271
14,decoder_masked,0,3,좋아한다,2,로봇을,0.008574195206165314
14,decoder_masked,0,3,좋아한다,3,좋아한다,0.007027085404843092
14,decoder_masked,1,0,<SOS>,0,<SOS>,1.0
14,decoder_masked,1,0,<SOS>,1,선생님은,0.0
14,decoder_masked,1,0,<SOS>,2,로봇을,0.0
14,decoder_masked,1,0,<SOS>,3,좋아한다,0.0
14,decoder_masked,1,1,선생님은,0,<SOS>,0.9000685214996338
14,decoder_masked,1,1,선생님은,1,선생님은,0.09993147850036621
14,decoder_masked,1,1,선생님은,2,로봇을,0.0
14,decoder_masked,1,1,선생님은,3,좋아한다,0.0
14,decoder_masked,1,2,로봇을,0,<SOS>,0.7057373523712158
14,decoder_masked,1,2,로봇을,1,선생님은,0.19833612442016602
14,decoder_masked,1,2,로봇을,2,로봇을,0.09592656046152115
14,decoder_masked,1,2,로봇을,3,좋아한다,0.0
14,decoder_masked,1,3,좋아한다,0,<SOS>,0.6586441397666931
14,decoder_masked,1,3,좋아한다,1,선생님은,0.040063586086034775
14,decoder_masked,1,3,좋아한다,2,로봇을,0.23878926038742065
14,decoder_masked,1,3,좋아한다,3,좋아한다,0.06250304728746414
14,decoder_cross,0,0,<SOS>,0,The,0.1697445809841156
14,decoder_cross,0,0,<SOS>,1,teacher,0.09206800907850266
14,decoder_cross,0,0,<SOS>,2,likes,0.4762677550315857
14,decoder_cross,0,0,<SOS>,3,robots,0.17084988951683044
14,decoder_cross,0,0,<SOS>,4,<EOS>,0.0910697802901268
14,decoder_cross,0,1,선생님은,0,The,0.2285287082195282
14,decoder_cross,0,1,선생님은,1,teacher,0.1517215520143509
14,decoder_cross,0,1,선생님은,2,likes,0.25932517647743225
14,decoder_cross,0,1,선생님은,3,robots,0.18123850226402283
14,decoder_cross,0,1,선생님은,4,<EOS>,0.17918607592582703
14,decoder_cross,0,2,로봇을,0,The,0.14238587021827698
14,decoder_cross,0,2,로봇을,1,teacher,0.1651332676410675
14,decoder_cross,0,2,로봇을,2,likes,0.3238001763820648
14,decoder_cross,0,2,로봇을,3,robots,0.27943339943885803
14,decoder_cross,0,2,로봇을,4,<EOS>,0.08924724906682968
14,decoder_cross,0,3,좋아한다,0,The,0.1799856722354889
14,decoder_cross,0,3,좋아한다,1,teacher,0.148009791970253
14,decoder_cross,0,3,좋아한다,2,likes,0.3264504373073578
14,decoder_cross,0,3,좋아한다,3,robots,0.2120460569858551
14,decoder_cross,0,3,좋아한다,4,<EOS>,0.13350799679756165
14,decoder_cross,1,0,<SOS>,0,The,0.17118042707443237
14,decoder_cross,1,0,<SOS>,1,teacher,0.19349509477615356
14,decoder_cross,1,0,<SOS>,2,likes,0.23250800371170044
14,decoder_cross,1,0,<SOS>,3,robots,0.22081680595874786
14,decoder_cross,1,0,<SOS>,4,<EOS>,0.18199963867664337
14,decoder_cross,1,1,선생님은,0,The,0.21277958154678345
14,decoder_cross,1,1,선생님은,1,teacher,0.22177937626838684
14,decoder_cross,1,1,선생님은,2,likes,0.12761971354484558
14,decoder_cross,1,1,선생님은,3,robots,0.22202783823013306
14,decoder_cross,1,1,선생님은,4,<EOS>,0.21579350531101227
14,decoder_cross,1,2,로봇을,0,The,0.20074903964996338
14,decoder_cross,1,2,로봇을,1,teacher,0.18004675209522247
14,decoder_cross,1,2,로봇을,2,likes,0.2510519325733185
14,decoder_cross,1,2,로봇을,3,robots,0.18692909181118011
14,decoder_cross,1,2,로봇을,4,<EOS>,0.18122315406799316
14,decoder_cross,1,3,좋아한다,0,The,0.20168139040470123
14,decoder_cross,1,3,좋아한다,1,teacher,0.21973024308681488
14,decoder_cross,1,3,좋아한다,2,likes,0.17403653264045715
14,decoder_cross,1,3,좋아한다,3,robots,0.18866747617721558
14,decoder_cross,1,3,좋아한다,4,<EOS>,0.21588438749313354
15,encoder_self,0,0,The,0,The,0.36373817920684814
15,encoder_self,0,0,The,1,teacher,0.011855249293148518
15,encoder_self,0,0,The,2,likes,0.005727995652705431
15,encoder_self,0,0,The,3,robots,0.05833727493882179
15,encoder_self,0,0,The,4,<EOS>,0.5603412985801697
15,encoder_self,0,1,teacher,0,The,0.03720829263329506
15,encoder_self,0,1,teacher,1,teacher,0.2898753881454468
15,encoder_self,0,1,teacher,2,likes,0.494273841381073
15,encoder_self,0,1,teacher,3,robots,0.03869714215397835
15,encoder_self,0,1,teacher,4,<EOS>,0.1399453580379486
15,encoder_self,0,2,likes,0,The,0.11449587345123291
15,encoder_self,0,2,likes,1,teacher,0.39687761664390564
15,encoder_self,0,2,likes,2,likes,0.11900961399078369
15,encoder_self,0,2,likes,3,robots,0.2000921070575714
15,encoder_self,0,2,likes,4,<EOS>,0.16952475905418396
15,encoder_self,0,3,robots,0,The,0.004718233365565538
15,encoder_self,0,3,robots,1,teacher,0.09337480366230011
15,encoder_self,0,3,robots,2,likes,0.6126729846000671
15,encoder_self,0,3,robots,3,robots,0.2774166762828827
15,encoder_self,0,3,robots,4,<EOS>,0.011817317456007004
15,encoder_self,0,4,<EOS>,0,The,0.15140825510025024
15,encoder_self,0,4,<EOS>,1,teacher,0.1312621831893921
15,encoder_self,0,4,<EOS>,2,likes,0.07009266316890717
15,encoder_self,0,4,<EOS>,3,robots,0.13251525163650513
15,encoder_self,0,4,<EOS>,4,<EOS>,0.5147216320037842
15,encoder_self,1,0,The,0,The,0.016043400391936302
15,encoder_self,1,0,The,1,teacher,0.00012709251313935965
15,encoder_self,1,0,The,2,likes,6.299592496361583e-05
15,encoder_self,1,0,The,3,robots,0.9730035662651062
15,encoder_self,1,0,The,4,<EOS>,0.010762959718704224
15,encoder_self,1,1,teacher,0,The,0.18215087056159973
15,encoder_self,1,1,teacher,1,teacher,0.1747179478406906
15,encoder_self,1,1,teacher,2,likes,0.30439504981040955
15,encoder_self,1,1,teacher,3,robots,0.0748283863067627
15,encoder_self,1,1,teacher,4,<EOS>,0.2639077305793762
15,encoder_self,1,2,likes,0,The,0.07730326056480408
15,encoder_self,1,2,likes,1,teacher,0.2827332317829132
15,encoder_self,1,2,likes,2,likes,0.5212648510932922
15,encoder_self,1,2,likes,3,robots,0.03564968332648277
15,encoder_self,1,2,likes,4,<EOS>,0.083048976957798
15,encoder_self,1,3,robots,0,The,0.07057178765535355
15,encoder_self,1,3,robots,1,teacher,0.2840403616428375
15,encoder_self,1,3,robots,2,likes,0.3182808458805084
15,encoder_self,1,3,robots,3,robots,0.0015983103075996041
15,encoder_self,1,3,robots,4,<EOS>,0.32550865411758423
15,encoder_self,1,4,<EOS>,0,The,0.021363390609622
15,encoder_self,1,4,<EOS>,1,teacher,0.0003720149688888341
15,encoder_self,1,4,<EOS>,2,likes,0.0003533112467266619
15,encoder_self,1,4,<EOS>,3,robots,0.968430757522583
15,encoder_self,1,4,<EOS>,4,<EOS>,0.009480498731136322
15,decoder_masked,0,0,<SOS>,0,<SOS>,1.0
15,decoder_masked,0,0,<SOS>,1,선생님은,0.0
15,decoder_masked,0,0,<SOS>,2,로봇을,0.0
15,decoder_masked,0,0,<SOS>,3,좋아한다,0.0
15,decoder_masked,0,1,선생님은,0,<SOS>,0.6709036827087402
15,decoder_masked,0,1,선생님은,1,선생님은,0.3290962874889374
15,decoder_masked,0,1,선생님은,2,로봇을,0.0
15,decoder_masked,0,1,선생님은,3,좋아한다,0.0
15,decoder_masked,0,2,로봇을,0,<SOS>,0.11811617016792297
15,decoder_masked,0,2,로봇을,1,선생님은,0.7627819776535034
15,decoder_masked,0,2,로봇을,2,로봇을,0.1191018596291542
15,decoder_masked,0,2,로봇을,3,좋아한다,0.0
15,decoder_masked,0,3,좋아한다,0,<SOS>,0.9734116196632385
15,decoder_masked,0,3,좋아한다,1,선생님은,0.009312793612480164
15,decoder_masked,0,3,좋아한다,2,로봇을,0.00937624927610159
15,decoder_masked,0,3,좋아한다,3,좋아한다,0.0078993896022439
15,decoder_masked,1,0,<SOS>,0,<SOS>,1.0
15,decoder_masked,1,0,<SOS>,1,선생님은,0.0
15,decoder_masked,1,0,<SOS>,2,로봇을,0.0
15,decoder_masked,1,0,<SOS>,3,좋아한다,0.0
15,decoder_masked,1,1,선생님은,0,<SOS>,0.9080564975738525
15,decoder_masked,1,1,선생님은,1,선생님은,0.09194352477788925
15,decoder_masked,1,1,선생님은,2,로봇을,0.0
15,decoder_masked,1,1,선생님은,3,좋아한다,0.0
15,decoder_masked,1,2,로봇을,0,<SOS>,0.7042562961578369
15,decoder_masked,1,2,로봇을,1,선생님은,0.19961833953857422
15,decoder_masked,1,2,로봇을,2,로봇을,0.09612535685300827
15,decoder_masked,1,2,로봇을,3,좋아한다,0.0
15,decoder_masked,1,3,좋아한다,0,<SOS>,0.6737332344055176
15,decoder_masked,1,3,좋아한다,1,선생님은,0.03718520328402519
15,decoder_masked,1,3,좋아한다,2,로봇을,0.22908103466033936
15,decoder_masked,1,3,좋아한다,3,좋아한다,0.06000055745244026
15,decoder_cross,0,0,<SOS>,0,The,0.17083241045475006
15,decoder_cross,0,0,<SOS>,1,teacher,0.09210372716188431
15,decoder_cross,0,0,<SOS>,2,likes,0.4752216041088104
15,decoder_cross,0,0,<SOS>,3,robots,0.16988235712051392
15,decoder_cross,0,0,<SOS>,4,<EOS>,0.09195997565984726
15,decoder_cross,0,1,선생님은,0,The,0.23111043870449066
15,decoder_cross,0,1,선생님은,1,teacher,0.14991521835327148
15,decoder_cross,0,1,선생님은,2,likes,0.25959664583206177
15,decoder_cross,0,1,선생님은,3,robots,0.1781761348247528
15,decoder_cross,0,1,선생님은,4,<EOS>,0.1812015175819397
15,decoder_cross,0,2,로봇을,0,The,0.14261507987976074
15,decoder_cross,0,2,로봇을,1,teacher,0.1643354892730713
15,decoder_cross,0,2,로봇을,2,likes,0.32541143894195557
15,decoder_cross,0,2,로봇을,3,robots,0.27835550904273987
15,decoder_cross,0,2,로봇을,4,<EOS>,0.08928252756595612
15,decoder_cross,0,3,좋아한다,0,The,0.18083518743515015
15,decoder_cross,0,3,좋아한다,1,teacher,0.1469685286283493
15,decoder_cross,0,3,좋아한다,2,likes,0.32788413763046265
15,decoder_cross,0,3,좋아한다,3,robots,0.21031934022903442
15,decoder_cross,0,3,좋아한다,4,<EOS>,0.13399288058280945
15,decoder_cross,1,0,<SOS>,0,The,0.1714182198047638
15,decoder_cross,1,0,<SOS>,1,teacher,0.19368182122707367
15,decoder_cross,1,0,<SOS>,2,likes,0.23158977925777435
15,decoder_cross,1,0,<SOS>,3,robots,0.2209637463092804
15,decoder_cross,1,0,<SOS>,4,<EOS>,0.1823464035987854
15,decoder_cross,1,1,선생님은,0,The,0.21274860203266144
15,decoder_cross,1,1,선생님은,1,teacher,0.2220313847064972
15,decoder_cross,1,1,선생님은,2,likes,0.12687133252620697
15,decoder_cross,1,1,선생님은,3,robots,0.2221437692642212
15,decoder_cross,1,1,선생님은,4,<EOS>,0.21620486676692963
15,decoder_cross,1,2,로봇을,0,The,0.20060867071151733
15,decoder_cross,1,2,로봇을,1,teacher,0.1800081580877304
15,decoder_cross,1,2,로봇을,2,likes,0.2511880397796631
15,decoder_cross,1,2,로봇을,3,robots,0.18703314661979675
15,decoder_cross,1,2,로봇을,4,<EOS>,0.18116208910942078
15,decoder_cross,1,3,좋아한다,0,The,0.20151682198047638
15,decoder_cross,1,3,좋아한다,1,teacher,0.22011145949363708
15,decoder_cross,1,3,좋아한다,2,likes,0.17299167811870575
15,decoder_cross,1,3,좋아한다,3,robots,0.18924382328987122
15,decoder_cross,1,3,좋아한다,4,<EOS>,0.216136172413826
16,encoder_self,0,0,The,0,The,0.36547109484672546
16,encoder_self,0,0,The,1,teacher,0.011766080744564533
16,encoder_self,0,0,The,2,likes,0.0056958128698170185
16,encoder_self,0,0,The,3,robots,0.05662930756807327
16,encoder_self,0,0,The,4,<EOS>,0.5604377388954163
16,encoder_self,0,1,teacher,0,The,0.03794529289007187
16,encoder_self,0,1,teacher,1,teacher,0.29175782203674316
16,encoder_self,0,1,teacher,2,likes,0.4888022840023041
16,encoder_self,0,1,teacher,3,robots,0.03915192559361458
16,encoder_self,0,1,teacher,4,<EOS>,0.142342671751976
16,encoder_self,0,2,likes,0,The,0.11389189958572388
16,encoder_self,0,2,likes,1,teacher,0.3970652222633362
16,encoder_self,0,2,likes,2,likes,0.11737725883722305
16,encoder_self,0,2,likes,3,robots,0.20283688604831696
16,encoder_self,0,2,likes,4,<EOS>,0.16882874071598053
16,encoder_self,0,3,robots,0,The,0.004717234522104263
16,encoder_self,0,3,robots,1,teacher,0.09102166444063187
16,encoder_self,0,3,robots,2,likes,0.6350579261779785
16,encoder_self,0,3,robots,3,robots,0.2574197053909302
16,encoder_self,0,3,robots,4,<EOS>,0.011783471331000328
16,encoder_self,0,4,<EOS>,0,The,0.15310503542423248
16,encoder_self,0,4,<EOS>,1,teacher,0.1301228404045105
16,encoder_self,0,4,<EOS>,2,likes,0.06910713016986847
16,encoder_self,0,4,<EOS>,3,robots,0.1297021210193634
16,encoder_self,0,4,<EOS>,4,<EOS>,0.5179628729820251
16,encoder_self,1,0,The,0,The,0.015713874250650406
16,encoder_self,1,0,The,1,teacher,0.00012801912089344114
16,encoder_self,1,0,The,2,likes,6.543798372149467e-05
16,encoder_self,1,0,The,3,robots,0.9734827280044556
16,encoder_self,1,0,The,4,<EOS>,0.010609940625727177
16,encoder_self,1,1,teacher,0,The,0.18136662244796753
16,encoder_self,1,1,teacher,1,teacher,0.17479878664016724
16,encoder_self,1,1,teacher,2,likes,0.3058742582798004
16,encoder_self,1,1,teacher,3,robots,0.07465209066867828
16,encoder_self,1,1,teacher,4,<EOS>,0.26330819725990295
16,encoder_self,1,2,likes,0,The,0.07813390344381332
16,encoder_self,1,2,likes,1,teacher,0.283677875995636
16,encoder_self,1,2,likes,2,likes,0.5186164379119873
16,encoder_self,1,2,likes,3,robots,0.035775188356637955
16,encoder_self,1,2,likes,4,<EOS>,0.0837966650724411
16,encoder_self,1,3,robots,0,The,0.07033399492502213
16,encoder_self,1,3,robots,1,teacher,0.28353041410446167
16,encoder_self,1,3,robots,2,likes,0.3198620676994324
16,encoder_self,1,3,robots,3,robots,0.0016187004512175918
16,encoder_self,1,3,robots,4,<EOS>,0.32465481758117676
16,encoder_self,1,4,<EOS>,0,The,0.021121611818671227
16,encoder_self,1,4,<EOS>,1,teacher,0.00037485393113456666
16,encoder_self,1,4,<EOS>,2,likes,0.0003630851861089468
16,encoder_self,1,4,<EOS>,3,robots,0.9687227606773376
16,encoder_self,1,4,<EOS>,4,<EOS>,0.00941766332834959
16,decoder_masked,0,0,<SOS>,0,<SOS>,1.0
16,decoder_masked,0,0,<SOS>,1,선생님은,0.0
16,decoder_masked,0,0,<SOS>,2,로봇을,0.0
16,decoder_masked,0,0,<SOS>,3,좋아한다,0.0
16,decoder_masked,0,1,선생님은,0,<SOS>,0.6812896728515625
16,decoder_masked,0,1,선생님은,1,선생님은,0.3187103569507599
16,decoder_masked,0,1,선생님은,2,로봇을,0.0
16,decoder_masked,0,1,선생님은,3,좋아한다,0.0
16,decoder_masked,0,2,로봇을,0,<SOS>,0.12167938798666
16,decoder_masked,0,2,로봇을,1,선생님은,0.7558380961418152
16,decoder_masked,0,2,로봇을,2,로봇을,0.12248245626688004
16,decoder_masked,0,2,로봇을,3,좋아한다,0.0
16,decoder_masked,0,3,좋아한다,0,<SOS>,0.9736601710319519
16,decoder_masked,0,3,좋아한다,1,선생님은,0.009186404757201672
16,decoder_masked,0,3,좋아한다,2,로봇을,0.009348277933895588
16,decoder_masked,0,3,좋아한다,3,좋아한다,0.0078051453456282616
16,decoder_masked,1,0,<SOS>,0,<SOS>,1.0
16,decoder_masked,1,0,<SOS>,1,선생님은,0.0
16,decoder_masked,1,0,<SOS>,2,로봇을,0.0
16,decoder_masked,1,0,<SOS>,3,좋아한다,0.0
16,decoder_masked,1,1,선생님은,0,<SOS>,0.9072529673576355
16,decoder_masked,1,1,선생님은,1,선생님은,0.09274706989526749
16,decoder_masked,1,1,선생님은,2,로봇을,0.0
16,decoder_masked,1,1,선생님은,3,좋아한다,0.0
16,decoder_masked,1,2,로봇을,0,<SOS>,0.6652852296829224
16,decoder_masked,1,2,로봇을,1,선생님은,0.22689415514469147
16,decoder_masked,1,2,로봇을,2,로봇을,0.10782056301832199
16,decoder_masked,1,2,로봇을,3,좋아한다,0.0
16,decoder_masked,1,3,좋아한다,0,<SOS>,0.6784951686859131
16,decoder_masked,1,3,좋아한다,1,선생님은,0.03706447407603264
16,decoder_masked,1,3,좋아한다,2,로봇을,0.22575391829013824
16,decoder_masked,1,3,좋아한다,3,좋아한다,0.05868647247552872
16,decoder_cross,0,0,<SOS>,0,The,0.17210692167282104
16,decoder_cross,0,0,<SOS>,1,teacher,0.09193799644708633
16,decoder_cross,0,0,<SOS>,2,likes,0.47509709000587463
16,decoder_cross,0,0,<SOS>,3,robots,0.16862520575523376
16,decoder_cross,0,0,<SOS>,4,<EOS>,0.09223279356956482
16,decoder_cross,0,1,선생님은,0,The,0.23251451551914215
16,decoder_cross,0,1,선생님은,1,teacher,0.14982856810092926
16,decoder_cross,0,1,선생님은,2,likes,0.2580870985984802
16,decoder_cross,0,1,선생님은,3,robots,0.17791135609149933
16,decoder_cross,0,1,선생님은,4,<EOS>,0.18165843188762665
16,decoder_cross,0,2,로봇을,0,The,0.14557301998138428
16,decoder_cross,0,2,로봇을,1,teacher,0.16708794236183167
16,decoder_cross,0,2,로봇을,2,likes,0.3192286789417267
16,decoder_cross,0,2,로봇을,3,robots,0.27638155221939087
16,decoder_cross,0,2,로봇을,4,<EOS>,0.0917288288474083
16,decoder_cross,0,3,좋아한다,0,The,0.18143296241760254
16,decoder_cross,0,3,좋아한다,1,teacher,0.14757689833641052
16,decoder_cross,0,3,좋아한다,2,likes,0.3263179659843445
16,decoder_cross,0,3,좋아한다,3,robots,0.21011340618133545
16,decoder_cross,0,3,좋아한다,4,<EOS>,0.1345587521791458
16,decoder_cross,1,0,<SOS>,0,The,0.1710488647222519
16,decoder_cross,1,0,<SOS>,1,teacher,0.1930268555879593
16,decoder_cross,1,0,<SOS>,2,likes,0.23339863121509552
16,decoder_cross,1,0,<SOS>,3,robots,0.22088268399238586
16,decoder_cross,1,0,<SOS>,4,<EOS>,0.1816430240869522
16,decoder_cross,1,1,선생님은,0,The,0.21279093623161316
16,decoder_cross,1,1,선생님은,1,teacher,0.2220931500196457
16,decoder_cross,1,1,선생님은,2,likes,0.12657120823860168
16,decoder_cross,1,1,선생님은,3,robots,0.22309841215610504
16,decoder_cross,1,1,선생님은,4,<EOS>,0.21544629335403442
16,decoder_cross,1,2,로봇을,0,The,0.2007174789905548
16,decoder_cross,1,2,로봇을,1,teacher,0.17951440811157227
16,decoder_cross,1,2,로봇을,2,likes,0.25134551525115967
16,decoder_cross,1,2,로봇을,3,robots,0.18753869831562042
16,decoder_cross,1,2,로봇을,4,<EOS>,0.18088392913341522
16,decoder_cross,1,3,좋아한다,0,The,0.20121391117572784
16,decoder_cross,1,3,좋아한다,1,teacher,0.21976512670516968
16,decoder_cross,1,3,좋아한다,2,likes,0.17435750365257263
16,decoder_cross,1,3,좋아한다,3,robots,0.18922069668769836
16,decoder_cross,1,3,좋아한다,4,<EOS>,0.21544276177883148
17,encoder_self,0,0,The,0,The,0.36456483602523804
17,encoder_self,0,0,The,1,teacher,0.012012498453259468
17,encoder_self,0,0,The,2,likes,0.005715822800993919
17,encoder_self,0,0,The,3,robots,0.0574910007417202
17,encoder_self,0,0,The,4,<EOS>,0.5602158904075623
17,encoder_self,0,1,teacher,0,The,0.03859171271324158
17,encoder_self,0,1,teacher,1,teacher,0.29414650797843933
17,encoder_self,0,1,teacher,2,likes,0.48339128494262695
17,encoder_self,0,1,teacher,3,robots,0.039498038589954376
17,encoder_self,0,1,teacher,4,<EOS>,0.14437240362167358
17,encoder_self,0,2,likes,0,The,0.11450553685426712
17,encoder_self,0,2,likes,1,teacher,0.3962083160877228
17,encoder_self,0,2,likes,2,likes,0.11681042611598969
17,encoder_self,0,2,likes,3,robots,0.20297415554523468
17,encoder_self,0,2,likes,4,<EOS>,0.16950155794620514
17,encoder_self,0,3,robots,0,The,0.004691955167800188
17,encoder_self,0,3,robots,1,teacher,0.09117180854082108
17,encoder_self,0,3,robots,2,likes,0.6352436542510986
17,encoder_self,0,3,robots,3,robots,0.25715962052345276
17,encoder_self,0,3,robots,4,<EOS>,0.011732903309166431
17,encoder_self,0,4,<EOS>,0,The,0.15290218591690063
17,encoder_self,0,4,<EOS>,1,teacher,0.13121497631072998
17,encoder_self,0,4,<EOS>,2,likes,0.06822774559259415
17,encoder_self,0,4,<EOS>,3,robots,0.13033577799797058
17,encoder_self,0,4,<EOS>,4,<EOS>,0.5173192620277405
17,encoder_self,1,0,The,0,The,0.014915146864950657
17,encoder_self,1,0,The,1,teacher,0.00013050911366008222
17,encoder_self,1,0,The,2,likes,6.752179615432397e-05
17,encoder_self,1,0,The,3,robots,0.9746320247650146
17,encoder_self,1,0,The,4,<EOS>,0.01025480031967163
17,encoder_self,1,1,teacher,0,The,0.1804295778274536
17,encoder_self,1,1,teacher,1,teacher,0.17521658539772034
17,encoder_self,1,1,teacher,2,likes,0.3072505295276642
17,encoder_self,1,1,teacher,3,robots,0.07458911091089249
17,encoder_self,1,1,teacher,4,<EOS>,0.26251420378685
17,encoder_self,1,2,likes,0,The,0.07957050204277039
17,encoder_self,1,2,likes,1,teacher,0.28334715962409973
17,encoder_self,1,2,likes,2,likes,0.516261875629425
17,encoder_self,1,2,likes,3,robots,0.035889558494091034
17,encoder_self,1,2,likes,4,<EOS>,0.08493092656135559
17,encoder_self,1,3,robots,0,The,0.06964117288589478
17,encoder_self,1,3,robots,1,teacher,0.28425076603889465
17,encoder_self,1,3,robots,2,likes,0.32193759083747864
17,encoder_self,1,3,robots,3,robots,0.001616856548935175
17,encoder_self,1,3,robots,4,<EOS>,0.3225536048412323
17,encoder_self,1,4,<EOS>,0,The,0.020456485450267792
17,encoder_self,1,4,<EOS>,1,teacher,0.00037974564475007355
17,encoder_self,1,4,<EOS>,2,likes,0.0003700760717038065
17,encoder_self,1,4,<EOS>,3,robots,0.969563364982605
17,encoder_self,1,4,<EOS>,4,<EOS>,0.009230266325175762
17,decoder_masked,0,0,<SOS>,0,<SOS>,1.0
17,decoder_masked,0,0,<SOS>,1,선생님은,0.0
17,decoder_masked,0,0,<SOS>,2,로봇을,0.0
17,decoder_masked,0,0,<SOS>,3,좋아한다,0.0
17,decoder_masked,0,1,선생님은,0,<SOS>,0.6875377893447876
17,decoder_masked,0,1,선생님은,1,선생님은,0.3124622404575348
17,decoder_masked,0,1,선생님은,2,로봇을,0.0
17,decoder_masked,0,1,선생님은,3,좋아한다,0.0
17,decoder_masked,0,2,로봇을,0,<SOS>,0.1261405050754547
17,decoder_masked,0,2,로봇을,1,선생님은,0.7508527040481567
17,decoder_masked,0,2,로봇을,2,로봇을,0.12300683557987213
17,decoder_masked,0,2,로봇을,3,좋아한다,0.0
17,decoder_masked,0,3,좋아한다,0,<SOS>,0.9737584590911865
17,decoder_masked,0,3,좋아한다,1,선생님은,0.009151125326752663
17,decoder_masked,0,3,좋아한다,2,로봇을,0.009326126426458359
17,decoder_masked,0,3,좋아한다,3,좋아한다,0.00776422256603837
17,decoder_masked,1,0,<SOS>,0,<SOS>,1.0
17,decoder_masked,1,0,<SOS>,1,선생님은,0.0
17,decoder_masked,1,0,<SOS>,2,로봇을,0.0
17,decoder_masked,1,0,<SOS>,3,좋아한다,0.0
17,decoder_masked,1,1,선생님은,0,<SOS>,0.9041221737861633
17,decoder_masked,1,1,선생님은,1,선생님은,0.09587782621383667
17,decoder_masked,1,1,선생님은,2,로봇을,0.0
17,decoder_masked,1,1,선생님은,3,좋아한다,0.0
17,decoder_masked,1,2,로봇을,0,<SOS>,0.6537421941757202
17,decoder_masked,1,2,로봇을,1,선생님은,0.23537075519561768
17,decoder_masked,1,2,로봇을,2,로봇을,0.11088711023330688
17,decoder_masked,1,2,로봇을,3,좋아한다,0.0
17,decoder_masked,1,3,좋아한다,0,<SOS>,0.6773819327354431
17,decoder_masked,1,3,좋아한다,1,선생님은,0.037435419857501984
17,decoder_masked,1,3,좋아한다,2,로봇을,0.2265433818101883
17,decoder_masked,1,3,좋아한다,3,좋아한다,0.058639295399188995
17,decoder_cross,0,0,<SOS>,0,The,0.17257320880889893
17,decoder_cross,0,0,<SOS>,1,teacher,0.09200404584407806
17,decoder_cross,0,0,<SOS>,2,likes,0.4746302366256714
17,decoder_cross,0,0,<SOS>,3,robots,0.16856318712234497
17,decoder_cross,0,0,<SOS>,4,<EOS>,0.09222935140132904
17,decoder_cross,0,1,선생님은,0,The,0.23294560611248016
17,decoder_cross,0,1,선생님은,1,teacher,0.15088076889514923
17,decoder_cross,0,1,선생님은,2,likes,0.25559037923812866
17,decoder_cross,0,1,선생님은,3,robots,0.17861491441726685
17,decoder_cross,0,1,선생님은,4,<EOS>,0.1819683164358139
17,decoder_cross,0,2,로봇을,0,The,0.14670425653457642
17,decoder_cross,0,2,로봇을,1,teacher,0.16854465007781982
17,decoder_cross,0,2,로봇을,2,likes,0.3154352605342865
17,decoder_cross,0,2,로봇을,3,robots,0.27636441588401794
17,decoder_cross,0,2,로봇을,4,<EOS>,0.09295137971639633
17,decoder_cross,0,3,좋아한다,0,The,0.18139371275901794
17,decoder_cross,0,3,좋아한다,1,teacher,0.14819446206092834
17,decoder_cross,0,3,좋아한다,2,likes,0.32503366470336914
17,decoder_cross,0,3,좋아한다,3,robots,0.21074014902114868
17,decoder_cross,0,3,좋아한다,4,<EOS>,0.13463805615901947
17,decoder_cross,1,0,<SOS>,0,The,0.17088457942008972
17,decoder_cross,1,0,<SOS>,1,teacher,0.1923205703496933
17,decoder_cross,1,0,<SOS>,2,likes,0.2348560392856598
17,decoder_cross,1,0,<SOS>,3,robots,0.22090353071689606
17,decoder_cross,1,0,<SOS>,4,<EOS>,0.18103523552417755
17,decoder_cross,1,1,선생님은,0,The,0.21306748688220978
17,decoder_cross,1,1,선생님은,1,teacher,0.22178353369235992
17,decoder_cross,1,1,선생님은,2,likes,0.12606540322303772
17,decoder_cross,1,1,선생님은,3,robots,0.22425338625907898
17,decoder_cross,1,1,선생님은,4,<EOS>,0.21483014523983002
17,decoder_cross,1,2,로봇을,0,The,0.2005273997783661
17,decoder_cross,1,2,로봇을,1,teacher,0.17917470633983612
17,decoder_cross,1,2,로봇을,2,likes,0.2521927058696747
17,decoder_cross,1,2,로봇을,3,robots,0.18767690658569336
17,decoder_cross,1,2,로봇을,4,<EOS>,0.18042829632759094
17,decoder_cross,1,3,좋아한다,0,The,0.201148122549057
17,decoder_cross,1,3,좋아한다,1,teacher,0.21933545172214508
17,decoder_cross,1,3,좋아한다,2,likes,0.17516085505485535
17,decoder_cross,1,3,좋아한다,3,robots,0.1894187182188034
17,decoder_cross,1,3,좋아한다,4,<EOS>,0.21493685245513916
18,encoder_self,0,0,The,0,The,0.36299389600753784
18,encoder_self,0,0,The,1,teacher,0.012284191325306892
18,encoder_self,0,0,The,2,likes,0.0059218755923211575
18,encoder_self,0,0,The,3,robots,0.05815402418375015
18,encoder_self,0,0,The,4,<EOS>,0.5606459975242615
18,encoder_self,0,1,teacher,0,The,0.03945774957537651
18,encoder_self,0,1,teacher,1,teacher,0.296884149312973
18,encoder_self,0,1,teacher,2,likes,0.4770551323890686
18,encoder_self,0,1,teacher,3,robots,0.03972666338086128
18,encoder_self,0,1,teacher,4,<EOS>,0.1468762308359146
18,encoder_self,0,2,likes,0,The,0.11732589453458786
18,encoder_self,0,2,likes,1,teacher,0.39407461881637573
18,encoder_self,0,2,likes,2,likes,0.11285823583602905
18,encoder_self,0,2,likes,3,robots,0.20343409478664398
18,encoder_self,0,2,likes,4,<EOS>,0.1723071187734604
18,encoder_self,0,3,robots,0,The,0.004559151828289032
18,encoder_self,0,3,robots,1,teacher,0.08998443186283112
18,encoder_self,0,3,robots,2,likes,0.6400174498558044
18,encoder_self,0,3,robots,3,robots,0.2539730966091156
18,encoder_self,0,3,robots,4,<EOS>,0.011465843766927719
18,encoder_self,0,4,<EOS>,0,The,0.15267816185951233
18,encoder_self,0,4,<EOS>,1,teacher,0.13222059607505798
18,encoder_self,0,4,<EOS>,2,likes,0.06832751631736755
18,encoder_self,0,4,<EOS>,3,robots,0.13011713325977325
18,encoder_self,0,4,<EOS>,4,<EOS>,0.5166565775871277
18,encoder_self,1,0,The,0,The,0.014678011648356915
18,encoder_self,1,0,The,1,teacher,0.0001283518213313073
18,encoder_self,1,0,The,2,likes,6.799955735914409e-05
18,encoder_self,1,0,The,3,robots,0.9750116467475891
18,encoder_self,1,0,The,4,<EOS>,0.010113997384905815
18,encoder_self,1,1,teacher,0,The,0.1803177148103714
18,encoder_self,1,1,teacher,1,teacher,0.1751469075679779
18,encoder_self,1,1,teacher,2,likes,0.30743786692619324
18,encoder_self,1,1,teacher,3,robots,0.07472072541713715
18,encoder_self,1,1,teacher,4,<EOS>,0.26237669587135315
18,encoder_self,1,2,likes,0,The,0.0798046663403511
18,encoder_self,1,2,likes,1,teacher,0.2843388319015503
18,encoder_self,1,2,likes,2,likes,0.5149543285369873
18,encoder_self,1,2,likes,3,robots,0.03579417243599892
18,encoder_self,1,2,likes,4,<EOS>,0.08510803431272507
18,encoder_self,1,3,robots,0,The,0.06963219493627548
18,encoder_self,1,3,robots,1,teacher,0.2844023108482361
18,encoder_self,1,3,robots,2,likes,0.3217061758041382
18,encoder_self,1,3,robots,3,robots,0.0016195530770346522
18,encoder_self,1,3,robots,4,<EOS>,0.3226398229598999
18,encoder_self,1,4,<EOS>,0,The,0.02023947983980179
18,encoder_self,1,4,<EOS>,1,teacher,0.00037599122151732445
18,encoder_self,1,4,<EOS>,2,likes,0.00037260339013300836
18,encoder_self,1,4,<EOS>,3,robots,0.9698625802993774
18,encoder_self,1,4,<EOS>,4,<EOS>,0.009149270132184029
18,decoder_masked,0,0,<SOS>,0,<SOS>,1.0
18,decoder_masked,0,0,<SOS>,1,선생님은,0.0
18,decoder_masked,0,0,<SOS>,2,로봇을,0.0
18,decoder_masked,0,0,<SOS>,3,좋아한다,0.0
18,decoder_masked,0,1,선생님은,0,<SOS>,0.696436882019043
18,decoder_masked,0,1,선생님은,1,선생님은,0.3035631477832794
18,decoder_masked,0,1,선생님은,2,로봇을,0.0
18,decoder_masked,0,1,선생님은,3,좋아한다,0.0
18,decoder_masked,0,2,로봇을,0,<SOS>,0.13448205590248108
18,decoder_masked,0,2,로봇을,1,선생님은,0.7434369325637817
18,decoder_masked,0,2,로봇을,2,로봇을,0.12208100408315659
18,decoder_masked,0,2,로봇을,3,좋아한다,0.0
18,decoder_masked,0,3,좋아한다,0,<SOS>,0.9749518036842346
18,decoder_masked,0,3,좋아한다,1,선생님은,0.008751971647143364
18,decoder_masked,0,3,좋아한다,2,로봇을,0.008892822079360485
18,decoder_masked,0,3,좋아한다,3,좋아한다,0.007403388619422913
18,decoder_masked,1,0,<SOS>,0,<SOS>,1.0
18,decoder_masked,1,0,<SOS>,1,선생님은,0.0
18,decoder_masked,1,0,<SOS>,2,로봇을,0.0
18,decoder_masked,1,0,<SOS>,3,좋아한다,0.0
18,decoder_masked,1,1,선생님은,0,<SOS>,0.9021578431129456
18,decoder_masked,1,1,선생님은,1,선생님은,0.09784221649169922
18,decoder_masked,1,1,선생님은,2,로봇을,0.0
18,decoder_masked,1,1,선생님은,3,좋아한다,0.0
18,decoder_masked,1,2,로봇을,0,<SOS>,0.631026566028595
18,decoder_masked,1,2,로봇을,1,선생님은,0.25240910053253174
18,decoder_masked,1,2,로봇을,2,로봇을,0.1165643259882927
18,decoder_masked,1,2,로봇을,3,좋아한다,0.0
18,decoder_masked,1,3,좋아한다,0,<SOS>,0.6703736186027527
18,decoder_masked,1,3,좋아한다,1,선생님은,0.03864499554038048
18,decoder_masked,1,3,좋아한다,2,로봇을,0.23132745921611786
18,decoder_masked,1,3,좋아한다,3,좋아한다,0.059653881937265396
18,decoder_cross,0,0,<SOS>,0,The,0.17284813523292542
18,decoder_cross,0,0,<SOS>,1,teacher,0.09296946227550507
18,decoder_cross,0,0,<SOS>,2,likes,0.47212156653404236
18,decoder_cross,0,0,<SOS>,3,robots,0.168804332613945
18,decoder_cross,0,0,<SOS>,4,<EOS>,0.09325646609067917
18,decoder_cross,0,1,선생님은,0,The,0.23300503194332123
18,decoder_cross,0,1,선생님은,1,teacher,0.15183071792125702
18,decoder_cross,0,1,선생님은,2,likes,0.2534180283546448
18,decoder_cross,0,1,선생님은,3,robots,0.17888115346431732
18,decoder_cross,0,1,선생님은,4,<EOS>,0.1828649640083313
18,decoder_cross,0,2,로봇을,0,The,0.14806212484836578
18,decoder_cross,0,2,로봇을,1,teacher,0.17041133344173431
18,decoder_cross,0,2,로봇을,2,likes,0.3112858533859253
18,decoder_cross,0,2,로봇을,3,robots,0.27530357241630554
18,decoder_cross,0,2,로봇을,4,<EOS>,0.09493713825941086
18,decoder_cross,0,3,좋아한다,0,The,0.18185211718082428
18,decoder_cross,0,3,좋아한다,1,teacher,0.1491875797510147
18,decoder_cross,0,3,좋아한다,2,likes,0.32232511043548584
18,decoder_cross,0,3,좋아한다,3,robots,0.2107836753129959
18,decoder_cross,0,3,좋아한다,4,<EOS>,0.13585145771503448
18,decoder_cross,1,0,<SOS>,0,The,0.17088502645492554
18,decoder_cross,1,0,<SOS>,1,teacher,0.1922481656074524
18,decoder_cross,1,0,<SOS>,2,likes,0.23509348928928375
18,decoder_cross,1,0,<SOS>,3,robots,0.2208174467086792
18,decoder_cross,1,0,<SOS>,4,<EOS>,0.18095584213733673
18,decoder_cross,1,1,선생님은,0,The,0.2127651572227478
18,decoder_cross,1,1,선생님은,1,teacher,0.22137542068958282
18,decoder_cross,1,1,선생님은,2,likes,0.12697093188762665
18,decoder_cross,1,1,선생님은,3,robots,0.22452791035175323
18,decoder_cross,1,1,선생님은,4,<EOS>,0.2143605798482895
18,decoder_cross,1,2,로봇을,0,The,0.20048348605632782
18,decoder_cross,1,2,로봇을,1,teacher,0.1789180487394333
18,decoder_cross,1,2,로봇을,2,likes,0.25304079055786133
18,decoder_cross,1,2,로봇을,3,robots,0.18743401765823364
18,decoder_cross,1,2,로봇을,4,<EOS>,0.18012364208698273
18,decoder_cross,1,3,좋아한다,0,The,0.2011299431324005
18,decoder_cross,1,3,좋아한다,1,teacher,0.2190466821193695
18,decoder_cross,1,3,좋아한다,2,likes,0.17572960257530212
18,decoder_cross,1,3,좋아한다,3,robots,0.18951638042926788
18,decoder_cross,1,3,좋아한다,4,<EOS>,0.21457742154598236
19,encoder_self,0,0,The,0,The,0.36033496260643005
19,encoder_self,0,0,The,1,teacher,0.012673110701143742
19,encoder_self,0,0,The,2,likes,0.0061067938804626465
19,encoder_self,0,0,The,3,robots,0.059447888284921646
19,encoder_self,0,0,The,4,<EOS>,0.5614372491836548
19,encoder_self,0,1,teacher,0,The,0.040814246982336044
19,encoder_self,0,1,teacher,1,teacher,0.29776453971862793
19,encoder_self,0,1,teacher,2,likes,0.47125953435897827
19,encoder_self,0,1,teacher,3,robots,0.039742421358823776
19,encoder_self,0,1,teacher,4,<EOS>,0.15041930973529816
19,encoder_self,0,2,likes,0,The,0.11956074833869934
19,encoder_self,0,2,likes,1,teacher,0.39143499732017517
19,encoder_self,0,2,likes,2,likes,0.11199113726615906
19,encoder_self,0,2,likes,3,robots,0.2026287019252777
19,encoder_self,0,2,likes,4,<EOS>,0.17438432574272156
19,encoder_self,0,3,robots,0,The,0.004490924999117851
19,encoder_self,0,3,robots,1,teacher,0.09010123461484909
19,encoder_self,0,3,robots,2,likes,0.6401628255844116
19,encoder_self,0,3,robots,3,robots,0.2538836896419525
19,encoder_self,0,3,robots,4,<EOS>,0.011361265555024147
19,encoder_self,0,4,<EOS>,0,The,0.15212313830852509
19,encoder_self,0,4,<EOS>,1,teacher,0.13355500996112823
19,encoder_self,0,4,<EOS>,2,likes,0.06855937838554382
19,encoder_self,0,4,<EOS>,3,robots,0.13041679561138153
19,encoder_self,0,4,<EOS>,4,<EOS>,0.5153456926345825
19,encoder_self,1,0,The,0,The,0.014452250674366951
19,encoder_self,1,0,The,1,teacher,0.0001287689374294132
19,encoder_self,1,0,The,2,likes,6.893950921948999e-05
19,encoder_self,1,0,The,3,robots,0.9753363132476807
19,encoder_self,1,0,The,4,<EOS>,0.010013793595135212
19,encoder_self,1,1,teacher,0,The,0.18079744279384613
19,encoder_self,1,1,teacher,1,teacher,0.1751135140657425
19,encoder_self,1,1,teacher,2,likes,0.30621570348739624
19,encoder_self,1,1,teacher,3,robots,0.07527708262205124
19,encoder_self,1,1,teacher,4,<EOS>,0.2625961899757385
19,encoder_self,1,2,likes,0,The,0.08025756478309631
19,encoder_self,1,2,likes,1,teacher,0.2846846878528595
19,encoder_self,1,2,likes,2,likes,0.5136995315551758
19,encoder_self,1,2,likes,3,robots,0.03584738075733185
19,encoder_self,1,2,likes,4,<EOS>,0.08551080524921417
19,encoder_self,1,3,robots,0,The,0.06991295516490936
19,encoder_self,1,3,robots,1,teacher,0.284734308719635
19,encoder_self,1,3,robots,2,likes,0.3201720714569092
19,encoder_self,1,3,robots,3,robots,0.0016225649742409587
19,encoder_self,1,3,robots,4,<EOS>,0.32355812191963196
19,encoder_self,1,4,<EOS>,0,The,0.01997843198478222
19,encoder_self,1,4,<EOS>,1,teacher,0.0003759883693419397
19,encoder_self,1,4,<EOS>,2,likes,0.00037491886178031564
19,encoder_self,1,4,<EOS>,3,robots,0.9702048897743225
19,encoder_self,1,4,<EOS>,4,<EOS>,0.009065810590982437
19,decoder_masked,0,0,<SOS>,0,<SOS>,1.0
19,decoder_masked,0,0,<SOS>,1,선생님은,0.0
19,decoder_masked,0,0,<SOS>,2,로봇을,0.0
19,decoder_masked,0,0,<SOS>,3,좋아한다,0.0
19,decoder_masked,0,1,선생님은,0,<SOS>,0.704351007938385
19,decoder_masked,0,1,선생님은,1,선생님은,0.2956489324569702
19,decoder_masked,0,1,선생님은,2,로봇을,0.0
19,decoder_masked,0,1,선생님은,3,좋아한다,0.0
19,decoder_masked,0,2,로봇을,0,<SOS>,0.13615712523460388
19,decoder_masked,0,2,로봇을,1,선생님은,0.7419155240058899
19,decoder_masked,0,2,로봇을,2,로봇을,0.12192736566066742
19,decoder_masked,0,2,로봇을,3,좋아한다,0.0
19,decoder_masked,0,3,좋아한다,0,<SOS>,0.9751737117767334
19,decoder_masked,0,3,좋아한다,1,선생님은,0.008685864508152008
19,decoder_masked,0,3,좋아한다,2,로봇을,0.008823261596262455
19,decoder_masked,0,3,좋아한다,3,좋아한다,0.0073171756230294704
19,decoder_masked,1,0,<SOS>,0,<SOS>,1.0
19,decoder_masked,1,0,<SOS>,1,선생님은,0.0
19,decoder_masked,1,0,<SOS>,2,로봇을,0.0
19,decoder_masked,1,0,<SOS>,3,좋아한다,0.0
19,decoder_masked,1,1,선생님은,0,<SOS>,0.9018300771713257
19,decoder_masked,1,1,선생님은,1,선생님은,0.09816987812519073
19,decoder_masked,1,1,선생님은,2,로봇을,0.0
19,decoder_masked,1,1,선생님은,3,좋아한다,0.0
19,decoder_masked,1,2,로봇을,0,<SOS>,0.6134430766105652
19,decoder_masked,1,2,로봇을,1,선생님은,0.26615893840789795
19,decoder_masked,1,2,로봇을,2,로봇을,0.1203978955745697
19,decoder_masked,1,2,로봇을,3,좋아한다,0.0
19,decoder_masked,1,3,좋아한다,0,<SOS>,0.6785171627998352
19,decoder_masked,1,3,좋아한다,1,선생님은,0.037246353924274445
19,decoder_masked,1,3,좋아한다,2,로봇을,0.2263025939464569
19,decoder_masked,1,3,좋아한다,3,좋아한다,0.05793397128582001
19,decoder_cross,0,0,<SOS>,0,The,0.17222535610198975
19,decoder_cross,0,0,<SOS>,1,teacher,0.09464166313409805
19,decoder_cross,0,0,<SOS>,2,likes,0.4683525264263153
19,decoder_cross,0,0,<SOS>,3,robots,0.1707480549812317
19,decoder_cross,0,0,<SOS>,4,<EOS>,0.09403233230113983
19,decoder_cross,0,1,선생님은,0,The,0.231792151927948
19,decoder_cross,0,1,선생님은,1,teacher,0.15340037643909454
19,decoder_cross,0,1,선생님은,2,likes,0.2517707943916321
19,decoder_cross,0,1,선생님은,3,robots,0.18027426302433014
19,decoder_cross,0,1,선생님은,4,<EOS>,0.18276241421699524
19,decoder_cross,0,2,로봇을,0,The,0.1481664478778839
19,decoder_cross,0,2,로봇을,1,teacher,0.17234216630458832
19,decoder_cross,0,2,로봇을,2,likes,0.3072175681591034
19,decoder_cross,0,2,로봇을,3,robots,0.27636629343032837
19,decoder_cross,0,2,로봇을,4,<EOS>,0.09590748697519302
19,decoder_cross,0,3,좋아한다,0,The,0.18100738525390625
19,decoder_cross,0,3,좋아한다,1,teacher,0.15011237561702728
19,decoder_cross,0,3,좋아한다,2,likes,0.3211299180984497
19,decoder_cross,0,3,좋아한다,3,robots,0.21197234094142914
19,decoder_cross,0,3,좋아한다,4,<EOS>,0.1357780396938324
19,decoder_cross,1,0,<SOS>,0,The,0.17104724049568176
19,decoder_cross,1,0,<SOS>,1,teacher,0.19222211837768555
19,decoder_cross,1,0,<SOS>,2,likes,0.2345890998840332
19,decoder_cross,1,0,<SOS>,3,robots,0.221201092004776
19,decoder_cross,1,0,<SOS>,4,<EOS>,0.18094046413898468
19,decoder_cross,1,1,선생님은,0,The,0.2125357985496521
19,decoder_cross,1,1,선생님은,1,teacher,0.2211809903383255
19,decoder_cross,1,1,선생님은,2,likes,0.1266731321811676
19,decoder_cross,1,1,선생님은,3,robots,0.22573383152484894
19,decoder_cross,1,1,선생님은,4,<EOS>,0.2138761579990387
19,decoder_cross,1,2,로봇을,0,The,0.20061832666397095
19,decoder_cross,1,2,로봇을,1,teacher,0.1788528561592102
19,decoder_cross,1,2,로봇을,2,likes,0.2528301477432251
19,decoder_cross,1,2,로봇을,3,robots,0.18772782385349274
19,decoder_cross,1,2,로봇을,4,<EOS>,0.17997094988822937
19,decoder_cross,1,3,좋아한다,0,The,0.20117144286632538
19,decoder_cross,1,3,좋아한다,1,teacher,0.21917666494846344
19,decoder_cross,1,3,좋아한다,2,likes,0.17495909333229065
19,decoder_cross,1,3,좋아한다,3,robots,0.19024509191513062
19,decoder_cross,1,3,좋아한다,4,<EOS>,0.2144477367401123
20,encoder_self,0,0,The,0,The,0.3598846197128296
20,encoder_self,0,0,The,1,teacher,0.012710576876997948
20,encoder_self,0,0,The,2,likes,0.006157673429697752
20,encoder_self,0,0,The,3,robots,0.05951877310872078
20,encoder_self,0,0,The,4,<EOS>,0.5617284178733826
20,encoder_self,0,1,teacher,0,The,0.040565598756074905
20,encoder_self,0,1,teacher,1,teacher,0.29765036702156067
20,encoder_self,0,1,teacher,2,likes,0.4722040593624115
20,encoder_self,0,1,teacher,3,robots,0.03970597684383392
20,encoder_self,0,1,teacher,4,<EOS>,0.14987395703792572
20,encoder_self,0,2,likes,0,The,0.1196068674325943
20,encoder_self,0,2,likes,1,teacher,0.3913832902908325
20,encoder_self,0,2,likes,2,likes,0.1119762510061264
20,encoder_self,0,2,likes,3,robots,0.2026074230670929
20,encoder_self,0,2,likes,4,<EOS>,0.1744261234998703
20,encoder_self,0,3,robots,0,The,0.004485628101974726
20,encoder_self,0,3,robots,1,teacher,0.09011920541524887
20,encoder_self,0,3,robots,2,likes,0.6400770545005798
20,encoder_self,0,3,robots,3,robots,0.25396767258644104
20,encoder_self,0,3,robots,4,<EOS>,0.01135046873241663
20,encoder_self,0,4,<EOS>,0,The,0.15166369080543518
20,encoder_self,0,4,<EOS>,1,teacher,0.13384592533111572
20,encoder_self,0,4,<EOS>,2,likes,0.06909328699111938
20,encoder_self,0,4,<EOS>,3,robots,0.13047440350055695
20,encoder_self,0,4,<EOS>,4,<EOS>,0.5149227380752563
20,encoder_self,1,0,The,0,The,0.014188650995492935
20,encoder_self,1,0,The,1,teacher,0.00012978879385627806
20,encoder_self,1,0,The,2,likes,7.00885575497523e-05
20,encoder_self,1,0,The,3,robots,0.9756787419319153
20,encoder_self,1,0,The,4,<EOS>,0.009932763874530792
20,encoder_self,1,1,teacher,0,The,0.1803714632987976
20,encoder_self,1,1,teacher,1,teacher,0.17526963353157043
20,encoder_self,1,1,teacher,2,likes,0.306916743516922
20,encoder_self,1,1,teacher,3,robots,0.07502137124538422
20,encoder_self,1,1,teacher,4,<EOS>,0.26242074370384216
20,encoder_self,1,2,likes,0,The,0.08089049160480499
20,encoder_self,1,2,likes,1,teacher,0.28467345237731934
20,encoder_self,1,2,likes,2,likes,0.5125777125358582
20,encoder_self,1,2,likes,3,robots,0.035941947251558304
20,encoder_self,1,2,likes,4,<EOS>,0.08591640740633011
20,encoder_self,1,3,robots,0,The,0.06976715475320816
20,encoder_self,1,3,robots,1,teacher,0.2849886119365692
20,encoder_self,1,3,robots,2,likes,0.3203112483024597
20,encoder_self,1,3,robots,3,robots,0.0016214813804253936
20,encoder_self,1,3,robots,4,<EOS>,0.32331153750419617
20,encoder_self,1,4,<EOS>,0,The,0.019787775352597237
20,encoder_self,1,4,<EOS>,1,teacher,0.0003794168878812343
20,encoder_self,1,4,<EOS>,2,likes,0.0003810021444223821
20,encoder_self,1,4,<EOS>,3,robots,0.9704059362411499
20,encoder_self,1,4,<EOS>,4,<EOS>,0.009045902639627457
20,decoder_masked,0,0,<SOS>,0,<SOS>,1.0
20,decoder_masked,0,0,<SOS>,1,선생님은,0.0
20,decoder_masked,0,0,<SOS>,2,로봇을,0.0
20,decoder_masked,0,0,<SOS>,3,좋아한다,0.0
20,decoder_masked,0,1,선생님은,0,<SOS>,0.7122277021408081
20,decoder_masked,0,1,선생님은,1,선생님은,0.2877722382545471
20,decoder_masked,0,1,선생님은,2,로봇을,0.0
20,decoder_masked,0,1,선생님은,3,좋아한다,0.0
20,decoder_masked,0,2,로봇을,0,<SOS>,0.13478319346904755
20,decoder_masked,0,2,로봇을,1,선생님은,0.7421314120292664
20,decoder_masked,0,2,로봇을,2,로봇을,0.12308549135923386
20,decoder_masked,0,2,로봇을,3,좋아한다,0.0
20,decoder_masked,0,3,좋아한다,0,<SOS>,0.9765928983688354
20,decoder_masked,0,3,좋아한다,1,선생님은,0.008211996406316757
20,decoder_masked,0,3,좋아한다,2,로봇을,0.008332578465342522
20,decoder_masked,0,3,좋아한다,3,좋아한다,0.006862514652311802
20,decoder_masked,1,0,<SOS>,0,<SOS>,1.0
20,decoder_masked,1,0,<SOS>,1,선생님은,0.0
20,decoder_masked,1,0,<SOS>,2,로봇을,0.0
20,decoder_masked,1,0,<SOS>,3,좋아한다,0.0
20,decoder_masked,1,1,선생님은,0,<SOS>,0.9026092886924744
20,decoder_masked,1,1,선생님은,1,선생님은,0.09739066660404205
20,decoder_masked,1,1,선생님은,2,로봇을,0.0
20,decoder_masked,1,1,선생님은,3,좋아한다,0.0
20,decoder_masked,1,2,로봇을,0,<SOS>,0.606808066368103
20,decoder_masked,1,2,로봇을,1,선생님은,0.2690821886062622
20,decoder_masked,1,2,로봇을,2,로봇을,0.12410971522331238
20,decoder_masked,1,2,로봇을,3,좋아한다,0.0
20,decoder_masked,1,3,좋아한다,0,<SOS>,0.6811299324035645
20,decoder_masked,1,3,좋아한다,1,선생님은,0.03730328753590584
20,decoder_masked,1,3,좋아한다,2,로봇을,0.22370865941047668
20,decoder_masked,1,3,좋아한다,3,좋아한다,0.05785816162824631
20,decoder_cross,0,0,<SOS>,0,The,0.17311452329158783
20,decoder_cross,0,0,<SOS>,1,teacher,0.09455177187919617
20,decoder_cross,0,0,<SOS>,2,likes,0.46759888529777527
20,decoder_cross,0,0,<SOS>,3,robots,0.17031505703926086
20,decoder_cross,0,0,<SOS>,4,<EOS>,0.09441971033811569
20,decoder_cross,0,1,선생님은,0,The,0.23222236335277557
20,decoder_cross,0,1,선생님은,1,teacher,0.15342111885547638
20,decoder_cross,0,1,선생님은,2,likes,0.25109291076660156
20,decoder_cross,0,1,선생님은,3,robots,0.18000301718711853
20,decoder_cross,0,1,선생님은,4,<EOS>,0.18326063454151154
20,decoder_cross,0,2,로봇을,0,The,0.14903540909290314
20,decoder_cross,0,2,로봇을,1,teacher,0.1721455305814743
20,decoder_cross,0,2,로봇을,2,likes,0.30709215998649597
20,decoder_cross,0,2,로봇을,3,robots,0.27522093057632446
20,decoder_cross,0,2,로봇을,4,<EOS>,0.09650606662034988
20,decoder_cross,0,3,좋아한다,0,The,0.18222931027412415
20,decoder_cross,0,3,좋아한다,1,teacher,0.14990843832492828
20,decoder_cross,0,3,좋아한다,2,likes,0.320210337638855
20,decoder_cross,0,3,좋아한다,3,robots,0.21108569204807281
20,decoder_cross,0,3,좋아한다,4,<EOS>,0.13656620681285858
20,decoder_cross,1,0,<SOS>,0,The,0.17121315002441406
20,decoder_cross,1,0,<SOS>,1,teacher,0.1924317479133606
20,decoder_cross,1,0,<SOS>,2,likes,0.23369410634040833
20,decoder_cross,1,0,<SOS>,3,robots,0.2216014564037323
20,decoder_cross,1,0,<SOS>,4,<EOS>,0.18105953931808472
20,decoder_cross,1,1,선생님은,0,The,0.21245259046554565
20,decoder_cross,1,1,선생님은,1,teacher,0.22136975824832916
20,decoder_cross,1,1,선생님은,2,likes,0.12646432220935822
20,decoder_cross,1,1,선생님은,3,robots,0.2258387804031372
20,decoder_cross,1,1,선생님은,4,<EOS>,0.21387451887130737
20,decoder_cross,1,2,로봇을,0,The,0.2008354663848877
20,decoder_cross,1,2,로봇을,1,teacher,0.17912010848522186
20,decoder_cross,1,2,로봇을,2,likes,0.25187817215919495
20,decoder_cross,1,2,로봇을,3,robots,0.1878511905670166
20,decoder_cross,1,2,로봇을,4,<EOS>,0.1803150326013565
20,decoder_cross,1,3,좋아한다,0,The,0.20140008628368378
20,decoder_cross,1,3,좋아한다,1,teacher,0.21941274404525757
20,decoder_cross,1,3,좋아한다,2,likes,0.17376808822155
20,decoder_cross,1,3,좋아한다,3,robots,0.1908714920282364
20,decoder_cross,1,3,좋아한다,4,<EOS>,0.21454757452011108
21,encoder_self,0,0,The,0,The,0.35823285579681396
21,encoder_self,0,0,The,1,teacher,0.012966453097760677
21,encoder_self,0,0,The,2,likes,0.006314426194876432
21,encoder_self,0,0,The,3,robots,0.06055932119488716
21,encoder_self,0,0,The,4,<EOS>,0.5619269013404846
21,encoder_self,0,1,teacher,0,The,0.04001672565937042
21,encoder_self,0,1,teacher,1,teacher,0.29805439710617065
21,encoder_self,0,1,teacher,2,likes,0.47365182638168335
21,encoder_self,0,1,teacher,3,robots,0.03972228243947029
21,encoder_self,0,1,teacher,4,<EOS>,0.14855481684207916
21,encoder_self,0,2,likes,0,The,0.12010595202445984
21,encoder_self,0,2,likes,1,teacher,0.39073869585990906
21,encoder_self,0,2,likes,2,likes,0.11163096874952316
21,encoder_self,0,2,likes,3,robots,0.20250017940998077
21,encoder_self,0,2,likes,4,<EOS>,0.17502431571483612
21,encoder_self,0,3,robots,0,The,0.004452485591173172
21,encoder_self,0,3,robots,1,teacher,0.09006986767053604
21,encoder_self,0,3,robots,2,likes,0.6406096816062927
21,encoder_self,0,3,robots,3,robots,0.2535853385925293
21,encoder_self,0,3,robots,4,<EOS>,0.011282624676823616
21,encoder_self,0,4,<EOS>,0,The,0.14997954666614532
21,encoder_self,0,4,<EOS>,1,teacher,0.13560418784618378
21,encoder_self,0,4,<EOS>,2,likes,0.07031647861003876
21,encoder_self,0,4,<EOS>,3,robots,0.13184262812137604
21,encoder_self,0,4,<EOS>,4,<EOS>,0.5122571587562561
21,encoder_self,1,0,The,0,The,0.014328890480101109
21,encoder_self,1,0,The,1,teacher,0.00012966411304660141
21,encoder_self,1,0,The,2,likes,6.975915312068537e-05
21,encoder_self,1,0,The,3,robots,0.9754611849784851
21,encoder_self,1,0,The,4,<EOS>,0.010010497644543648
21,encoder_self,1,1,teacher,0,The,0.18026947975158691
21,encoder_self,1,1,teacher,1,teacher,0.1752929538488388
21,encoder_self,1,1,teacher,2,likes,0.30713754892349243
21,encoder_self,1,1,teacher,3,robots,0.07500400394201279
21,encoder_self,1,1,teacher,4,<EOS>,0.26229602098464966
21,encoder_self,1,2,likes,0,The,0.08060163259506226
21,encoder_self,1,2,likes,1,teacher,0.2846251130104065
21,encoder_self,1,2,likes,2,likes,0.5131953358650208
21,encoder_self,1,2,likes,3,robots,0.035907600075006485
21,encoder_self,1,2,likes,4,<EOS>,0.08567031472921371
21,encoder_self,1,3,robots,0,The,0.0697094202041626
21,encoder_self,1,3,robots,1,teacher,0.28503620624542236
21,encoder_self,1,3,robots,2,likes,0.3205319941043854
21,encoder_self,1,3,robots,3,robots,0.0016218038508668542
21,encoder_self,1,3,robots,4,<EOS>,0.32310056686401367
21,encoder_self,1,4,<EOS>,0,The,0.019920574501156807
21,encoder_self,1,4,<EOS>,1,teacher,0.0003794533258769661
21,encoder_self,1,4,<EOS>,2,likes,0.0003802615392487496
21,encoder_self,1,4,<EOS>,3,robots,0.9702256917953491
21,encoder_self,1,4,<EOS>,4,<EOS>,0.009094013832509518
21,decoder_masked,0,0,<SOS>,0,<SOS>,1.0
21,decoder_masked,0,0,<SOS>,1,선생님은,0.0
21,decoder_masked,0,0,<SOS>,2,로봇을,0.0
21,decoder_masked,0,0,<SOS>,3,좋아한다,0.0
21,decoder_masked,0,1,선생님은,0,<SOS>,0.7172128558158875
21,decoder_masked,0,1,선생님은,1,선생님은,0.2827872037887573
21,decoder_masked,0,1,선생님은,2,로봇을,0.0
21,decoder_masked,0,1,선생님은,3,좋아한다,0.0
21,decoder_masked,0,2,로봇을,0,<SOS>,0.13075733184814453
21,decoder_masked,0,2,로봇을,1,선생님은,0.7448549270629883
21,decoder_masked,0,2,로봇을,2,로봇을,0.12438783049583435
21,decoder_masked,0,2,로봇을,3,좋아한다,0.0
21,decoder_masked,0,3,좋아한다,0,<SOS>,0.9770944714546204
21,decoder_masked,0,3,좋아한다,1,선생님은,0.008037171326577663
21,decoder_masked,0,3,좋아한다,2,로봇을,0.008181107230484486
21,decoder_masked,0,3,좋아한다,3,좋아한다,0.0066873133182525635
21,decoder_masked,1,0,<SOS>,0,<SOS>,1.0
21,decoder_masked,1,0,<SOS>,1,선생님은,0.0
21,decoder_masked,1,0,<SOS>,2,로봇을,0.0
21,decoder_masked,1,0,<SOS>,3,좋아한다,0.0
21,decoder_masked,1,1,선생님은,0,<SOS>,0.9028633236885071
21,decoder_masked,1,1,선생님은,1,선생님은,0.09713668376207352
21,decoder_masked,1,1,선생님은,2,로봇을,0.0
21,decoder_masked,1,1,선생님은,3,좋아한다,0.0
21,decoder_masked,1,2,로봇을,0,<SOS>,0.6038747429847717
21,decoder_masked,1,2,로봇을,1,선생님은,0.268904447555542
21,decoder_masked,1,2,로봇을,2,로봇을,0.12722070515155792
21,decoder_masked,1,2,로봇을,3,좋아한다,0.0
21,decoder_masked,1,3,좋아한다,0,<SOS>,0.6860178112983704
21,decoder_masked,1,3,좋아한다,1,선생님은,0.03651896491646767
21,decoder_masked,1,3,좋아한다,2,로봇을,0.22079353034496307
21,decoder_masked,1,3,좋아한다,3,좋아한다,0.05666971951723099
21,decoder_cross,0,0,<SOS>,0,The,0.17466618120670319
21,decoder_cross,0,0,<SOS>,1,teacher,0.0945202186703682
21,decoder_cross,0,0,<SOS>,2,likes,0.4660318195819855
21,decoder_cross,0,0,<SOS>,3,robots,0.1695018857717514
21,decoder_cross,0,0,<SOS>,4,<EOS>,0.09527990221977234
21,decoder_cross,0,1,선생님은,0,The,0.23294125497341156
21,decoder_cross,0,1,선생님은,1,teacher,0.15224793553352356
21,decoder_cross,0,1,선생님은,2,likes,0.2527570426464081
21,decoder_cross,0,1,선생님은,3,robots,0.17908309400081635
21,decoder_cross,0,1,선생님은,4,<EOS>,0.18297068774700165
21,decoder_cross,0,2,로봇을,0,The,0.1497594267129898
21,decoder_cross,0,2,로봇을,1,teacher,0.17075632512569427
21,decoder_cross,0,2,로봇을,2,likes,0.30936235189437866
21,decoder_cross,0,2,로봇을,3,robots,0.27345436811447144
21,decoder_cross,0,2,로봇을,4,<EOS>,0.09666752815246582
21,decoder_cross,0,3,좋아한다,0,The,0.18381644785404205
21,decoder_cross,0,3,좋아한다,1,teacher,0.14835043251514435
21,decoder_cross,0,3,좋아한다,2,likes,0.3218895196914673
21,decoder_cross,0,3,좋아한다,3,robots,0.20913909375667572
21,decoder_cross,0,3,좋아한다,4,<EOS>,0.1368044763803482
21,decoder_cross,1,0,<SOS>,0,The,0.17174819111824036
21,decoder_cross,1,0,<SOS>,1,teacher,0.19307924807071686
21,decoder_cross,1,0,<SOS>,2,likes,0.2309228479862213
21,decoder_cross,1,0,<SOS>,3,robots,0.22259847819805145
21,decoder_cross,1,0,<SOS>,4,<EOS>,0.18165123462677002
21,decoder_cross,1,1,선생님은,0,The,0.21220648288726807
21,decoder_cross,1,1,선생님은,1,teacher,0.22131574153900146
21,decoder_cross,1,1,선생님은,2,likes,0.1264784187078476
21,decoder_cross,1,1,선생님은,3,robots,0.22638581693172455
21,decoder_cross,1,1,선생님은,4,<EOS>,0.2136135697364807
21,decoder_cross,1,2,로봇을,0,The,0.20087501406669617
21,decoder_cross,1,2,로봇을,1,teacher,0.17934642732143402
21,decoder_cross,1,2,로봇을,2,likes,0.25113269686698914
21,decoder_cross,1,2,로봇을,3,robots,0.18811878561973572
21,decoder_cross,1,2,로봇을,4,<EOS>,0.18052704632282257
21,decoder_cross,1,3,좋아한다,0,The,0.2016366869211197
21,decoder_cross,1,3,좋아한다,1,teacher,0.2198154777288437
21,decoder_cross,1,3,좋아한다,2,likes,0.17170891165733337
21,decoder_cross,1,3,좋아한다,3,robots,0.1921112835407257
21,decoder_cross,1,3,좋아한다,4,<EOS>,0.21472762525081635
22,encoder_self,0,0,The,0,The,0.3558892011642456
22,encoder_self,0,0,The,1,teacher,0.013225479051470757
22,encoder_self,0,0,The,2,likes,0.006486999336630106
22,encoder_self,0,0,The,3,robots,0.06194233149290085
22,encoder_self,0,0,The,4,<EOS>,0.5624560713768005
22,encoder_self,0,1,teacher,0,The,0.03932708129286766
22,encoder_self,0,1,teacher,1,teacher,0.2982436418533325
22,encoder_self,0,1,teacher,2,likes,0.47581666707992554
22,encoder_self,0,1,teacher,3,robots,0.039809275418519974
22,encoder_self,0,1,teacher,4,<EOS>,0.1468033343553543
22,encoder_self,0,2,likes,0,The,0.12092361599206924
22,encoder_self,0,2,likes,1,teacher,0.38979557156562805
22,encoder_self,0,2,likes,2,likes,0.11116334050893784
22,encoder_self,0,2,likes,3,robots,0.20224416255950928
22,encoder_self,0,2,likes,4,<EOS>,0.17587333917617798
22,encoder_self,0,3,robots,0,The,0.004351621959358454
22,encoder_self,0,3,robots,1,teacher,0.08987248688936234
22,encoder_self,0,3,robots,2,likes,0.6419157385826111
22,encoder_self,0,3,robots,3,robots,0.2527775168418884
22,encoder_self,0,3,robots,4,<EOS>,0.011082659475505352
22,encoder_self,0,4,<EOS>,0,The,0.14779745042324066
22,encoder_self,0,4,<EOS>,1,teacher,0.13748429715633392
22,encoder_self,0,4,<EOS>,2,likes,0.07180237025022507
22,encoder_self,0,4,<EOS>,3,robots,0.1339258849620819
22,encoder_self,0,4,<EOS>,4,<EOS>,0.5089899897575378
22,encoder_self,1,0,The,0,The,0.013658473268151283
22,encoder_self,1,0,The,1,teacher,0.0001290863292524591
22,encoder_self,1,0,The,2,likes,6.994014256633818e-05
22,encoder_self,1,0,The,3,robots,0.9764562845230103
22,encoder_self,1,0,The,4,<EOS>,0.009686222299933434
22,encoder_self,1,1,teacher,0,The,0.1805773377418518
22,encoder_self,1,1,teacher,1,teacher,0.1750563681125641
22,encoder_self,1,1,teacher,2,likes,0.30669543147087097
22,encoder_self,1,1,teacher,3,robots,0.07501998543739319
22,encoder_self,1,1,teacher,4,<EOS>,0.26265081763267517
22,encoder_self,1,2,likes,0,The,0.08137109130620956
22,encoder_self,1,2,likes,1,teacher,0.28451359272003174
22,encoder_self,1,2,likes,2,likes,0.5121541023254395
22,encoder_self,1,2,likes,3,robots,0.03577684983611107
22,encoder_self,1,2,likes,4,<EOS>,0.08618439733982086
22,encoder_self,1,3,robots,0,The,0.07016752660274506
22,encoder_self,1,3,robots,1,teacher,0.28427425026893616
22,encoder_self,1,3,robots,2,likes,0.3193531632423401
22,encoder_self,1,3,robots,3,robots,0.0016206445870921016
22,encoder_self,1,3,robots,4,<EOS>,0.324584424495697
22,encoder_self,1,4,<EOS>,0,The,0.019280917942523956
22,encoder_self,1,4,<EOS>,1,teacher,0.00037792098009958863
22,encoder_self,1,4,<EOS>,2,likes,0.0003805698943324387
22,encoder_self,1,4,<EOS>,3,robots,0.9710730910301208
22,encoder_self,1,4,<EOS>,4,<EOS>,0.008887536823749542
22,decoder_masked,0,0,<SOS>,0,<SOS>,1.0
22,decoder_masked,0,0,<SOS>,1,선생님은,0.0
22,decoder_masked,0,0,<SOS>,2,로봇을,0.0
22,decoder_masked,0,0,<SOS>,3,좋아한다,0.0
22,decoder_masked,0,1,선생님은,0,<SOS>,0.7206621170043945
22,decoder_masked,0,1,선생님은,1,선생님은,0.27933788299560547
22,decoder_masked,0,1,선생님은,2,로봇을,0.0
22,decoder_masked,0,1,선생님은,3,좋아한다,0.0
22,decoder_masked,0,2,로봇을,0,<SOS>,0.12830649316310883
22,decoder_masked,0,2,로봇을,1,선생님은,0.7465795278549194
22,decoder_masked,0,2,로봇을,2,로봇을,0.12511391937732697
22,decoder_masked,0,2,로봇을,3,좋아한다,0.0
22,decoder_masked,0,3,좋아한다,0,<SOS>,0.9767667651176453
22,decoder_masked,0,3,좋아한다,1,선생님은,0.008228323422372341
22,decoder_masked,0,3,좋아한다,2,로봇을,0.00820201076567173
22,decoder_masked,0,3,좋아한다,3,좋아한다,0.006802841555327177
22,decoder_masked,1,0,<SOS>,0,<SOS>,1.0
22,decoder_masked,1,0,<SOS>,1,선생님은,0.0
22,decoder_masked,1,0,<SOS>,2,로봇을,0.0
22,decoder_masked,1,0,<SOS>,3,좋아한다,0.0
22,decoder_masked,1,1,선생님은,0,<SOS>,0.9045723676681519
22,decoder_masked,1,1,선생님은,1,선생님은,0.09542762488126755
22,decoder_masked,1,1,선생님은,2,로봇을,0.0
22,decoder_masked,1,1,선생님은,3,좋아한다,0.0
22,decoder_masked,1,2,로봇을,0,<SOS>,0.593082070350647
22,decoder_masked,1,2,로봇을,1,선생님은,0.27479127049446106
22,decoder_masked,1,2,로봇을,2,로봇을,0.132126584649086
22,decoder_masked,1,2,로봇을,3,좋아한다,0.0
22,decoder_masked,1,3,좋아한다,0,<SOS>,0.6916724443435669
22,decoder_masked,1,3,좋아한다,1,선생님은,0.03618508577346802
22,decoder_masked,1,3,좋아한다,2,로봇을,0.2165241241455078
22,decoder_masked,1,3,좋아한다,3,좋아한다,0.055618371814489365
22,decoder_cross,0,0,<SOS>,0,The,0.17631663382053375
22,decoder_cross,0,0,<SOS>,1,teacher,0.09388668835163116
22,decoder_cross,0,0,<SOS>,2,likes,0.46565479040145874
22,decoder_cross,0,0,<SOS>,3,robots,0.16813340783119202
22,decoder_cross,0,0,<SOS>,4,<EOS>,0.09600856900215149
22,decoder_cross,0,1,선생님은,0,The,0.23423448204994202
22,decoder_cross,0,1,선생님은,1,teacher,0.15100955963134766
22,decoder_cross,0,1,선생님은,2,likes,0.2535414695739746
22,decoder_cross,0,1,선생님은,3,robots,0.1775943785905838
22,decoder_cross,0,1,선생님은,4,<EOS>,0.1836201399564743
22,decoder_cross,0,2,로봇을,0,The,0.15043005347251892
22,decoder_cross,0,2,로봇을,1,teacher,0.1698339879512787
22,decoder_cross,0,2,로봇을,2,likes,0.31030142307281494
22,decoder_cross,0,2,로봇을,3,robots,0.2724554240703583
22,decoder_cross,0,2,로봇을,4,<EOS>,0.09697907418012619
22,decoder_cross,0,3,좋아한다,0,The,0.1857655644416809
22,decoder_cross,0,3,좋아한다,1,teacher,0.1467854082584381
22,decoder_cross,0,3,좋아한다,2,likes,0.32291314005851746
22,decoder_cross,0,3,좋아한다,3,robots,0.20694826543331146
22,decoder_cross,0,3,좋아한다,4,<EOS>,0.13758748769760132
22,decoder_cross,1,0,<SOS>,0,The,0.17219075560569763
22,decoder_cross,1,0,<SOS>,1,teacher,0.19379493594169617
22,decoder_cross,1,0,<SOS>,2,likes,0.227972611784935
22,decoder_cross,1,0,<SOS>,3,robots,0.22378525137901306
22,decoder_cross,1,0,<SOS>,4,<EOS>,0.18225643038749695
22,decoder_cross,1,1,선생님은,0,The,0.21224330365657806
22,decoder_cross,1,1,선생님은,1,teacher,0.22164934873580933
22,decoder_cross,1,1,선생님은,2,likes,0.12544938921928406
22,decoder_cross,1,1,선생님은,3,robots,0.22682791948318481
22,decoder_cross,1,1,선생님은,4,<EOS>,0.2138300985097885
22,decoder_cross,1,2,로봇을,0,The,0.20113009214401245
22,decoder_cross,1,2,로봇을,1,teacher,0.1795152723789215
22,decoder_cross,1,2,로봇을,2,likes,0.2502102851867676
22,decoder_cross,1,2,로봇을,3,robots,0.18847908079624176
22,decoder_cross,1,2,로봇을,4,<EOS>,0.18066523969173431
22,decoder_cross,1,3,좋아한다,0,The,0.20201005041599274
22,decoder_cross,1,3,좋아한다,1,teacher,0.2204647958278656
22,decoder_cross,1,3,좋아한다,2,likes,0.16890782117843628
22,decoder_cross,1,3,좋아한다,3,robots,0.19343915581703186
22,decoder_cross,1,3,좋아한다,4,<EOS>,0.21517810225486755
23,encoder_self,0,0,The,0,The,0.3576429486274719
23,encoder_self,0,0,The,1,teacher,0.013090397231280804
23,encoder_self,0,0,The,2,likes,0.006353501696139574
23,encoder_self,0,0,The,3,robots,0.05877405032515526
23,encoder_self,0,0,The,4,<EOS>,0.5641391277313232
23,encoder_self,0,1,teacher,0,The,0.03925609588623047
23,encoder_self,0,1,teacher,1,teacher,0.29928457736968994
23,encoder_self,0,1,teacher,2,likes,0.47542208433151245
23,encoder_self,0,1,teacher,3,robots,0.03929803892970085
23,encoder_self,0,1,teacher,4,<EOS>,0.14673922955989838
23,encoder_self,0,2,likes,0,The,0.12016300857067108
23,encoder_self,0,2,likes,1,teacher,0.38962551951408386
23,encoder_self,0,2,likes,2,likes,0.111178457736969
23,encoder_self,0,2,likes,3,robots,0.20407259464263916
23,encoder_self,0,2,likes,4,<EOS>,0.17496037483215332
23,encoder_self,0,3,robots,0,The,0.004479777067899704
23,encoder_self,0,3,robots,1,teacher,0.09137482196092606
23,encoder_self,0,3,robots,2,likes,0.6466240882873535
23,encoder_self,0,3,robots,3,robots,0.2461399883031845
23,encoder_self,0,3,robots,4,<EOS>,0.011381218209862709
23,encoder_self,0,4,<EOS>,0,The,0.14925648272037506
23,encoder_self,0,4,<EOS>,1,teacher,0.13736915588378906
23,encoder_self,0,4,<EOS>,2,likes,0.07112530618906021
23,encoder_self,0,4,<EOS>,3,robots,0.12901267409324646
23,encoder_self,0,4,<EOS>,4,<EOS>,0.513236403465271
23,encoder_self,1,0,The,0,The,0.014627330005168915
23,encoder_self,1,0,The,1,teacher,0.00013416419096756727
23,encoder_self,1,0,The,2,likes,7.238256512209773e-05
23,encoder_self,1,0,The,3,robots,0.9748253226280212
23,encoder_self,1,0,The,4,<EOS>,0.010340848006308079
23,encoder_self,1,1,teacher,0,The,0.1808919608592987
23,encoder_self,1,1,teacher,1,teacher,0.1750524938106537
23,encoder_self,1,1,teacher,2,likes,0.3062165081501007
23,encoder_self,1,1,teacher,3,robots,0.07437993586063385
23,encoder_self,1,1,teacher,4,<EOS>,0.26345905661582947
23,encoder_self,1,2,likes,0,The,0.08079110085964203
23,encoder_self,1,2,likes,1,teacher,0.28454282879829407
23,encoder_self,1,2,likes,2,likes,0.5128868222236633
23,encoder_self,1,2,likes,3,robots,0.036152541637420654
23,encoder_self,1,2,likes,4,<EOS>,0.08562669157981873
23,encoder_self,1,3,robots,0,The,0.0702747106552124
23,encoder_self,1,3,robots,1,teacher,0.28410428762435913
23,encoder_self,1,3,robots,2,likes,0.3190569281578064
23,encoder_self,1,3,robots,3,robots,0.0016261941054835916
23,encoder_self,1,3,robots,4,<EOS>,0.3249378204345703
23,encoder_self,1,4,<EOS>,0,The,0.02025407925248146
23,encoder_self,1,4,<EOS>,1,teacher,0.00038912182208150625
23,encoder_self,1,4,<EOS>,2,likes,0.000390747474739328
23,encoder_self,1,4,<EOS>,3,robots,0.9696453213691711
23,encoder_self,1,4,<EOS>,4,<EOS>,0.009320763871073723
23,decoder_masked,0,0,<SOS>,0,<SOS>,1.0
23,decoder_masked,0,0,<SOS>,1,선생님은,0.0
23,decoder_masked,0,0,<SOS>,2,로봇을,0.0
23,decoder_masked,0,0,<SOS>,3,좋아한다,0.0
23,decoder_masked,0,1,선생님은,0,<SOS>,0.7936816811561584
23,decoder_masked,0,1,선생님은,1,선생님은,0.20631831884384155
23,decoder_masked,0,1,선생님은,2,로봇을,0.0
23,decoder_masked,0,1,선생님은,3,좋아한다,0.0
23,decoder_masked,0,2,로봇을,0,<SOS>,0.16748757660388947
23,decoder_masked,0,2,로봇을,1,선생님은,0.7053589820861816
23,decoder_masked,0,2,로봇을,2,로봇을,0.1271534413099289
23,decoder_masked,0,2,로봇을,3,좋아한다,0.0
23,decoder_masked,0,3,좋아한다,0,<SOS>,0.9818310141563416
23,decoder_masked,0,3,좋아한다,1,선생님은,0.0062426356598734856
23,decoder_masked,0,3,좋아한다,2,로봇을,0.006747619714587927
23,decoder_masked,0,3,좋아한다,3,좋아한다,0.005178678780794144
23,decoder_masked,1,0,<SOS>,0,<SOS>,1.0
23,decoder_masked,1,0,<SOS>,1,선생님은,0.0
23,decoder_masked,1,0,<SOS>,2,로봇을,0.0
23,decoder_masked,1,0,<SOS>,3,좋아한다,0.0
23,decoder_masked,1,1,선생님은,0,<SOS>,0.9059913158416748
23,decoder_masked,1,1,선생님은,1,선생님은,0.09400872141122818
23,decoder_masked,1,1,선생님은,2,로봇을,0.0
23,decoder_masked,1,1,선생님은,3,좋아한다,0.0
23,decoder_masked,1,2,로봇을,0,<SOS>,0.5726363658905029
23,decoder_masked,1,2,로봇을,1,선생님은,0.2842053174972534
23,decoder_masked,1,2,로봇을,2,로봇을,0.14315834641456604
23,decoder_masked,1,2,로봇을,3,좋아한다,0.0
23,decoder_masked,1,3,좋아한다,0,<SOS>,0.7024478912353516
23,decoder_masked,1,3,좋아한다,1,선생님은,0.03556378185749054
23,decoder_masked,1,3,좋아한다,2,로봇을,0.20870307087898254
23,decoder_masked,1,3,좋아한다,3,좋아한다,0.053285323083400726
23,decoder_cross,0,0,<SOS>,0,The,0.17918920516967773
23,decoder_cross,0,0,<SOS>,1,teacher,0.09384950250387192
23,decoder_cross,0,0,<SOS>,2,likes,0.46291884779930115
23,decoder_cross,0,0,<SOS>,3,robots,0.16656158864498138
23,decoder_cross,0,0,<SOS>,4,<EOS>,0.09748079627752304
23,decoder_cross,0,1,선생님은,0,The,0.23407886922359467
23,decoder_cross,0,1,선생님은,1,teacher,0.14737530052661896
23,decoder_cross,0,1,선생님은,2,likes,0.2620324194431305
23,decoder_cross,0,1,선생님은,3,robots,0.1769299954175949
23,decoder_cross,0,1,선생님은,4,<EOS>,0.17958341538906097
23,decoder_cross,0,2,로봇을,0,The,0.15206921100616455
23,decoder_cross,0,2,로봇을,1,teacher,0.16823983192443848
23,decoder_cross,0,2,로봇을,2,likes,0.31349581480026245
23,decoder_cross,0,2,로봇을,3,robots,0.2690957188606262
23,decoder_cross,0,2,로봇을,4,<EOS>,0.0970994234085083
23,decoder_cross,0,3,좋아한다,0,The,0.1881374567747116
23,decoder_cross,0,3,좋아한다,1,teacher,0.14391744136810303
23,decoder_cross,0,3,좋아한다,2,likes,0.32671621441841125
23,decoder_cross,0,3,좋아한다,3,robots,0.20388202369213104
23,decoder_cross,0,3,좋아한다,4,<EOS>,0.13734689354896545
23,decoder_cross,1,0,<SOS>,0,The,0.17219296097755432
23,decoder_cross,1,0,<SOS>,1,teacher,0.19388322532176971
23,decoder_cross,1,0,<SOS>,2,likes,0.22760741412639618
23,decoder_cross,1,0,<SOS>,3,robots,0.2241724282503128
23,decoder_cross,1,0,<SOS>,4,<EOS>,0.182143896818161
23,decoder_cross,1,1,선생님은,0,The,0.20900645852088928
23,decoder_cross,1,1,선생님은,1,teacher,0.22138337790966034
23,decoder_cross,1,1,선생님은,2,likes,0.12885423004627228
23,decoder_cross,1,1,선생님은,3,robots,0.22913342714309692
23,decoder_cross,1,1,선생님은,4,<EOS>,0.21162253618240356
23,decoder_cross,1,2,로봇을,0,The,0.1997806578874588
23,decoder_cross,1,2,로봇을,1,teacher,0.17923758924007416
23,decoder_cross,1,2,로봇을,2,likes,0.25142666697502136
23,decoder_cross,1,2,로봇을,3,robots,0.18939286470413208
23,decoder_cross,1,2,로봇을,4,<EOS>,0.18016228079795837
23,decoder_cross,1,3,좋아한다,0,The,0.2008861005306244
23,decoder_cross,1,3,좋아한다,1,teacher,0.2202785760164261
23,decoder_cross,1,3,좋아한다,2,likes,0.16953279078006744
23,decoder_cross,1,3,좋아한다,3,robots,0.1953333169221878
23,decoder_cross,1,3,좋아한다,4,<EOS>,0.21396921575069427
24,encoder_self,0,0,The,0,The,0.3566840589046478
24,encoder_self,0,0,The,1,teacher,0.01312631368637085
24,encoder_self,0,0,The,2,likes,0.00636991485953331
24,encoder_self,0,0,The,3,robots,0.058316003531217575
24,encoder_self,0,0,The,4,<EOS>,0.565503716468811
24,encoder_self,0,1,teacher,0,The,0.03918171301484108
24,encoder_self,0,1,teacher,1,teacher,0.29912763833999634
24,encoder_self,0,1,teacher,2,likes,0.4756828546524048
24,encoder_self,0,1,teacher,3,robots,0.03911168500781059
24,encoder_self,0,1,teacher,4,<EOS>,0.1468961238861084
24,encoder_self,0,2,likes,0,The,0.12015265226364136
24,encoder_self,0,2,likes,1,teacher,0.38953697681427
24,encoder_self,0,2,likes,2,likes,0.11103632301092148
24,encoder_self,0,2,likes,3,robots,0.20428302884101868
24,encoder_self,0,2,likes,4,<EOS>,0.1749909520149231
24,encoder_self,0,3,robots,0,The,0.004482408985495567
24,encoder_self,0,3,robots,1,teacher,0.09152040630578995
24,encoder_self,0,3,robots,2,likes,0.6470496654510498
24,encoder_self,0,3,robots,3,robots,0.24554884433746338
24,encoder_self,0,3,robots,4,<EOS>,0.011398748494684696
24,encoder_self,0,4,<EOS>,0,The,0.14881213009357452
24,encoder_self,0,4,<EOS>,1,teacher,0.13760097324848175
24,encoder_self,0,4,<EOS>,2,likes,0.07127971202135086
24,encoder_self,0,4,<EOS>,3,robots,0.1279788464307785
24,encoder_self,0,4,<EOS>,4,<EOS>,0.5143283009529114
24,encoder_self,1,0,The,0,The,0.014077501371502876
24,encoder_self,1,0,The,1,teacher,0.00013750320067629218
24,encoder_self,1,0,The,2,likes,8.318052277900279e-05
24,encoder_self,1,0,The,3,robots,0.9753581881523132
24,encoder_self,1,0,The,4,<EOS>,0.010343674570322037
24,encoder_self,1,1,teacher,0,The,0.17847022414207458
24,encoder_self,1,1,teacher,1,teacher,0.17491070926189423
24,encoder_self,1,1,teacher,2,likes,0.31133684515953064
24,encoder_self,1,1,teacher,3,robots,0.07363339513540268
24,encoder_self,1,1,teacher,4,<EOS>,0.26164886355400085
24,encoder_self,1,2,likes,0,The,0.08306775242090225
24,encoder_self,1,2,likes,1,teacher,0.28803274035453796
24,encoder_self,1,2,likes,2,likes,0.5048502087593079
24,encoder_self,1,2,likes,3,robots,0.03684788569808006
24,encoder_self,1,2,likes,4,<EOS>,0.08720140904188156
24,encoder_self,1,3,robots,0,The,0.06973107159137726
24,encoder_self,1,3,robots,1,teacher,0.2837945520877838
24,encoder_self,1,3,robots,2,likes,0.3212433159351349
24,encoder_self,1,3,robots,3,robots,0.001612511114217341
24,encoder_self,1,3,robots,4,<EOS>,0.323618620634079
24,encoder_self,1,4,<EOS>,0,The,0.019698919728398323
24,encoder_self,1,4,<EOS>,1,teacher,0.0003973307029809803
24,encoder_self,1,4,<EOS>,2,likes,0.00043431975063867867
24,encoder_self,1,4,<EOS>,3,robots,0.970139741897583
24,encoder_self,1,4,<EOS>,4,<EOS>,0.009329685010015965
24,decoder_masked,0,0,<SOS>,0,<SOS>,1.0
24,decoder_masked,0,0,<SOS>,1,선생님은,0.0
24,decoder_masked,0,0,<SOS>,2,로봇을,0.0
24,decoder_masked,0,0,<SOS>,3,좋아한다,0.0
24,decoder_masked,0,1,선생님은,0,<SOS>,0.7834867835044861
24,decoder_masked,0,1,선생님은,1,선생님은,0.21651318669319153
24,decoder_masked,0,1,선생님은,2,로봇을,0.0
24,decoder_masked,0,1,선생님은,3,좋아한다,0.0
24,decoder_masked,0,2,로봇을,0,<SOS>,0.16747421026229858
24,decoder_masked,0,2,로봇을,1,선생님은,0.7032133340835571
24,decoder_masked,0,2,로봇을,2,로봇을,0.12931248545646667
24,decoder_masked,0,2,로봇을,3,좋아한다,0.0
24,decoder_masked,0,3,좋아한다,0,<SOS>,0.9806330800056458
24,decoder_masked,0,3,좋아한다,1,선생님은,0.006626334507018328
24,decoder_masked,0,3,좋아한다,2,로봇을,0.007245001848787069
24,decoder_masked,0,3,좋아한다,3,좋아한다,0.005495454650372267
24,decoder_masked,1,0,<SOS>,0,<SOS>,1.0
24,decoder_masked,1,0,<SOS>,1,선생님은,0.0
24,decoder_masked,1,0,<SOS>,2,로봇을,0.0
24,decoder_masked,1,0,<SOS>,3,좋아한다,0.0
24,decoder_masked,1,1,선생님은,0,<SOS>,0.9000149965286255
24,decoder_masked,1,1,선생님은,1,선생님은,0.0999850258231163
24,decoder_masked,1,1,선생님은,2,로봇을,0.0
24,decoder_masked,1,1,선생님은,3,좋아한다,0.0
24,decoder_masked,1,2,로봇을,0,<SOS>,0.5540407299995422
24,decoder_masked,1,2,로봇을,1,선생님은,0.2967946529388428
24,decoder_masked,1,2,로봇을,2,로봇을,0.14916463196277618
24,decoder_masked,1,2,로봇을,3,좋아한다,0.0
24,decoder_masked,1,3,좋아한다,0,<SOS>,0.6817903518676758
24,decoder_masked,1,3,좋아한다,1,선생님은,0.038198404014110565
24,decoder_masked,1,3,좋아한다,2,로봇을,0.2259179949760437
24,decoder_masked,1,3,좋아한다,3,좋아한다,0.05409322306513786
24,decoder_cross,0,0,<SOS>,0,The,0.1791735291481018
24,decoder_cross,0,0,<SOS>,1,teacher,0.09417425096035004
24,decoder_cross,0,0,<SOS>,2,likes,0.4616994857788086
24,decoder_cross,0,0,<SOS>,3,robots,0.16712415218353271
24,decoder_cross,0,0,<SOS>,4,<EOS>,0.09782852977514267
24,decoder_cross,0,1,선생님은,0,The,0.23559871315956116
24,decoder_cross,0,1,선생님은,1,teacher,0.1475822627544403
24,decoder_cross,0,1,선생님은,2,likes,0.2598879635334015
24,decoder_cross,0,1,선생님은,3,robots,0.17664885520935059
24,decoder_cross,0,1,선생님은,4,<EOS>,0.18028217554092407
24,decoder_cross,0,2,로봇을,0,The,0.15318948030471802
24,decoder_cross,0,2,로봇을,1,teacher,0.16870872676372528
24,decoder_cross,0,2,로봇을,2,likes,0.3112156093120575
24,decoder_cross,0,2,로봇을,3,robots,0.26858511567115784
24,decoder_cross,0,2,로봇을,4,<EOS>,0.09830108284950256
24,decoder_cross,0,3,좋아한다,0,The,0.18952828645706177
24,decoder_cross,0,3,좋아한다,1,teacher,0.14335954189300537
24,decoder_cross,0,3,좋아한다,2,likes,0.32619383931159973
24,decoder_cross,0,3,좋아한다,3,robots,0.20315295457839966
24,decoder_cross,0,3,좋아한다,4,<EOS>,0.13776539266109467
24,decoder_cross,1,0,<SOS>,0,The,0.17283348739147186
24,decoder_cross,1,0,<SOS>,1,teacher,0.1938803493976593
24,decoder_cross,1,0,<SOS>,2,likes,0.2256769984960556
24,decoder_cross,1,0,<SOS>,3,robots,0.22533871233463287
24,decoder_cross,1,0,<SOS>,4,<EOS>,0.18227051198482513
24,decoder_cross,1,1,선생님은,0,The,0.2096964567899704
24,decoder_cross,1,1,선생님은,1,teacher,0.22089652717113495
24,decoder_cross,1,1,선생님은,2,likes,0.12762552499771118
24,decoder_cross,1,1,선생님은,3,robots,0.23085452616214752
24,decoder_cross,1,1,선생님은,4,<EOS>,0.21092696487903595
24,decoder_cross,1,2,로봇을,0,The,0.20051847398281097
24,decoder_cross,1,2,로봇을,1,teacher,0.1791408807039261
24,decoder_cross,1,2,로봇을,2,likes,0.2500278949737549
24,decoder_cross,1,2,로봇을,3,robots,0.19007182121276855
24,decoder_cross,1,2,로봇을,4,<EOS>,0.1802409440279007
24,decoder_cross,1,3,좋아한다,0,The,0.2017015963792801
24,decoder_cross,1,3,좋아한다,1,teacher,0.22010383009910583
24,decoder_cross,1,3,좋아한다,2,likes,0.16791203618049622
24,decoder_cross,1,3,좋아한다,3,robots,0.19666287302970886
24,decoder_cross,1,3,좋아한다,4,<EOS>,0.2136196494102478
25,encoder_self,0,0,The,0,The,0.3556874990463257
25,encoder_self,0,0,The,1,teacher,0.013066827319562435
25,encoder_self,0,0,The,2,likes,0.006360257510095835
25,encoder_self,0,0,The,3,robots,0.057833343744277954
25,encoder_self,0,0,The,4,<EOS>,0.5670520067214966
25,encoder_self,0,1,teacher,0,The,0.039389919489622116
25,encoder_self,0,1,teacher,1,teacher,0.2983076870441437
25,encoder_self,0,1,teacher,2,likes,0.4754769504070282
25,encoder_self,0,1,teacher,3,robots,0.03894830122590065
25,encoder_self,0,1,teacher,4,<EOS>,0.14787718653678894
25,encoder_self,0,2,likes,0,The,0.11988390982151031
25,encoder_self,0,2,likes,1,teacher,0.39002323150634766
25,encoder_self,0,2,likes,2,likes,0.11105285584926605
25,encoder_self,0,2,likes,3,robots,0.20450009405612946
25,encoder_self,0,2,likes,4,<EOS>,0.17453987896442413
25,encoder_self,0,3,robots,0,The,0.0045233191922307014
25,encoder_self,0,3,robots,1,teacher,0.09140102565288544
25,encoder_self,0,3,robots,2,likes,0.6475201845169067
25,encoder_self,0,3,robots,3,robots,0.24504651129245758
25,encoder_self,0,3,robots,4,<EOS>,0.011508878320455551
25,encoder_self,0,4,<EOS>,0,The,0.14854004979133606
25,encoder_self,0,4,<EOS>,1,teacher,0.1372222900390625
25,encoder_self,0,4,<EOS>,2,likes,0.07128863036632538
25,encoder_self,0,4,<EOS>,3,robots,0.12715433537960052
25,encoder_self,0,4,<EOS>,4,<EOS>,0.5157947540283203
25,encoder_self,1,0,The,0,The,0.014051617123186588
25,encoder_self,1,0,The,1,teacher,0.0001368211960652843
25,encoder_self,1,0,The,2,likes,8.352688746526837e-05
25,encoder_self,1,0,The,3,robots,0.9754719138145447
25,encoder_self,1,0,The,4,<EOS>,0.010256107896566391
25,encoder_self,1,1,teacher,0,The,0.17837248742580414
25,encoder_self,1,1,teacher,1,teacher,0.17481793463230133
25,encoder_self,1,1,teacher,2,likes,0.31183841824531555
25,encoder_self,1,1,teacher,3,robots,0.07362682372331619
25,encoder_self,1,1,teacher,4,<EOS>,0.26134437322616577
25,encoder_self,1,2,likes,0,The,0.08302074670791626
25,encoder_self,1,2,likes,1,teacher,0.2884019613265991
25,encoder_self,1,2,likes,2,likes,0.5044742226600647
25,encoder_self,1,2,likes,3,robots,0.03673310950398445
25,encoder_self,1,2,likes,4,<EOS>,0.0873698890209198
25,encoder_self,1,3,robots,0,The,0.06963443756103516
25,encoder_self,1,3,robots,1,teacher,0.2835911214351654
25,encoder_self,1,3,robots,2,likes,0.32176318764686584
25,encoder_self,1,3,robots,3,robots,0.001608999795280397
25,encoder_self,1,3,robots,4,<EOS>,0.3234022557735443
25,encoder_self,1,4,<EOS>,0,The,0.01966937445104122
25,encoder_self,1,4,<EOS>,1,teacher,0.0003959731257054955
25,encoder_self,1,4,<EOS>,2,likes,0.00043559682671912014
25,encoder_self,1,4,<EOS>,3,robots,0.9702296257019043
25,encoder_self,1,4,<EOS>,4,<EOS>,0.009269440546631813
25,decoder_masked,0,0,<SOS>,0,<SOS>,1.0
25,decoder_masked,0,0,<SOS>,1,선생님은,0.0
25,decoder_masked,0,0,<SOS>,2,로봇을,0.0
25,decoder_masked,0,0,<SOS>,3,좋아한다,0.0
25,decoder_masked,0,1,선생님은,0,<SOS>,0.8026414513587952
25,decoder_masked,0,1,선생님은,1,선생님은,0.1973586082458496
25,decoder_masked,0,1,선생님은,2,로봇을,0.0
25,decoder_masked,0,1,선생님은,3,좋아한다,0.0
25,decoder_masked,0,2,로봇을,0,<SOS>,0.1900710016489029
25,decoder_masked,0,2,로봇을,1,선생님은,0.6820327639579773
25,decoder_masked,0,2,로봇을,2,로봇을,0.1278962641954422
25,decoder_masked,0,2,로봇을,3,좋아한다,0.0
25,decoder_masked,0,3,좋아한다,0,<SOS>,0.9829573035240173
25,decoder_masked,0,3,좋아한다,1,선생님은,0.005771188531070948
25,decoder_masked,0,3,좋아한다,2,로봇을,0.0064633009023964405
25,decoder_masked,0,3,좋아한다,3,좋아한다,0.004808107856661081
25,decoder_masked,1,0,<SOS>,0,<SOS>,1.0
25,decoder_masked,1,0,<SOS>,1,선생님은,0.0
25,decoder_masked,1,0,<SOS>,2,로봇을,0.0
25,decoder_masked,1,0,<SOS>,3,좋아한다,0.0
25,decoder_masked,1,1,선생님은,0,<SOS>,0.8965581059455872
25,decoder_masked,1,1,선생님은,1,선생님은,0.10344196856021881
25,decoder_masked,1,1,선생님은,2,로봇을,0.0
25,decoder_masked,1,1,선생님은,3,좋아한다,0.0
25,decoder_masked,1,2,로봇을,0,<SOS>,0.5514584183692932
25,decoder_masked,1,2,로봇을,1,선생님은,0.2983728051185608
25,decoder_masked,1,2,로봇을,2,로봇을,0.15016882121562958
25,decoder_masked,1,2,로봇을,3,좋아한다,0.0
25,decoder_masked,1,3,좋아한다,0,<SOS>,0.6739822030067444
25,decoder_masked,1,3,좋아한다,1,선생님은,0.03936469182372093
25,decoder_masked,1,3,좋아한다,2,로봇을,0.2319595366716385
25,decoder_masked,1,3,좋아한다,3,좋아한다,0.05469357594847679
25,decoder_cross,0,0,<SOS>,0,The,0.1778377741575241
25,decoder_cross,0,0,<SOS>,1,teacher,0.0946211963891983
25,decoder_cross,0,0,<SOS>,2,likes,0.46120405197143555
25,decoder_cross,0,0,<SOS>,3,robots,0.1685105860233307
25,decoder_cross,0,0,<SOS>,4,<EOS>,0.09782640635967255
25,decoder_cross,0,1,선생님은,0,The,0.23466084897518158
25,decoder_cross,0,1,선생님은,1,teacher,0.14831051230430603
25,decoder_cross,0,1,선생님은,2,likes,0.25951486825942993
25,decoder_cross,0,1,선생님은,3,robots,0.17766934633255005
25,decoder_cross,0,1,선생님은,4,<EOS>,0.17984439432621002
25,decoder_cross,0,2,로봇을,0,The,0.15222834050655365
25,decoder_cross,0,2,로봇을,1,teacher,0.16862395405769348
25,decoder_cross,0,2,로봇을,2,likes,0.3116532266139984
25,decoder_cross,0,2,로봇을,3,robots,0.2694266736507416
25,decoder_cross,0,2,로봇을,4,<EOS>,0.09806769341230392
25,decoder_cross,0,3,좋아한다,0,The,0.1884164959192276
25,decoder_cross,0,3,좋아한다,1,teacher,0.14349372684955597
25,decoder_cross,0,3,좋아한다,2,likes,0.3267747163772583
25,decoder_cross,0,3,좋아한다,3,robots,0.20409461855888367
25,decoder_cross,0,3,좋아한다,4,<EOS>,0.1372205764055252
25,decoder_cross,1,0,<SOS>,0,The,0.17305637896060944
25,decoder_cross,1,0,<SOS>,1,teacher,0.19381389021873474
25,decoder_cross,1,0,<SOS>,2,likes,0.2249617874622345
25,decoder_cross,1,0,<SOS>,3,robots,0.22575882077217102
25,decoder_cross,1,0,<SOS>,4,<EOS>,0.1824091076850891
25,decoder_cross,1,1,선생님은,0,The,0.2096800059080124
25,decoder_cross,1,1,선생님은,1,teacher,0.22075122594833374
25,decoder_cross,1,1,선생님은,2,likes,0.12735934555530548
25,decoder_cross,1,1,선생님은,3,robots,0.23161712288856506
25,decoder_cross,1,1,선생님은,4,<EOS>,0.21059225499629974
25,decoder_cross,1,2,로봇을,0,The,0.2003416270017624
25,decoder_cross,1,2,로봇을,1,teacher,0.17914122343063354
25,decoder_cross,1,2,로봇을,2,likes,0.2497043013572693
25,decoder_cross,1,2,로봇을,3,robots,0.19075274467468262
25,decoder_cross,1,2,로봇을,4,<EOS>,0.18006007373332977
25,decoder_cross,1,3,좋아한다,0,The,0.20195557177066803
25,decoder_cross,1,3,좋아한다,1,teacher,0.22003833949565887
25,decoder_cross,1,3,좋아한다,2,likes,0.16764967143535614
25,decoder_cross,1,3,좋아한다,3,robots,0.1967618763446808
25,decoder_cross,1,3,좋아한다,4,<EOS>,0.2135944962501526
26,encoder_self,0,0,The,0,The,0.355486661195755
26,encoder_self,0,0,The,1,teacher,0.013068538159132004
26,encoder_self,0,0,The,2,likes,0.006403774488717318
26,encoder_self,0,0,The,3,robots,0.05715694651007652
26,encoder_self,0,0,The,4,<EOS>,0.567884087562561
26,encoder_self,0,1,teacher,0,The,0.0395183339715004
26,encoder_self,0,1,teacher,1,teacher,0.297914981842041
26,encoder_self,0,1,teacher,2,likes,0.47574132680892944
26,encoder_self,0,1,teacher,3,robots,0.03862084448337555
26,encoder_self,0,1,teacher,4,<EOS>,0.14820453524589539
26,encoder_self,0,2,likes,0,The,0.1203150674700737
26,encoder_self,0,2,likes,1,teacher,0.38964009284973145
26,encoder_self,0,2,likes,2,likes,0.1105320081114769
26,encoder_self,0,2,likes,3,robots,0.20463460683822632
26,encoder_self,0,2,likes,4,<EOS>,0.17487822473049164
26,encoder_self,0,3,robots,0,The,0.004487907513976097
26,encoder_self,0,3,robots,1,teacher,0.09117605537176132
26,encoder_self,0,3,robots,2,likes,0.6494439840316772
26,encoder_self,0,3,robots,3,robots,0.24345211684703827
26,encoder_self,0,3,robots,4,<EOS>,0.011439968831837177
26,encoder_self,0,4,<EOS>,0,The,0.14880722761154175
26,encoder_self,0,4,<EOS>,1,teacher,0.13709984719753265
26,encoder_self,0,4,<EOS>,2,likes,0.07161850482225418
26,encoder_self,0,4,<EOS>,3,robots,0.1256287693977356
26,encoder_self,0,4,<EOS>,4,<EOS>,0.5168456435203552
26,encoder_self,1,0,The,0,The,0.013940167613327503
26,encoder_self,1,0,The,1,teacher,0.00013485888484865427
26,encoder_self,1,0,The,2,likes,8.379793143831193e-05
26,encoder_self,1,0,The,3,robots,0.975669264793396
26,encoder_self,1,0,The,4,<EOS>,0.01017190981656313
26,encoder_self,1,1,teacher,0,The,0.17823991179466248
26,encoder_self,1,1,teacher,1,teacher,0.174653097987175
26,encoder_self,1,1,teacher,2,likes,0.312543660402298
26,encoder_self,1,1,teacher,3,robots,0.07342328876256943
26,encoder_self,1,1,teacher,4,<EOS>,0.2611400783061981
26,encoder_self,1,2,likes,0,The,0.08358396589756012
26,encoder_self,1,2,likes,1,teacher,0.2892678678035736
26,encoder_self,1,2,likes,2,likes,0.502345860004425
26,encoder_self,1,2,likes,3,robots,0.03707089275121689
26,encoder_self,1,2,likes,4,<EOS>,0.08773145079612732
26,encoder_self,1,3,robots,0,The,0.06913492828607559
26,encoder_self,1,3,robots,1,teacher,0.2832874655723572
26,encoder_self,1,3,robots,2,likes,0.32370397448539734
26,encoder_self,1,3,robots,3,robots,0.0015824243891984224
26,encoder_self,1,3,robots,4,<EOS>,0.32229116559028625
26,encoder_self,1,4,<EOS>,0,The,0.019558444619178772
26,encoder_self,1,4,<EOS>,1,teacher,0.0003923279873561114
26,encoder_self,1,4,<EOS>,2,likes,0.00043706761789508164
26,encoder_self,1,4,<EOS>,3,robots,0.9703990817070007
26,encoder_self,1,4,<EOS>,4,<EOS>,0.00921301543712616
26,decoder_masked,0,0,<SOS>,0,<SOS>,1.0
26,decoder_masked,0,0,<SOS>,1,선생님은,0.0
26,decoder_masked,0,0,<SOS>,2,로봇을,0.0
26,decoder_masked,0,0,<SOS>,3,좋아한다,0.0
26,decoder_masked,0,1,선생님은,0,<SOS>,0.8186061382293701
26,decoder_masked,0,1,선생님은,1,선생님은,0.18139392137527466
26,decoder_masked,0,1,선생님은,2,로봇을,0.0
26,decoder_masked,0,1,선생님은,3,좋아한다,0.0
26,decoder_masked,0,2,로봇을,0,<SOS>,0.2126132696866989
26,decoder_masked,0,2,로봇을,1,선생님은,0.6538428068161011
26,decoder_masked,0,2,로봇을,2,로봇을,0.13354384899139404
26,decoder_masked,0,2,로봇을,3,좋아한다,0.0
26,decoder_masked,0,3,좋아한다,0,<SOS>,0.9841278195381165
26,decoder_masked,0,3,좋아한다,1,선생님은,0.005209772847592831
26,decoder_masked,0,3,좋아한다,2,로봇을,0.0062532806769013405
26,decoder_masked,0,3,좋아한다,3,좋아한다,0.004409111570566893
26,decoder_masked,1,0,<SOS>,0,<SOS>,1.0
26,decoder_masked,1,0,<SOS>,1,선생님은,0.0
26,decoder_masked,1,0,<SOS>,2,로봇을,0.0
26,decoder_masked,1,0,<SOS>,3,좋아한다,0.0
26,decoder_masked,1,1,선생님은,0,<SOS>,0.8943601250648499
26,decoder_masked,1,1,선생님은,1,선생님은,0.10563984513282776
26,decoder_masked,1,1,선생님은,2,로봇을,0.0
26,decoder_masked,1,1,선생님은,3,좋아한다,0.0
26,decoder_masked,1,2,로봇을,0,<SOS>,0.5447096228599548
26,decoder_masked,1,2,로봇을,1,선생님은,0.3033565878868103
26,decoder_masked,1,2,로봇을,2,로봇을,0.1519337296485901
26,decoder_masked,1,2,로봇을,3,좋아한다,0.0
26,decoder_masked,1,3,좋아한다,0,<SOS>,0.6710138320922852
26,decoder_masked,1,3,좋아한다,1,선생님은,0.039830464869737625
26,decoder_masked,1,3,좋아한다,2,로봇을,0.2341604381799698
26,decoder_masked,1,3,좋아한다,3,좋아한다,0.05499528348445892
26,decoder_cross,0,0,<SOS>,0,The,0.17757758498191833
26,decoder_cross,0,0,<SOS>,1,teacher,0.09483718872070312
26,decoder_cross,0,0,<SOS>,2,likes,0.46099379658699036
26,decoder_cross,0,0,<SOS>,3,robots,0.16880668699741364
26,decoder_cross,0,0,<SOS>,4,<EOS>,0.09778476506471634
26,decoder_cross,0,1,선생님은,0,The,0.2346782386302948
26,decoder_cross,0,1,선생님은,1,teacher,0.14850041270256042
26,decoder_cross,0,1,선생님은,2,likes,0.2596628665924072
26,decoder_cross,0,1,선생님은,3,robots,0.1781930774450302
26,decoder_cross,0,1,선생님은,4,<EOS>,0.17896541953086853
26,decoder_cross,0,2,로봇을,0,The,0.15197719633579254
26,decoder_cross,0,2,로봇을,1,teacher,0.16858771443367004
26,decoder_cross,0,2,로봇을,2,likes,0.3122730553150177
26,decoder_cross,0,2,로봇을,3,robots,0.2692950963973999
26,decoder_cross,0,2,로봇을,4,<EOS>,0.0978669822216034
26,decoder_cross,0,3,좋아한다,0,The,0.1885724663734436
26,decoder_cross,0,3,좋아한다,1,teacher,0.14303210377693176
26,decoder_cross,0,3,좋아한다,2,likes,0.32773730158805847
26,decoder_cross,0,3,좋아한다,3,robots,0.2040124237537384
26,decoder_cross,0,3,좋아한다,4,<EOS>,0.13664577901363373
26,decoder_cross,1,0,<SOS>,0,The,0.17353807389736176
26,decoder_cross,1,0,<SOS>,1,teacher,0.1938726007938385
26,decoder_cross,1,0,<SOS>,2,likes,0.22301575541496277
26,decoder_cross,1,0,<SOS>,3,robots,0.22711439430713654
26,decoder_cross,1,0,<SOS>,4,<EOS>,0.18245922029018402
26,decoder_cross,1,1,선생님은,0,The,0.20951604843139648
26,decoder_cross,1,1,선생님은,1,teacher,0.2204355150461197
26,decoder_cross,1,1,선생님은,2,likes,0.12636426091194153
26,decoder_cross,1,1,선생님은,3,robots,0.23399607837200165
26,decoder_cross,1,1,선생님은,4,<EOS>,0.20968802273273468
26,decoder_cross,1,2,로봇을,0,The,0.20032766461372375
26,decoder_cross,1,2,로봇을,1,teacher,0.17916423082351685
26,decoder_cross,1,2,로봇을,2,likes,0.24871860444545746
26,decoder_cross,1,2,로봇을,3,robots,0.19188135862350464
26,decoder_cross,1,2,로봇을,4,<EOS>,0.1799081414937973
26,decoder_cross,1,3,좋아한다,0,The,0.20227713882923126
26,decoder_cross,1,3,좋아한다,1,teacher,0.22013498842716217
26,decoder_cross,1,3,좋아한다,2,likes,0.16597683727741241
26,decoder_cross,1,3,좋아한다,3,robots,0.19834637641906738
26,decoder_cross,1,3,좋아한다,4,<EOS>,0.21326473355293274
27,encoder_self,0,0,The,0,The,0.3531629145145416
27,encoder_self,0,0,The,1,teacher,0.013228189200162888
27,encoder_self,0,0,The,2,likes,0.00647989334538579
27,encoder_self,0,0,The,3,robots,0.05780363082885742
27,encoder_self,0,0,The,4,<EOS>,0.5693253874778748
27,encoder_self,0,1,teacher,0,The,0.03938540071249008
27,encoder_self,0,1,teacher,1,teacher,0.29796168208122253
27,encoder_self,0,1,teacher,2,likes,0.4760313928127289
27,encoder_self,0,1,teacher,3,robots,0.03860027343034744
27,encoder_self,0,1,teacher,4,<EOS>,0.14802122116088867
27,encoder_self,0,2,likes,0,The,0.12103768438100815
27,encoder_self,0,2,likes,1,teacher,0.3890269100666046
27,encoder_self,0,2,likes,2,likes,0.1103099137544632
27,encoder_self,0,2,likes,3,robots,0.2042170912027359
27,encoder_self,0,2,likes,4,<EOS>,0.17540842294692993
27,encoder_self,0,3,robots,0,The,0.004452275112271309
27,encoder_self,0,3,robots,1,teacher,0.09116962552070618
27,encoder_self,0,3,robots,2,likes,0.6494882702827454
27,encoder_self,0,3,robots,3,robots,0.2434956133365631
27,encoder_self,0,3,robots,4,<EOS>,0.011394144967198372
27,encoder_self,0,4,<EOS>,0,The,0.14769594371318817
27,encoder_self,0,4,<EOS>,1,teacher,0.13784757256507874
27,encoder_self,0,4,<EOS>,2,likes,0.07203990966081619
27,encoder_self,0,4,<EOS>,3,robots,0.12617722153663635
27,encoder_self,0,4,<EOS>,4,<EOS>,0.5162393450737
27,encoder_self,1,0,The,0,The,0.014577651396393776
27,encoder_self,1,0,The,1,teacher,0.00013543810928240418
27,encoder_self,1,0,The,2,likes,8.394824544666335e-05
27,encoder_self,1,0,The,3,robots,0.9747598767280579
27,encoder_self,1,0,The,4,<EOS>,0.010443076491355896
27,encoder_self,1,1,teacher,0,The,0.17764204740524292
27,encoder_self,1,1,teacher,1,teacher,0.1747855693101883
27,encoder_self,1,1,teacher,2,likes,0.31346583366394043
27,encoder_self,1,1,teacher,3,robots,0.07343599945306778
27,encoder_self,1,1,teacher,4,<EOS>,0.26067063212394714
27,encoder_self,1,2,likes,0,The,0.08268524706363678
27,encoder_self,1,2,likes,1,teacher,0.28951433300971985
27,encoder_self,1,2,likes,2,likes,0.5034329891204834
27,encoder_self,1,2,likes,3,robots,0.037121545523405075
27,encoder_self,1,2,likes,4,<EOS>,0.08724593371152878
27,encoder_self,1,3,robots,0,The,0.06875301152467728
27,encoder_self,1,3,robots,1,teacher,0.28358641266822815
27,encoder_self,1,3,robots,2,likes,0.3246314823627472
27,encoder_self,1,3,robots,3,robots,0.001584716490469873
27,encoder_self,1,3,robots,4,<EOS>,0.32144439220428467
27,encoder_self,1,4,<EOS>,0,The,0.020119385793805122
27,encoder_self,1,4,<EOS>,1,teacher,0.0003939980815630406
27,encoder_self,1,4,<EOS>,2,likes,0.0004389675159472972
27,encoder_self,1,4,<EOS>,3,robots,0.9696785807609558
27,encoder_self,1,4,<EOS>,4,<EOS>,0.009369008243083954
27,decoder_masked,0,0,<SOS>,0,<SOS>,1.0
27,decoder_masked,0,0,<SOS>,1,선생님은,0.0
27,decoder_masked,0,0,<SOS>,2,로봇을,0.0
27,decoder_masked,0,0,<SOS>,3,좋아한다,0.0
27,decoder_masked,0,1,선생님은,0,<SOS>,0.8164647817611694
27,decoder_masked,0,1,선생님은,1,선생님은,0.18353526294231415
27,decoder_masked,0,1,선생님은,2,로봇을,0.0
27,decoder_masked,0,1,선생님은,3,좋아한다,0.0
27,decoder_masked,0,2,로봇을,0,<SOS>,0.21358859539031982
27,decoder_masked,0,2,로봇을,1,선생님은,0.6528953909873962
27,decoder_masked,0,2,로봇을,2,로봇을,0.13351604342460632
27,decoder_masked,0,2,로봇을,3,좋아한다,0.0
27,decoder_masked,0,3,좋아한다,0,<SOS>,0.9840795397758484
27,decoder_masked,0,3,좋아한다,1,선생님은,0.0052222441881895065
27,decoder_masked,0,3,좋아한다,2,로봇을,0.006275837309658527
27,decoder_masked,0,3,좋아한다,3,좋아한다,0.0044223833829164505
27,decoder_masked,1,0,<SOS>,0,<SOS>,1.0
27,decoder_masked,1,0,<SOS>,1,선생님은,0.0
27,decoder_masked,1,0,<SOS>,2,로봇을,0.0
27,decoder_masked,1,0,<SOS>,3,좋아한다,0.0
27,decoder_masked,1,1,선생님은,0,<SOS>,0.8946449756622314
27,decoder_masked,1,1,선생님은,1,선생님은,0.10535509139299393
27,decoder_masked,1,1,선생님은,2,로봇을,0.0
27,decoder_masked,1,1,선생님은,3,좋아한다,0.0
27,decoder_masked,1,2,로봇을,0,<SOS>,0.544787585735321
27,decoder_masked,1,2,로봇을,1,선생님은,0.3032774329185486
27,decoder_masked,1,2,로봇을,2,로봇을,0.15193496644496918
27,decoder_masked,1,2,로봇을,3,좋아한다,0.0
27,decoder_masked,1,3,좋아한다,0,<SOS>,0.6714056134223938
27,decoder_masked,1,3,좋아한다,1,선생님은,0.03975452855229378
27,decoder_masked,1,3,좋아한다,2,로봇을,0.23385880887508392
27,decoder_masked,1,3,좋아한다,3,좋아한다,0.054981060326099396
27,decoder_cross,0,0,<SOS>,0,The,0.17607493698596954
27,decoder_cross,0,0,<SOS>,1,teacher,0.0952288806438446
27,decoder_cross,0,0,<SOS>,2,likes,0.46111413836479187
27,decoder_cross,0,0,<SOS>,3,robots,0.17005077004432678
27,decoder_cross,0,0,<SOS>,4,<EOS>,0.09753122925758362
27,decoder_cross,0,1,선생님은,0,The,0.23426330089569092
27,decoder_cross,0,1,선생님은,1,teacher,0.14897780120372772
27,decoder_cross,0,1,선생님은,2,likes,0.25925692915916443
27,decoder_cross,0,1,선생님은,3,robots,0.1788247972726822
27,decoder_cross,0,1,선생님은,4,<EOS>,0.17867720127105713
27,decoder_cross,0,2,로봇을,0,The,0.1516399383544922
27,decoder_cross,0,2,로봇을,1,teacher,0.16842307150363922
27,decoder_cross,0,2,로봇을,2,likes,0.3125167191028595
27,decoder_cross,0,2,로봇을,3,robots,0.26930949091911316
27,decoder_cross,0,2,로봇을,4,<EOS>,0.09811081737279892
27,decoder_cross,0,3,좋아한다,0,The,0.1874583661556244
27,decoder_cross,0,3,좋아한다,1,teacher,0.14346544444561005
27,decoder_cross,0,3,좋아한다,2,likes,0.3277946710586548
27,decoder_cross,0,3,좋아한다,3,robots,0.2050246149301529
27,decoder_cross,0,3,좋아한다,4,<EOS>,0.1362568438053131
27,decoder_cross,1,0,<SOS>,0,The,0.17387422919273376
27,decoder_cross,1,0,<SOS>,1,teacher,0.19378136098384857
27,decoder_cross,1,0,<SOS>,2,likes,0.22228652238845825
27,decoder_cross,1,0,<SOS>,3,robots,0.22747847437858582
27,decoder_cross,1,0,<SOS>,4,<EOS>,0.18257936835289001
27,decoder_cross,1,1,선생님은,0,The,0.2095605880022049
27,decoder_cross,1,1,선생님은,1,teacher,0.22036829590797424
27,decoder_cross,1,1,선생님은,2,likes,0.1260906606912613
27,decoder_cross,1,1,선생님은,3,robots,0.2344341278076172
27,decoder_cross,1,1,선생님은,4,<EOS>,0.20954638719558716
27,decoder_cross,1,2,로봇을,0,The,0.20014414191246033
27,decoder_cross,1,2,로봇을,1,teacher,0.17906394600868225
27,decoder_cross,1,2,로봇을,2,likes,0.24898187816143036
27,decoder_cross,1,2,로봇을,3,robots,0.19206666946411133
27,decoder_cross,1,2,로봇을,4,<EOS>,0.17974334955215454
27,decoder_cross,1,3,좋아한다,0,The,0.20247261226177216
27,decoder_cross,1,3,좋아한다,1,teacher,0.2200695425271988
27,decoder_cross,1,3,좋아한다,2,likes,0.16585718095302582
27,decoder_cross,1,3,좋아한다,3,robots,0.19834518432617188
27,decoder_cross,1,3,좋아한다,4,<EOS>,0.21325555443763733
28,encoder_self,0,0,The,0,The,0.35527244210243225
28,encoder_self,0,0,The,1,teacher,0.012930266559123993
28,encoder_self,0,0,The,2,likes,0.006291960831731558
28,encoder_self,0,0,The,3,robots,0.05663203448057175
28,encoder_self,0,0,The,4,<EOS>,0.5688732862472534
28,encoder_self,0,1,teacher,0,The,0.04025837406516075
28,encoder_self,0,1,teacher,1,teacher,0.29728102684020996
28,encoder_self,0,1,teacher,2,likes,0.47313112020492554
28,encoder_self,0,1,teacher,3,robots,0.03866858780384064
28,encoder_self,0,1,teacher,4,<EOS>,0.1506609171628952
28,encoder_self,0,2,likes,0,The,0.1206892877817154
28,encoder_self,0,2,likes,1,teacher,0.389356404542923
28,encoder_self,0,2,likes,2,likes,0.11049946397542953
28,encoder_self,0,2,likes,3,robots,0.20436908304691315
28,encoder_self,0,2,likes,4,<EOS>,0.1750858575105667
28,encoder_self,0,3,robots,0,The,0.004520232789218426
28,encoder_self,0,3,robots,1,teacher,0.09140933305025101
28,encoder_self,0,3,robots,2,likes,0.6485248804092407
28,encoder_self,0,3,robots,3,robots,0.2440187931060791
28,encoder_self,0,3,robots,4,<EOS>,0.011526724323630333
28,encoder_self,0,4,<EOS>,0,The,0.14981020987033844
28,encoder_self,0,4,<EOS>,1,teacher,0.13543236255645752
28,encoder_self,0,4,<EOS>,2,likes,0.07026751339435577
28,encoder_self,0,4,<EOS>,3,robots,0.12432526051998138
28,encoder_self,0,4,<EOS>,4,<EOS>,0.5201646685600281
28,encoder_self,1,0,The,0,The,0.014718820340931416
28,encoder_self,1,0,The,1,teacher,0.00013578718062490225
28,encoder_self,1,0,The,2,likes,8.440389501629397e-05
28,encoder_self,1,0,The,3,robots,0.974560022354126
28,encoder_self,1,0,The,4,<EOS>,0.010501009412109852
28,encoder_self,1,1,teacher,0,The,0.17769351601600647
28,encoder_self,1,1,teacher,1,teacher,0.17448130249977112
28,encoder_self,1,1,teacher,2,likes,0.31376537680625916
28,encoder_self,1,1,teacher,3,robots,0.07340175658464432
28,encoder_self,1,1,teacher,4,<EOS>,0.26065802574157715
28,encoder_self,1,2,likes,0,The,0.08257535099983215
28,encoder_self,1,2,likes,1,teacher,0.2896350026130676
28,encoder_self,1,2,likes,2,likes,0.5034223198890686
28,encoder_self,1,2,likes,3,robots,0.03714793920516968
28,encoder_self,1,2,likes,4,<EOS>,0.08721941709518433
28,encoder_self,1,3,robots,0,The,0.06877491623163223
28,encoder_self,1,3,robots,1,teacher,0.28311291337013245
28,encoder_self,1,3,robots,2,likes,0.32490018010139465
28,encoder_self,1,3,robots,3,robots,0.0015858246479183435
28,encoder_self,1,3,robots,4,<EOS>,0.3216261565685272
28,encoder_self,1,4,<EOS>,0,The,0.020244309678673744
28,encoder_self,1,4,<EOS>,1,teacher,0.00039421816472895443
28,encoder_self,1,4,<EOS>,2,likes,0.0004407949454616755
28,encoder_self,1,4,<EOS>,3,robots,0.9695228934288025
28,encoder_self,1,4,<EOS>,4,<EOS>,0.009397718124091625
28,decoder_masked,0,0,<SOS>,0,<SOS>,1.0
28,decoder_masked,0,0,<SOS>,1,선생님은,0.0
28,decoder_masked,0,0,<SOS>,2,로봇을,0.0
28,decoder_masked,0,0,<SOS>,3,좋아한다,0.0
28,decoder_masked,0,1,선생님은,0,<SOS>,0.8468669056892395
28,decoder_masked,0,1,선생님은,1,선생님은,0.1531330645084381
28,decoder_masked,0,1,선생님은,2,로봇을,0.0
28,decoder_masked,0,1,선생님은,3,좋아한다,0.0
28,decoder_masked,0,2,로봇을,0,<SOS>,0.23546485602855682
28,decoder_masked,0,2,로봇을,1,선생님은,0.6412702202796936
28,decoder_masked,0,2,로봇을,2,로봇을,0.12326488643884659
28,decoder_masked,0,2,로봇을,3,좋아한다,0.0
28,decoder_masked,0,3,좋아한다,0,<SOS>,0.9862052798271179
28,decoder_masked,0,3,좋아한다,1,선생님은,0.004567587282508612
28,decoder_masked,0,3,좋아한다,2,로봇을,0.005391668062657118
28,decoder_masked,0,3,좋아한다,3,좋아한다,0.003835461102426052
28,decoder_masked,1,0,<SOS>,0,<SOS>,1.0
28,decoder_masked,1,0,<SOS>,1,선생님은,0.0
28,decoder_masked,1,0,<SOS>,2,로봇을,0.0
28,decoder_masked,1,0,<SOS>,3,좋아한다,0.0
28,decoder_masked,1,1,선생님은,0,<SOS>,0.8885250091552734
28,decoder_masked,1,1,선생님은,1,선생님은,0.11147502064704895
28,decoder_masked,1,1,선생님은,2,로봇을,0.0
28,decoder_masked,1,1,선생님은,3,좋아한다,0.0
28,decoder_masked,1,2,로봇을,0,<SOS>,0.5341657996177673
28,decoder_masked,1,2,로봇을,1,선생님은,0.3104659616947174
28,decoder_masked,1,2,로봇을,2,로봇을,0.15536819398403168
28,decoder_masked,1,2,로봇을,3,좋아한다,0.0
28,decoder_masked,1,3,좋아한다,0,<SOS>,0.6471434235572815
28,decoder_masked,1,3,좋아한다,1,선생님은,0.04303926229476929
28,decoder_masked,1,3,좋아한다,2,로봇을,0.2517756521701813
28,decoder_masked,1,3,좋아한다,3,좋아한다,0.058041658252477646
28,decoder_cross,0,0,<SOS>,0,The,0.17696723341941833
28,decoder_cross,0,0,<SOS>,1,teacher,0.09540364146232605
28,decoder_cross,0,0,<SOS>,2,likes,0.45985013246536255
28,decoder_cross,0,0,<SOS>,3,robots,0.17052850127220154
28,decoder_cross,0,0,<SOS>,4,<EOS>,0.0972505584359169
28,decoder_cross,0,1,선생님은,0,The,0.23363439738750458
28,decoder_cross,0,1,선생님은,1,teacher,0.15096336603164673
28,decoder_cross,0,1,선생님은,2,likes,0.2565207779407501
28,decoder_cross,0,1,선생님은,3,robots,0.18104751408100128
28,decoder_cross,0,1,선생님은,4,<EOS>,0.17783387005329132
28,decoder_cross,0,2,로봇을,0,The,0.1532653570175171
28,decoder_cross,0,2,로봇을,1,teacher,0.16888488829135895
28,decoder_cross,0,2,로봇을,2,likes,0.31005409359931946
28,decoder_cross,0,2,로봇을,3,robots,0.2689152657985687
28,decoder_cross,0,2,로봇을,4,<EOS>,0.09888043254613876
28,decoder_cross,0,3,좋아한다,0,The,0.18951284885406494
28,decoder_cross,0,3,좋아한다,1,teacher,0.14423342049121857
28,decoder_cross,0,3,좋아한다,2,likes,0.32388097047805786
28,decoder_cross,0,3,좋아한다,3,robots,0.20543895661830902
28,decoder_cross,0,3,좋아한다,4,<EOS>,0.1369338482618332
28,decoder_cross,1,0,<SOS>,0,The,0.17466475069522858
28,decoder_cross,1,0,<SOS>,1,teacher,0.19389532506465912
28,decoder_cross,1,0,<SOS>,2,likes,0.2201293557882309
28,decoder_cross,1,0,<SOS>,3,robots,0.22876934707164764
28,decoder_cross,1,0,<SOS>,4,<EOS>,0.18254125118255615
28,decoder_cross,1,1,선생님은,0,The,0.2101895660161972
28,decoder_cross,1,1,선생님은,1,teacher,0.21994313597679138
28,decoder_cross,1,1,선생님은,2,likes,0.12549988925457
28,decoder_cross,1,1,선생님은,3,robots,0.2356567084789276
28,decoder_cross,1,1,선생님은,4,<EOS>,0.2087107002735138
28,decoder_cross,1,2,로봇을,0,The,0.2006712257862091
28,decoder_cross,1,2,로봇을,1,teacher,0.1792793720960617
28,decoder_cross,1,2,로봇을,2,likes,0.24702604115009308
28,decoder_cross,1,2,로봇을,3,robots,0.19315700232982635
28,decoder_cross,1,2,로봇을,4,<EOS>,0.17986637353897095
28,decoder_cross,1,3,좋아한다,0,The,0.20385247468948364
28,decoder_cross,1,3,좋아한다,1,teacher,0.21996881067752838
28,decoder_cross,1,3,좋아한다,2,likes,0.16351231932640076
28,decoder_cross,1,3,좋아한다,3,robots,0.19964155554771423
28,decoder_cross,1,3,좋아한다,4,<EOS>,0.21302489936351776
29,encoder_self,0,0,The,0,The,0.35672226548194885
29,encoder_self,0,0,The,1,teacher,0.01271501462906599
29,encoder_self,0,0,The,2,likes,0.006166195962578058
29,encoder_self,0,0,The,3,robots,0.05584673210978508
29,encoder_self,0,0,The,4,<EOS>,0.5685498118400574
29,encoder_self,0,1,teacher,0,The,0.040623053908348083
29,encoder_self,0,1,teacher,1,teacher,0.2968530058860779
29,encoder_self,0,1,teacher,2,likes,0.4720494747161865
29,encoder_self,0,1,teacher,3,robots,0.03871177136898041
29,encoder_self,0,1,teacher,4,<EOS>,0.15176275372505188
29,encoder_self,0,2,likes,0,The,0.12038161605596542
29,encoder_self,0,2,likes,1,teacher,0.3896745443344116
29,encoder_self,0,2,likes,2,likes,0.1106649711728096
29,encoder_self,0,2,likes,3,robots,0.20448613166809082
29,encoder_self,0,2,likes,4,<EOS>,0.17479270696640015
29,encoder_self,0,3,robots,0,The,0.004538916051387787
29,encoder_self,0,3,robots,1,teacher,0.09143605083227158
29,encoder_self,0,3,robots,2,likes,0.648278534412384
29,encoder_self,0,3,robots,3,robots,0.2441793531179428
29,encoder_self,0,3,robots,4,<EOS>,0.011567183770239353
29,encoder_self,0,4,<EOS>,0,The,0.15102067589759827
29,encoder_self,0,4,<EOS>,1,teacher,0.1339479684829712
29,encoder_self,0,4,<EOS>,2,likes,0.06931924819946289
29,encoder_self,0,4,<EOS>,3,robots,0.12334120273590088
29,encoder_self,0,4,<EOS>,4,<EOS>,0.5223709344863892
29,encoder_self,1,0,The,0,The,0.015031721442937851
29,encoder_self,1,0,The,1,teacher,0.00013152597239241004
29,encoder_self,1,0,The,2,likes,8.156443800544366e-05
29,encoder_self,1,0,The,3,robots,0.9742223620414734
29,encoder_self,1,0,The,4,<EOS>,0.010532875545322895
29,encoder_self,1,1,teacher,0,The,0.1757700890302658
29,encoder_self,1,1,teacher,1,teacher,0.17459307610988617
29,encoder_self,1,1,teacher,2,likes,0.31684136390686035
29,encoder_self,1,1,teacher,3,robots,0.07385558634996414
29,encoder_self,1,1,teacher,4,<EOS>,0.25893986225128174
29,encoder_self,1,2,likes,0,The,0.08151288330554962
29,encoder_self,1,2,likes,1,teacher,0.2902800738811493
29,encoder_self,1,2,likes,2,likes,0.5046798586845398
29,encoder_self,1,2,likes,3,robots,0.03693001717329025
29,encoder_self,1,2,likes,4,<EOS>,0.08659713715314865
29,encoder_self,1,3,robots,0,The,0.06767182052135468
29,encoder_self,1,3,robots,1,teacher,0.28345489501953125
29,encoder_self,1,3,robots,2,likes,0.3289462924003601
29,encoder_self,1,3,robots,3,robots,0.001592633780092001
29,encoder_self,1,3,robots,4,<EOS>,0.3183344006538391
29,encoder_self,1,4,<EOS>,0,The,0.02037636563181877
29,encoder_self,1,4,<EOS>,1,teacher,0.00038563800626434386
29,encoder_self,1,4,<EOS>,2,likes,0.0004328007926233113
29,encoder_self,1,4,<EOS>,3,robots,0.9694366455078125
29,encoder_self,1,4,<EOS>,4,<EOS>,0.009368537925183773
29,decoder_masked,0,0,<SOS>,0,<SOS>,1.0
29,decoder_masked,0,0,<SOS>,1,선생님은,0.0
29,decoder_masked,0,0,<SOS>,2,로봇을,0.0
29,decoder_masked,0,0,<SOS>,3,좋아한다,0.0
29,decoder_masked,0,1,선생님은,0,<SOS>,0.847761332988739
29,decoder_masked,0,1,선생님은,1,선생님은,0.1522386223077774
29,decoder_masked,0,1,선생님은,2,로봇을,0.0
29,decoder_masked,0,1,선생님은,3,좋아한다,0.0
29,decoder_masked,0,2,로봇을,0,<SOS>,0.2385333925485611
29,decoder_masked,0,2,로봇을,1,선생님은,0.6406168341636658
29,decoder_masked,0,2,로봇을,2,로봇을,0.12084977328777313
29,decoder_masked,0,2,로봇을,3,좋아한다,0.0
29,decoder_masked,0,3,좋아한다,0,<SOS>,0.981433093547821
29,decoder_masked,0,3,좋아한다,1,선생님은,0.0059041352942585945
29,decoder_masked,0,3,좋아한다,2,로봇을,0.007304005790501833
29,decoder_masked,0,3,좋아한다,3,좋아한다,0.005358764436095953
29,decoder_masked,1,0,<SOS>,0,<SOS>,1.0
29,decoder_masked,1,0,<SOS>,1,선생님은,0.0
29,decoder_masked,1,0,<SOS>,2,로봇을,0.0
29,decoder_masked,1,0,<SOS>,3,좋아한다,0.0
29,decoder_masked,1,1,선생님은,0,<SOS>,0.893955647945404
29,decoder_masked,1,1,선생님은,1,선생님은,0.10604435205459595
29,decoder_masked,1,1,선생님은,2,로봇을,0.0
29,decoder_masked,1,1,선생님은,3,좋아한다,0.0
29,decoder_masked,1,2,로봇을,0,<SOS>,0.5344216227531433
29,decoder_masked,1,2,로봇을,1,선생님은,0.3101913034915924
29,decoder_masked,1,2,로봇을,2,로봇을,0.15538707375526428
29,decoder_masked,1,2,로봇을,3,좋아한다,0.0
29,decoder_masked,1,3,좋아한다,0,<SOS>,0.6622302532196045
29,decoder_masked,1,3,좋아한다,1,선생님은,0.04116625711321831
29,decoder_masked,1,3,좋아한다,2,로봇을,0.24183212220668793
29,decoder_masked,1,3,좋아한다,3,좋아한다,0.0547713078558445
29,decoder_cross,0,0,<SOS>,0,The,0.17522577941417694
29,decoder_cross,0,0,<SOS>,1,teacher,0.09537048637866974
29,decoder_cross,0,0,<SOS>,2,likes,0.46209537982940674
29,decoder_cross,0,0,<SOS>,3,robots,0.17150864005088806
29,decoder_cross,0,0,<SOS>,4,<EOS>,0.09579963237047195
29,decoder_cross,0,1,선생님은,0,The,0.2325049638748169
29,decoder_cross,0,1,선생님은,1,teacher,0.1511310487985611
29,decoder_cross,0,1,선생님은,2,likes,0.2582038938999176
29,decoder_cross,0,1,선생님은,3,robots,0.18229705095291138
29,decoder_cross,0,1,선생님은,4,<EOS>,0.17586302757263184
29,decoder_cross,0,2,로봇을,0,The,0.1534564346075058
29,decoder_cross,0,2,로봇을,1,teacher,0.16880694031715393
29,decoder_cross,0,2,로봇을,2,likes,0.3104037642478943
29,decoder_cross,0,2,로봇을,3,robots,0.26857778429985046
29,decoder_cross,0,2,로봇을,4,<EOS>,0.0987551361322403
29,decoder_cross,0,3,좋아한다,0,The,0.18768633902072906
29,decoder_cross,0,3,좋아한다,1,teacher,0.1446254998445511
29,decoder_cross,0,3,좋아한다,2,likes,0.3253949284553528
29,decoder_cross,0,3,좋아한다,3,robots,0.20697027444839478
29,decoder_cross,0,3,좋아한다,4,<EOS>,0.1353229433298111
29,decoder_cross,1,0,<SOS>,0,The,0.17482370138168335
29,decoder_cross,1,0,<SOS>,1,teacher,0.19368815422058105
29,decoder_cross,1,0,<SOS>,2,likes,0.22048810124397278
29,decoder_cross,1,0,<SOS>,3,robots,0.22858481109142303
29,decoder_cross,1,0,<SOS>,4,<EOS>,0.1824151873588562
29,decoder_cross,1,1,선생님은,0,The,0.21015332639217377
29,decoder_cross,1,1,선생님은,1,teacher,0.21969005465507507
29,decoder_cross,1,1,선생님은,2,likes,0.12578217685222626
29,decoder_cross,1,1,선생님은,3,robots,0.23600725829601288
29,decoder_cross,1,1,선생님은,4,<EOS>,0.20836715400218964
29,decoder_cross,1,2,로봇을,0,The,0.20064662396907806
29,decoder_cross,1,2,로봇을,1,teacher,0.17925968766212463
29,decoder_cross,1,2,로봇을,2,likes,0.24701105058193207
29,decoder_cross,1,2,로봇을,3,robots,0.1932079792022705
29,decoder_cross,1,2,로봇을,4,<EOS>,0.17987464368343353
29,decoder_cross,1,3,좋아한다,0,The,0.20394694805145264
29,decoder_cross,1,3,좋아한다,1,teacher,0.21978339552879333
29,decoder_cross,1,3,좋아한다,2,likes,0.16400885581970215
29,decoder_cross,1,3,좋아한다,3,robots,0.19930188357830048
29,decoder_cross,1,3,좋아한다,4,<EOS>,0.21295896172523499
30,encoder_self,0,0,The,0,The,0.3575266897678375
30,encoder_self,0,0,The,1,teacher,0.012638553977012634
30,encoder_self,0,0,The,2,likes,0.006161865778267384
30,encoder_self,0,0,The,3,robots,0.054966039955616
30,encoder_self,0,0,The,4,<EOS>,0.568706750869751
30,encoder_self,0,1,teacher,0,The,0.040891747921705246
30,encoder_self,0,1,teacher,1,teacher,0.2964644730091095
30,encoder_self,0,1,teacher,2,likes,0.47179365158081055
30,encoder_self,0,1,teacher,3,robots,0.03838443383574486
30,encoder_self,0,1,teacher,4,<EOS>,0.15246564149856567
30,encoder_self,0,2,likes,0,The,0.12032617628574371
30,encoder_self,0,2,likes,1,teacher,0.3898756504058838
30,encoder_self,0,2,likes,2,likes,0.11043998599052429
30,encoder_self,0,2,likes,3,robots,0.2046358585357666
30,encoder_self,0,2,likes,4,<EOS>,0.17472222447395325
30,encoder_self,0,3,robots,0,The,0.00454284530133009
30,encoder_self,0,3,robots,1,teacher,0.09133419394493103
30,encoder_self,0,3,robots,2,likes,0.6492838859558105
30,encoder_self,0,3,robots,3,robots,0.24327398836612701
30,encoder_self,0,3,robots,4,<EOS>,0.011565147899091244
30,encoder_self,0,4,<EOS>,0,The,0.1519675850868225
30,encoder_self,0,4,<EOS>,1,teacher,0.13325002789497375
30,encoder_self,0,4,<EOS>,2,likes,0.06919433921575546
30,encoder_self,0,4,<EOS>,3,robots,0.12148422747850418
30,encoder_self,0,4,<EOS>,4,<EOS>,0.5241038203239441
30,encoder_self,1,0,The,0,The,0.014753907918930054
30,encoder_self,1,0,The,1,teacher,0.0001310292718699202
30,encoder_self,1,0,The,2,likes,8.201181481126696e-05
30,encoder_self,1,0,The,3,robots,0.9746410846710205
30,encoder_self,1,0,The,4,<EOS>,0.010391962714493275
30,encoder_self,1,1,teacher,0,The,0.17672155797481537
30,encoder_self,1,1,teacher,1,teacher,0.17445825040340424
30,encoder_self,1,1,teacher,2,likes,0.3151507079601288
30,encoder_self,1,1,teacher,3,robots,0.07389117032289505
30,encoder_self,1,1,teacher,4,<EOS>,0.25977829098701477
30,encoder_self,1,2,likes,0,The,0.08227609843015671
30,encoder_self,1,2,likes,1,teacher,0.2906303107738495
30,encoder_self,1,2,likes,2,likes,0.5028504133224487
30,encoder_self,1,2,likes,3,robots,0.037141621112823486
30,encoder_self,1,2,likes,4,<EOS>,0.08710156381130219
30,encoder_self,1,3,robots,0,The,0.06754632294178009
30,encoder_self,1,3,robots,1,teacher,0.28332284092903137
30,encoder_self,1,3,robots,2,likes,0.32908013463020325
30,encoder_self,1,3,robots,3,robots,0.001572580891661346
30,encoder_self,1,3,robots,4,<EOS>,0.31847813725471497
30,encoder_self,1,4,<EOS>,0,The,0.02014990523457527
30,encoder_self,1,4,<EOS>,1,teacher,0.00038238742854446173
30,encoder_self,1,4,<EOS>,2,likes,0.0004291698569431901
30,encoder_self,1,4,<EOS>,3,robots,0.9697713851928711
30,encoder_self,1,4,<EOS>,4,<EOS>,0.009267227724194527
30,decoder_masked,0,0,<SOS>,0,<SOS>,1.0
30,decoder_masked,0,0,<SOS>,1,선생님은,0.0
30,decoder_masked,0,0,<SOS>,2,로봇을,0.0
30,decoder_masked,0,0,<SOS>,3,좋아한다,0.0
30,decoder_masked,0,1,선생님은,0,<SOS>,0.855646014213562
30,decoder_masked,0,1,선생님은,1,선생님은,0.14435401558876038
30,decoder_masked,0,1,선생님은,2,로봇을,0.0
30,decoder_masked,0,1,선생님은,3,좋아한다,0.0
30,decoder_masked,0,2,로봇을,0,<SOS>,0.24898812174797058
30,decoder_masked,0,2,로봇을,1,선생님은,0.6305583715438843
30,decoder_masked,0,2,로봇을,2,로봇을,0.12045343965291977
30,decoder_masked,0,2,로봇을,3,좋아한다,0.0
30,decoder_masked,0,3,좋아한다,0,<SOS>,0.9822302460670471
30,decoder_masked,0,3,좋아한다,1,선생님은,0.005630334839224815
30,decoder_masked,0,3,좋아한다,2,로봇을,0.007033708039671183
30,decoder_masked,0,3,좋아한다,3,좋아한다,0.005105741787701845
30,decoder_masked,1,0,<SOS>,0,<SOS>,1.0
30,decoder_masked,1,0,<SOS>,1,선생님은,0.0
30,decoder_masked,1,0,<SOS>,2,로봇을,0.0
30,decoder_masked,1,0,<SOS>,3,좋아한다,0.0
30,decoder_masked,1,1,선생님은,0,<SOS>,0.8924300074577332
30,decoder_masked,1,1,선생님은,1,선생님은,0.10757006704807281
30,decoder_masked,1,1,선생님은,2,로봇을,0.0
30,decoder_masked,1,1,선생님은,3,좋아한다,0.0
30,decoder_masked,1,2,로봇을,0,<SOS>,0.5292249917984009
30,decoder_masked,1,2,로봇을,1,선생님은,0.31392955780029297
30,decoder_masked,1,2,로봇을,2,로봇을,0.15684542059898376
30,decoder_masked,1,2,로봇을,3,좋아한다,0.0
30,decoder_masked,1,3,좋아한다,0,<SOS>,0.6616836786270142
30,decoder_masked,1,3,좋아한다,1,선생님은,0.04136179760098457
30,decoder_masked,1,3,좋아한다,2,로봇을,0.24213749170303345
30,decoder_masked,1,3,좋아한다,3,좋아한다,0.054817117750644684
30,decoder_cross,0,0,<SOS>,0,The,0.17332512140274048
30,decoder_cross,0,0,<SOS>,1,teacher,0.09506496042013168
30,decoder_cross,0,0,<SOS>,2,likes,0.4654052257537842
30,decoder_cross,0,0,<SOS>,3,robots,0.17189541459083557
30,decoder_cross,0,0,<SOS>,4,<EOS>,0.09430930763483047
30,decoder_cross,0,1,선생님은,0,The,0.23113195598125458
30,decoder_cross,0,1,선생님은,1,teacher,0.15132761001586914
30,decoder_cross,0,1,선생님은,2,likes,0.2601190209388733
30,decoder_cross,0,1,선생님은,3,robots,0.18368521332740784
30,decoder_cross,0,1,선생님은,4,<EOS>,0.17373616993427277
30,decoder_cross,0,2,로봇을,0,The,0.15232092142105103
30,decoder_cross,0,2,로봇을,1,teacher,0.16872109472751617
30,decoder_cross,0,2,로봇을,2,likes,0.31200310587882996
30,decoder_cross,0,2,로봇을,3,robots,0.26931729912757874
30,decoder_cross,0,2,로봇을,4,<EOS>,0.09763751178979874
30,decoder_cross,0,3,좋아한다,0,The,0.18670642375946045
30,decoder_cross,0,3,좋아한다,1,teacher,0.1441938877105713
30,decoder_cross,0,3,좋아한다,2,likes,0.32783040404319763
30,decoder_cross,0,3,좋아한다,3,robots,0.20759139955043793
30,decoder_cross,0,3,좋아한다,4,<EOS>,0.13367785513401031
30,decoder_cross,1,0,<SOS>,0,The,0.1750848889350891
30,decoder_cross,1,0,<SOS>,1,teacher,0.1940876692533493
30,decoder_cross,1,0,<SOS>,2,likes,0.21824093163013458
30,decoder_cross,1,0,<SOS>,3,robots,0.23011526465415955
30,decoder_cross,1,0,<SOS>,4,<EOS>,0.18247123062610626
30,decoder_cross,1,1,선생님은,0,The,0.2104674130678177
30,decoder_cross,1,1,선생님은,1,teacher,0.21974822878837585
30,decoder_cross,1,1,선생님은,2,likes,0.12387815862894058
30,decoder_cross,1,1,선생님은,3,robots,0.23788587749004364
30,decoder_cross,1,1,선생님은,4,<EOS>,0.20802021026611328
30,decoder_cross,1,2,로봇을,0,The,0.2008427232503891
30,decoder_cross,1,2,로봇을,1,teacher,0.1795777529478073
30,decoder_cross,1,2,로봇을,2,likes,0.24539396166801453
30,decoder_cross,1,2,로봇을,3,robots,0.19418920576572418
30,decoder_cross,1,2,로봇을,4,<EOS>,0.1799963265657425
30,decoder_cross,1,3,좋아한다,0,The,0.2043745219707489
30,decoder_cross,1,3,좋아한다,1,teacher,0.22010111808776855
30,decoder_cross,1,3,좋아한다,2,likes,0.16184408962726593
30,decoder_cross,1,3,좋아한다,3,robots,0.2007654309272766
30,decoder_cross,1,3,좋아한다,4,<EOS>,0.2129148542881012
31,encoder_self,0,0,The,0,The,0.358126699924469
31,encoder_self,0,0,The,1,teacher,0.012588564306497574
31,encoder_self,0,0,The,2,likes,0.006149023771286011
31,encoder_self,0,0,The,3,robots,0.05446343496441841
31,encoder_self,0,0,The,4,<EOS>,0.568672239780426
31,encoder_self,0,1,teacher,0,The,0.04133858531713486
31,encoder_self,0,1,teacher,1,teacher,0.29613643884658813
31,encoder_self,0,1,teacher,2,likes,0.4707363247871399
31,encoder_self,0,1,teacher,3,robots,0.03820793703198433
31,encoder_self,0,1,teacher,4,<EOS>,0.1535807102918625
31,encoder_self,0,2,likes,0,The,0.12071336805820465
31,encoder_self,0,2,likes,1,teacher,0.3895389437675476
31,encoder_self,0,2,likes,2,likes,0.11015187948942184
31,encoder_self,0,2,likes,3,robots,0.204513281583786
31,encoder_self,0,2,likes,4,<EOS>,0.17508254945278168
31,encoder_self,0,3,robots,0,The,0.004517458379268646
31,encoder_self,0,3,robots,1,teacher,0.09126010537147522
31,encoder_self,0,3,robots,2,likes,0.6499512791633606
31,encoder_self,0,3,robots,3,robots,0.24275048077106476
31,encoder_self,0,3,robots,4,<EOS>,0.011520654894411564
31,encoder_self,0,4,<EOS>,0,The,0.1529230922460556
31,encoder_self,0,4,<EOS>,1,teacher,0.13245275616645813
31,encoder_self,0,4,<EOS>,2,likes,0.06884515285491943
31,encoder_self,0,4,<EOS>,3,robots,0.12013843655586243
31,encoder_self,0,4,<EOS>,4,<EOS>,0.5256405472755432
31,encoder_self,1,0,The,0,The,0.015548532828688622
31,encoder_self,1,0,The,1,teacher,0.00013460649643093348
31,encoder_self,1,0,The,2,likes,8.470011380268261e-05
31,encoder_self,1,0,The,3,robots,0.9733754396438599
31,encoder_self,1,0,The,4,<EOS>,0.010856705717742443
31,encoder_self,1,1,teacher,0,The,0.17621323466300964
31,encoder_self,1,1,teacher,1,teacher,0.17461998760700226
31,encoder_self,1,1,teacher,2,likes,0.31556007266044617
31,encoder_self,1,1,teacher,3,robots,0.07449579983949661
31,encoder_self,1,1,teacher,4,<EOS>,0.2591108977794647
31,encoder_self,1,2,likes,0,The,0.08177081495523453
31,encoder_self,1,2,likes,1,teacher,0.2911657392978668
31,encoder_self,1,2,likes,2,likes,0.5027973055839539
31,encoder_self,1,2,likes,3,robots,0.037422724068164825
31,encoder_self,1,2,likes,4,<EOS>,0.08684348315000534
31,encoder_self,1,3,robots,0,The,0.06723994761705399
31,encoder_self,1,3,robots,1,teacher,0.2839089334011078
31,encoder_self,1,3,robots,2,likes,0.330127477645874
31,encoder_self,1,3,robots,3,robots,0.0015953830443322659
31,encoder_self,1,3,robots,4,<EOS>,0.3171282112598419
31,encoder_self,1,4,<EOS>,0,The,0.02074665017426014
31,encoder_self,1,4,<EOS>,1,teacher,0.00038746846257708967
31,encoder_self,1,4,<EOS>,2,likes,0.0004365416243672371
31,encoder_self,1,4,<EOS>,3,robots,0.9689484238624573
31,encoder_self,1,4,<EOS>,4,<EOS>,0.009480881504714489
31,decoder_masked,0,0,<SOS>,0,<SOS>,1.0
31,decoder_masked,0,0,<SOS>,1,선생님은,0.0
31,decoder_masked,0,0,<SOS>,2,로봇을,0.0
31,decoder_masked,0,0,<SOS>,3,좋아한다,0.0
31,decoder_masked,0,1,선생님은,0,<SOS>,0.8574357628822327
31,decoder_masked,0,1,선생님은,1,선생님은,0.14256419241428375
31,decoder_masked,0,1,선생님은,2,로봇을,0.0
31,decoder_masked,0,1,선생님은,3,좋아한다,0.0
31,decoder_masked,0,2,로봇을,0,<SOS>,0.24915771186351776
31,decoder_masked,0,2,로봇을,1,선생님은,0.6299453377723694
31,decoder_masked,0,2,로봇을,2,로봇을,0.12089693546295166
31,decoder_masked,0,2,로봇을,3,좋아한다,0.0
31,decoder_masked,0,3,좋아한다,0,<SOS>,0.9821102023124695
31,decoder_masked,0,3,좋아한다,1,선생님은,0.005663739982992411
31,decoder_masked,0,3,좋아한다,2,로봇을,0.0070843687281012535
31,decoder_masked,0,3,좋아한다,3,좋아한다,0.005141679663211107
31,decoder_masked,1,0,<SOS>,0,<SOS>,1.0
31,decoder_masked,1,0,<SOS>,1,선생님은,0.0
31,decoder_masked,1,0,<SOS>,2,로봇을,0.0
31,decoder_masked,1,0,<SOS>,3,좋아한다,0.0
31,decoder_masked,1,1,선생님은,0,<SOS>,0.8924831748008728
31,decoder_masked,1,1,선생님은,1,선생님은,0.10751689225435257
31,decoder_masked,1,1,선생님은,2,로봇을,0.0
31,decoder_masked,1,1,선생님은,3,좋아한다,0.0
31,decoder_masked,1,2,로봇을,0,<SOS>,0.5284973382949829
31,decoder_masked,1,2,로봇을,1,선생님은,0.3143998384475708
31,decoder_masked,1,2,로봇을,2,로봇을,0.15710285305976868
31,decoder_masked,1,2,로봇을,3,좋아한다,0.0
31,decoder_masked,1,3,좋아한다,0,<SOS>,0.6614402532577515
31,decoder_masked,1,3,좋아한다,1,선생님은,0.04127080366015434
31,decoder_masked,1,3,좋아한다,2,로봇을,0.24252301454544067
31,decoder_masked,1,3,좋아한다,3,좋아한다,0.054766036570072174
31,decoder_cross,0,0,<SOS>,0,The,0.17171616852283478
31,decoder_cross,0,0,<SOS>,1,teacher,0.09469117969274521
31,decoder_cross,0,0,<SOS>,2,likes,0.46853333711624146
31,decoder_cross,0,0,<SOS>,3,robots,0.17197471857070923
31,decoder_cross,0,0,<SOS>,4,<EOS>,0.09308450669050217
31,decoder_cross,0,1,선생님은,0,The,0.23005114495754242
31,decoder_cross,0,1,선생님은,1,teacher,0.15097184479236603
31,decoder_cross,0,1,선생님은,2,likes,0.26263564825057983
31,decoder_cross,0,1,선생님은,3,robots,0.18434925377368927
31,decoder_cross,0,1,선생님은,4,<EOS>,0.17199210822582245
31,decoder_cross,0,2,로봇을,0,The,0.1520572304725647
31,decoder_cross,0,2,로봇을,1,teacher,0.16831344366073608
31,decoder_cross,0,2,로봇을,2,likes,0.3136453330516815
31,decoder_cross,0,2,로봇을,3,robots,0.26882466673851013
31,decoder_cross,0,2,로봇을,4,<EOS>,0.09715937823057175
31,decoder_cross,0,3,좋아한다,0,The,0.18528443574905396
31,decoder_cross,0,3,좋아한다,1,teacher,0.1439952701330185
31,decoder_cross,0,3,좋아한다,2,likes,0.33017152547836304
31,decoder_cross,0,3,좋아한다,3,robots,0.20815908908843994
31,decoder_cross,0,3,좋아한다,4,<EOS>,0.132389634847641
31,decoder_cross,1,0,<SOS>,0,The,0.17494158446788788
31,decoder_cross,1,0,<SOS>,1,teacher,0.1937931627035141
31,decoder_cross,1,0,<SOS>,2,likes,0.21934793889522552
31,decoder_cross,1,0,<SOS>,3,robots,0.22962532937526703
31,decoder_cross,1,0,<SOS>,4,<EOS>,0.18229199945926666
31,decoder_cross,1,1,선생님은,0,The,0.21024717390537262
31,decoder_cross,1,1,선생님은,1,teacher,0.2197076827287674
31,decoder_cross,1,1,선생님은,2,likes,0.12416575849056244
31,decoder_cross,1,1,선생님은,3,robots,0.23799921572208405
31,decoder_cross,1,1,선생님은,4,<EOS>,0.2078801989555359
31,decoder_cross,1,2,로봇을,0,The,0.2005922794342041
31,decoder_cross,1,2,로봇을,1,teacher,0.17938891053199768
31,decoder_cross,1,2,로봇을,2,likes,0.24618655443191528
31,decoder_cross,1,2,로봇을,3,robots,0.1939394176006317
31,decoder_cross,1,2,로봇을,4,<EOS>,0.17989292740821838
31,decoder_cross,1,3,좋아한다,0,The,0.20414888858795166
31,decoder_cross,1,3,좋아한다,1,teacher,0.21987517178058624
31,decoder_cross,1,3,좋아한다,2,likes,0.1629355549812317
31,decoder_cross,1,3,좋아한다,3,robots,0.20023231208324432
31,decoder_cross,1,3,좋아한다,4,<EOS>,0.2128080278635025
32,encoder_self,0,0,The,0,The,0.36539652943611145
32,encoder_self,0,0,The,1,teacher,0.011661521159112453
32,encoder_self,0,0,The,2,likes,0.005383969750255346
32,encoder_self,0,0,The,3,robots,0.05114246904850006
32,encoder_self,0,0,The,4,<EOS>,0.5664154887199402
32,encoder_self,0,1,teacher,0,The,0.04421783238649368
32,encoder_self,0,1,teacher,1,teacher,0.2974339425563812
32,encoder_self,0,1,teacher,2,likes,0.4576849043369293
32,encoder_self,0,1,teacher,3,robots,0.038501568138599396
32,encoder_self,0,1,teacher,4,<EOS>,0.16216181218624115
32,encoder_self,0,2,likes,0,The,0.11891160160303116
32,encoder_self,0,2,likes,1,teacher,0.3916592299938202
32,encoder_self,0,2,likes,2,likes,0.11191484332084656
32,encoder_self,0,2,likes,3,robots,0.2038777470588684
32,encoder_self,0,2,likes,4,<EOS>,0.17363661527633667
32,encoder_self,0,3,robots,0,The,0.00465594744309783
32,encoder_self,0,3,robots,1,teacher,0.09185915440320969
32,encoder_self,0,3,robots,2,likes,0.6461228132247925
32,encoder_self,0,3,robots,3,robots,0.24556782841682434
32,encoder_self,0,3,robots,4,<EOS>,0.011794311925768852
32,encoder_self,0,4,<EOS>,0,The,0.16002364456653595
32,encoder_self,0,4,<EOS>,1,teacher,0.12550272047519684
32,encoder_self,0,4,<EOS>,2,likes,0.061685554683208466
32,encoder_self,0,4,<EOS>,3,robots,0.11527688056230545
32,encoder_self,0,4,<EOS>,4,<EOS>,0.5375112295150757
32,encoder_self,1,0,The,0,The,0.01608564332127571
32,encoder_self,1,0,The,1,teacher,0.0001353338302578777
32,encoder_self,1,0,The,2,likes,8.679257734911516e-05
32,encoder_self,1,0,The,3,robots,0.9726707339286804
32,encoder_self,1,0,The,4,<EOS>,0.011021523736417294
32,encoder_self,1,1,teacher,0,The,0.17627590894699097
32,encoder_self,1,1,teacher,1,teacher,0.17436279356479645
32,encoder_self,1,1,teacher,2,likes,0.3160971701145172
32,encoder_self,1,1,teacher,3,robots,0.0745258703827858
32,encoder_self,1,1,teacher,4,<EOS>,0.25873827934265137
32,encoder_self,1,2,likes,0,The,0.08144973963499069
32,encoder_self,1,2,likes,1,teacher,0.29215845465660095
32,encoder_self,1,2,likes,2,likes,0.5019053220748901
32,encoder_self,1,2,likes,3,robots,0.037555962800979614
32,encoder_self,1,2,likes,4,<EOS>,0.08693049848079681
32,encoder_self,1,3,robots,0,The,0.0672377347946167
32,encoder_self,1,3,robots,1,teacher,0.2840059995651245
32,encoder_self,1,3,robots,2,likes,0.33050477504730225
32,encoder_self,1,3,robots,3,robots,0.0015992509433999658
32,encoder_self,1,3,robots,4,<EOS>,0.31665220856666565
32,encoder_self,1,4,<EOS>,0,The,0.021249644458293915
32,encoder_self,1,4,<EOS>,1,teacher,0.00038949635927565396
32,encoder_self,1,4,<EOS>,2,likes,0.0004451559507288039
32,encoder_self,1,4,<EOS>,3,robots,0.9683139324188232
32,encoder_self,1,4,<EOS>,4,<EOS>,0.009601766243577003
32,decoder_masked,0,0,<SOS>,0,<SOS>,1.0
32,decoder_masked,0,0,<SOS>,1,선생님은,0.0
32,decoder_masked,0,0,<SOS>,2,로봇을,0.0
32,decoder_masked,0,0,<SOS>,3,좋아한다,0.0
32,decoder_masked,0,1,선생님은,0,<SOS>,0.8575283288955688
32,decoder_masked,0,1,선생님은,1,선생님은,0.14247165620326996
32,decoder_masked,0,1,선생님은,2,로봇을,0.0
32,decoder_masked,0,1,선생님은,3,좋아한다,0.0
32,decoder_masked,0,2,로봇을,0,<SOS>,0.2492809295654297
32,decoder_masked,0,2,로봇을,1,선생님은,0.6298673748970032
32,decoder_masked,0,2,로봇을,2,로봇을,0.12085171788930893
32,decoder_masked,0,2,로봇을,3,좋아한다,0.0
32,decoder_masked,0,3,좋아한다,0,<SOS>,0.9818586111068726
32,decoder_masked,0,3,좋아한다,1,선생님은,0.0057225278578698635
32,decoder_masked,0,3,좋아한다,2,로봇을,0.007187364157289267
32,decoder_masked,0,3,좋아한다,3,좋아한다,0.005231544375419617
32,decoder_masked,1,0,<SOS>,0,<SOS>,1.0
32,decoder_masked,1,0,<SOS>,1,선생님은,0.0
32,decoder_masked,1,0,<SOS>,2,로봇을,0.0
32,decoder_masked,1,0,<SOS>,3,좋아한다,0.0
32,decoder_masked,1,1,선생님은,0,<SOS>,0.8921115398406982
32,decoder_masked,1,1,선생님은,1,선생님은,0.10788843035697937
32,decoder_masked,1,1,선생님은,2,로봇을,0.0
32,decoder_masked,1,1,선생님은,3,좋아한다,0.0
32,decoder_masked,1,2,로봇을,0,<SOS>,0.5276532173156738
32,decoder_masked,1,2,로봇을,1,선생님은,0.31497734785079956
32,decoder_masked,1,2,로봇을,2,로봇을,0.15736940503120422
32,decoder_masked,1,2,로봇을,3,좋아한다,0.0
32,decoder_masked,1,3,좋아한다,0,<SOS>,0.6608044505119324
32,decoder_masked,1,3,좋아한다,1,선생님은,0.04132826253771782
32,decoder_masked,1,3,좋아한다,2,로봇을,0.24293619394302368
32,decoder_masked,1,3,좋아한다,3,좋아한다,0.05493110790848732
32,decoder_cross,0,0,<SOS>,0,The,0.17460010945796967
32,decoder_cross,0,0,<SOS>,1,teacher,0.09385974705219269
32,decoder_cross,0,0,<SOS>,2,likes,0.46742790937423706
32,decoder_cross,0,0,<SOS>,3,robots,0.16995728015899658
32,decoder_cross,0,0,<SOS>,4,<EOS>,0.09415493160486221
32,decoder_cross,0,1,선생님은,0,The,0.23441219329833984
32,decoder_cross,0,1,선생님은,1,teacher,0.14913004636764526
32,decoder_cross,0,1,선생님은,2,likes,0.2607988119125366
32,decoder_cross,0,1,선생님은,3,robots,0.18102166056632996
32,decoder_cross,0,1,선생님은,4,<EOS>,0.17463728785514832
32,decoder_cross,0,2,로봇을,0,The,0.15438492596149445
32,decoder_cross,0,2,로봇을,1,teacher,0.16747088730335236
32,decoder_cross,0,2,로봇을,2,likes,0.3133971393108368
32,decoder_cross,0,2,로봇을,3,robots,0.2668507397174835
32,decoder_cross,0,2,로봇을,4,<EOS>,0.0978962779045105
32,decoder_cross,0,3,좋아한다,0,The,0.18741297721862793
32,decoder_cross,0,3,좋아한다,1,teacher,0.14286261796951294
32,decoder_cross,0,3,좋아한다,2,likes,0.33009156584739685
32,decoder_cross,0,3,좋아한다,3,robots,0.20611588656902313
32,decoder_cross,0,3,좋아한다,4,<EOS>,0.13351692259311676
32,decoder_cross,1,0,<SOS>,0,The,0.17511729896068573
32,decoder_cross,1,0,<SOS>,1,teacher,0.19334140419960022
32,decoder_cross,1,0,<SOS>,2,likes,0.2201177477836609
32,decoder_cross,1,0,<SOS>,3,robots,0.22935225069522858
32,decoder_cross,1,0,<SOS>,4,<EOS>,0.18207131326198578
32,decoder_cross,1,1,선생님은,0,The,0.21059012413024902
32,decoder_cross,1,1,선생님은,1,teacher,0.21930983662605286
32,decoder_cross,1,1,선생님은,2,likes,0.12400050461292267
32,decoder_cross,1,1,선생님은,3,robots,0.23835282027721405
32,decoder_cross,1,1,선생님은,4,<EOS>,0.20774677395820618
32,decoder_cross,1,2,로봇을,0,The,0.20068056881427765
32,decoder_cross,1,2,로봇을,1,teacher,0.17920544743537903
32,decoder_cross,1,2,로봇을,2,likes,0.24611270427703857
32,decoder_cross,1,2,로봇을,3,robots,0.19399237632751465
32,decoder_cross,1,2,로봇을,4,<EOS>,0.18000897765159607
32,decoder_cross,1,3,좋아한다,0,The,0.2042270004749298
32,decoder_cross,1,3,좋아한다,1,teacher,0.21949176490306854
32,decoder_cross,1,3,좋아한다,2,likes,0.16378597915172577
32,decoder_cross,1,3,좋아한다,3,robots,0.19981235265731812
32,decoder_cross,1,3,좋아한다,4,<EOS>,0.21268290281295776
33,encoder_self,0,0,The,0,The,0.364154189825058
33,encoder_self,0,0,The,1,teacher,0.011639979667961597
33,encoder_self,0,0,The,2,likes,0.005318261217325926
33,encoder_self,0,0,The,3,robots,0.05077608302235603
33,encoder_self,0,0,The,4,<EOS>,0.5681114792823792
33,encoder_self,0,1,teacher,0,The,0.04468407481908798
33,encoder_self,0,1,teacher,1,teacher,0.29746684432029724
33,encoder_self,0,1,teacher,2,likes,0.45592382550239563
33,encoder_self,0,1,teacher,3,robots,0.03824404999613762
33,encoder_self,0,1,teacher,4,<EOS>,0.16368122398853302
33,encoder_self,0,2,likes,0,The,0.12003766745328903
33,encoder_self,0,2,likes,1,teacher,0.39081674814224243
33,encoder_self,0,2,likes,2,likes,0.11138518154621124
33,encoder_self,0,2,likes,3,robots,0.2029396891593933
33,encoder_self,0,2,likes,4,<EOS>,0.1748206615447998
33,encoder_self,0,3,robots,0,The,0.004615790210664272
33,encoder_self,0,3,robots,1,teacher,0.09189511090517044
33,encoder_self,0,3,robots,2,likes,0.6470492482185364
33,encoder_self,0,3,robots,3,robots,0.24470707774162292
33,encoder_self,0,3,robots,4,<EOS>,0.011732771061360836
33,encoder_self,0,4,<EOS>,0,The,0.16024675965309143
33,encoder_self,0,4,<EOS>,1,teacher,0.12501230835914612
33,encoder_self,0,4,<EOS>,2,likes,0.060944490134716034
33,encoder_self,0,4,<EOS>,3,robots,0.11392302811145782
33,encoder_self,0,4,<EOS>,4,<EOS>,0.5398734211921692
33,encoder_self,1,0,The,0,The,0.015784243121743202
33,encoder_self,1,0,The,1,teacher,0.00013676345406565815
33,encoder_self,1,0,The,2,likes,8.61748048919253e-05
33,encoder_self,1,0,The,3,robots,0.973045289516449
33,encoder_self,1,0,The,4,<EOS>,0.010947511531412601
33,encoder_self,1,1,teacher,0,The,0.176417738199234
33,encoder_self,1,1,teacher,1,teacher,0.17418812215328217
33,encoder_self,1,1,teacher,2,likes,0.31628772616386414
33,encoder_self,1,1,teacher,3,robots,0.07431700825691223
33,encoder_self,1,1,teacher,4,<EOS>,0.2587893605232239
33,encoder_self,1,2,likes,0,The,0.08188861608505249
33,encoder_self,1,2,likes,1,teacher,0.29115843772888184
33,encoder_self,1,2,likes,2,likes,0.5022382736206055
33,encoder_self,1,2,likes,3,robots,0.03763255476951599
33,encoder_self,1,2,likes,4,<EOS>,0.08708200603723526
33,encoder_self,1,3,robots,0,The,0.06739029288291931
33,encoder_self,1,3,robots,1,teacher,0.2829042077064514
33,encoder_self,1,3,robots,2,likes,0.3312198519706726
33,encoder_self,1,3,robots,3,robots,0.0015961325261741877
33,encoder_self,1,3,robots,4,<EOS>,0.31688952445983887
33,encoder_self,1,4,<EOS>,0,The,0.020993750542402267
33,encoder_self,1,4,<EOS>,1,teacher,0.00039241727790795267
33,encoder_self,1,4,<EOS>,2,likes,0.0004428842512425035
33,encoder_self,1,4,<EOS>,3,robots,0.9686124324798584
33,encoder_self,1,4,<EOS>,4,<EOS>,0.009558571502566338
33,decoder_masked,0,0,<SOS>,0,<SOS>,1.0
33,decoder_masked,0,0,<SOS>,1,선생님은,0.0
33,decoder_masked,0,0,<SOS>,2,로봇을,0.0
33,decoder_masked,0,0,<SOS>,3,좋아한다,0.0
33,decoder_masked,0,1,선생님은,0,<SOS>,0.8597597479820251
33,decoder_masked,0,1,선생님은,1,선생님은,0.14024022221565247
33,decoder_masked,0,1,선생님은,2,로봇을,0.0
33,decoder_masked,0,1,선생님은,3,좋아한다,0.0
33,decoder_masked,0,2,로봇을,0,<SOS>,0.29679757356643677
33,decoder_masked,0,2,로봇을,1,선생님은,0.5890110731124878
33,decoder_masked,0,2,로봇을,2,로봇을,0.11419130861759186
33,decoder_masked,0,2,로봇을,3,좋아한다,0.0
33,decoder_masked,0,3,좋아한다,0,<SOS>,0.9841427206993103
33,decoder_masked,0,3,좋아한다,1,선생님은,0.004923743661493063
33,decoder_masked,0,3,좋아한다,2,로봇을,0.006405187305063009
33,decoder_masked,0,3,좋아한다,3,좋아한다,0.004528420511633158
33,decoder_masked,1,0,<SOS>,0,<SOS>,1.0
33,decoder_masked,1,0,<SOS>,1,선생님은,0.0
33,decoder_masked,1,0,<SOS>,2,로봇을,0.0
33,decoder_masked,1,0,<SOS>,3,좋아한다,0.0
33,decoder_masked,1,1,선생님은,0,<SOS>,0.8884376883506775
33,decoder_masked,1,1,선생님은,1,선생님은,0.11156229674816132
33,decoder_masked,1,1,선생님은,2,로봇을,0.0
33,decoder_masked,1,1,선생님은,3,좋아한다,0.0
33,decoder_masked,1,2,로봇을,0,<SOS>,0.5456615090370178
33,decoder_masked,1,2,로봇을,1,선생님은,0.3031925857067108
33,decoder_masked,1,2,로봇을,2,로봇을,0.15114592015743256
33,decoder_masked,1,2,로봇을,3,좋아한다,0.0
33,decoder_masked,1,3,좋아한다,0,<SOS>,0.6273044347763062
33,decoder_masked,1,3,좋아한다,1,선생님은,0.04473750293254852
33,decoder_masked,1,3,좋아한다,2,로봇을,0.268789142370224
33,decoder_masked,1,3,좋아한다,3,좋아한다,0.05916889011859894
33,decoder_cross,0,0,<SOS>,0,The,0.17515778541564941
33,decoder_cross,0,0,<SOS>,1,teacher,0.09405062347650528
33,decoder_cross,0,0,<SOS>,2,likes,0.46623197197914124
33,decoder_cross,0,0,<SOS>,3,robots,0.17034202814102173
33,decoder_cross,0,0,<SOS>,4,<EOS>,0.09421760588884354
33,decoder_cross,0,1,선생님은,0,The,0.23403297364711761
33,decoder_cross,0,1,선생님은,1,teacher,0.1478625237941742
33,decoder_cross,0,1,선생님은,2,likes,0.264523983001709
33,decoder_cross,0,1,선생님은,3,robots,0.18164858222007751
33,decoder_cross,0,1,선생님은,4,<EOS>,0.1719319075345993
33,decoder_cross,0,2,로봇을,0,The,0.15259188413619995
33,decoder_cross,0,2,로봇을,1,teacher,0.16637612879276276
33,decoder_cross,0,2,로봇을,2,likes,0.3169328272342682
33,decoder_cross,0,2,로봇을,3,robots,0.2680070400238037
33,decoder_cross,0,2,로봇을,4,<EOS>,0.09609205275774002
33,decoder_cross,0,3,좋아한다,0,The,0.18974316120147705
33,decoder_cross,0,3,좋아한다,1,teacher,0.14105844497680664
33,decoder_cross,0,3,좋아한다,2,likes,0.33143576979637146
33,decoder_cross,0,3,좋아한다,3,robots,0.20453934371471405
33,decoder_cross,0,3,좋아한다,4,<EOS>,0.13322333991527557
33,decoder_cross,1,0,<SOS>,0,The,0.17522478103637695
33,decoder_cross,1,0,<SOS>,1,teacher,0.19368469715118408
33,decoder_cross,1,0,<SOS>,2,likes,0.21853314340114594
33,decoder_cross,1,0,<SOS>,3,robots,0.23050197958946228
33,decoder_cross,1,0,<SOS>,4,<EOS>,0.18205539882183075
33,decoder_cross,1,1,선생님은,0,The,0.2101125866174698
33,decoder_cross,1,1,선생님은,1,teacher,0.2191602736711502
33,decoder_cross,1,1,선생님은,2,likes,0.12377716600894928
33,decoder_cross,1,1,선생님은,3,robots,0.23989073932170868
33,decoder_cross,1,1,선생님은,4,<EOS>,0.20705918967723846
33,decoder_cross,1,2,로봇을,0,The,0.19939956068992615
33,decoder_cross,1,2,로봇을,1,teacher,0.17960476875305176
33,decoder_cross,1,2,로봇을,2,likes,0.2460278868675232
33,decoder_cross,1,2,로봇을,3,robots,0.19533775746822357
33,decoder_cross,1,2,로봇을,4,<EOS>,0.17963004112243652
33,decoder_cross,1,3,좋아한다,0,The,0.20399433374404907
33,decoder_cross,1,3,좋아한다,1,teacher,0.21923217177391052
33,decoder_cross,1,3,좋아한다,2,likes,0.16309869289398193
33,decoder_cross,1,3,좋아한다,3,robots,0.2018883228302002
33,decoder_cross,1,3,좋아한다,4,<EOS>,0.2117864489555359
34,encoder_self,0,0,The,0,The,0.35850974917411804
34,encoder_self,0,0,The,1,teacher,0.012155761942267418
34,encoder_self,0,0,The,2,likes,0.005606459453701973
34,encoder_self,0,0,The,3,robots,0.052768077701330185
34,encoder_self,0,0,The,4,<EOS>,0.5709599852561951
34,encoder_self,0,1,teacher,0,The,0.04428275674581528
34,encoder_self,0,1,teacher,1,teacher,0.29771706461906433
34,encoder_self,0,1,teacher,2,likes,0.45666205883026123
34,encoder_self,0,1,teacher,3,robots,0.03818511962890625
34,encoder_self,0,1,teacher,4,<EOS>,0.16315299272537231
34,encoder_self,0,2,likes,0,The,0.12121690809726715
34,encoder_self,0,2,likes,1,teacher,0.38972002267837524
34,encoder_self,0,2,likes,2,likes,0.11056800186634064
34,encoder_self,0,2,likes,3,robots,0.20232506096363068
34,encoder_self,0,2,likes,4,<EOS>,0.17617008090019226
34,encoder_self,0,3,robots,0,The,0.004555399529635906
34,encoder_self,0,3,robots,1,teacher,0.09179332107305527
34,encoder_self,0,3,robots,2,likes,0.6475899815559387
34,encoder_self,0,3,robots,3,robots,0.24443784356117249
34,encoder_self,0,3,robots,4,<EOS>,0.011623416095972061
34,encoder_self,0,4,<EOS>,0,The,0.15712685883045197
34,encoder_self,0,4,<EOS>,1,teacher,0.12740348279476166
34,encoder_self,0,4,<EOS>,2,likes,0.06244035065174103
34,encoder_self,0,4,<EOS>,3,robots,0.11564818024635315
34,encoder_self,0,4,<EOS>,4,<EOS>,0.537381112575531
34,encoder_self,1,0,The,0,The,0.015537256374955177
34,encoder_self,1,0,The,1,teacher,0.00013619317905977368
34,encoder_self,1,0,The,2,likes,8.421121310675517e-05
34,encoder_self,1,0,The,3,robots,0.9734123945236206
34,encoder_self,1,0,The,4,<EOS>,0.010829967446625233
34,encoder_self,1,1,teacher,0,The,0.17635342478752136
34,encoder_self,1,1,teacher,1,teacher,0.17417506873607635
34,encoder_self,1,1,teacher,2,likes,0.31649887561798096
34,encoder_self,1,1,teacher,3,robots,0.07423070073127747
34,encoder_self,1,1,teacher,4,<EOS>,0.2587420344352722
34,encoder_self,1,2,likes,0,The,0.08202852308750153
34,encoder_self,1,2,likes,1,teacher,0.290314257144928
34,encoder_self,1,2,likes,2,likes,0.5029701590538025
34,encoder_self,1,2,likes,3,robots,0.03759390115737915
34,encoder_self,1,2,likes,4,<EOS>,0.08709314465522766
34,encoder_self,1,3,robots,0,The,0.06737486273050308
34,encoder_self,1,3,robots,1,teacher,0.28263768553733826
34,encoder_self,1,3,robots,2,likes,0.33166950941085815
34,encoder_self,1,3,robots,3,robots,0.001593209570273757
34,encoder_self,1,3,robots,4,<EOS>,0.3167247176170349
34,encoder_self,1,4,<EOS>,0,The,0.020787186920642853
34,encoder_self,1,4,<EOS>,1,teacher,0.0003917088615708053
34,encoder_self,1,4,<EOS>,2,likes,0.00043669933802448213
34,encoder_self,1,4,<EOS>,3,robots,0.96888667345047
34,encoder_self,1,4,<EOS>,4,<EOS>,0.009497688151896
34,decoder_masked,0,0,<SOS>,0,<SOS>,1.0
34,decoder_masked,0,0,<SOS>,1,선생님은,0.0
34,decoder_masked,0,0,<SOS>,2,로봇을,0.0
34,decoder_masked,0,0,<SOS>,3,좋아한다,0.0
34,decoder_masked,0,1,선생님은,0,<SOS>,0.8572758436203003
34,decoder_masked,0,1,선생님은,1,선생님은,0.1427241563796997
34,decoder_masked,0,1,선생님은,2,로봇을,0.0
34,decoder_masked,0,1,선생님은,3,좋아한다,0.0
34,decoder_masked,0,2,로봇을,0,<SOS>,0.296351820230484
34,decoder_masked,0,2,로봇을,1,선생님은,0.5894902944564819
34,decoder_masked,0,2,로봇을,2,로봇을,0.11415784060955048
34,decoder_masked,0,2,로봇을,3,좋아한다,0.0
34,decoder_masked,0,3,좋아한다,0,<SOS>,0.9828664660453796
34,decoder_masked,0,3,좋아한다,1,선생님은,0.005319609772413969
34,decoder_masked,0,3,좋아한다,2,로봇을,0.006855178624391556
34,decoder_masked,0,3,좋아한다,3,좋아한다,0.004958684090524912
34,decoder_masked,1,0,<SOS>,0,<SOS>,1.0
34,decoder_masked,1,0,<SOS>,1,선생님은,0.0
34,decoder_masked,1,0,<SOS>,2,로봇을,0.0
34,decoder_masked,1,0,<SOS>,3,좋아한다,0.0
34,decoder_masked,1,1,선생님은,0,<SOS>,0.8821664452552795
34,decoder_masked,1,1,선생님은,1,선생님은,0.11783353239297867
34,decoder_masked,1,1,선생님은,2,로봇을,0.0
34,decoder_masked,1,1,선생님은,3,좋아한다,0.0
34,decoder_masked,1,2,로봇을,0,<SOS>,0.5522949695587158
34,decoder_masked,1,2,로봇을,1,선생님은,0.2979726791381836
34,decoder_masked,1,2,로봇을,2,로봇을,0.1497323215007782
34,decoder_masked,1,2,로봇을,3,좋아한다,0.0
34,decoder_masked,1,3,좋아한다,0,<SOS>,0.5939396023750305
34,decoder_masked,1,3,좋아한다,1,선생님은,0.05011768266558647
34,decoder_masked,1,3,좋아한다,2,로봇을,0.28905025124549866
34,decoder_masked,1,3,좋아한다,3,좋아한다,0.06689243763685226
34,decoder_cross,0,0,<SOS>,0,The,0.1765812784433365
34,decoder_cross,0,0,<SOS>,1,teacher,0.09405981749296188
34,decoder_cross,0,0,<SOS>,2,likes,0.4645709991455078
34,decoder_cross,0,0,<SOS>,3,robots,0.17048704624176025
34,decoder_cross,0,0,<SOS>,4,<EOS>,0.09430091083049774
34,decoder_cross,0,1,선생님은,0,The,0.23601257801055908
34,decoder_cross,0,1,선생님은,1,teacher,0.14874468743801117
34,decoder_cross,0,1,선생님은,2,likes,0.26058828830718994
34,decoder_cross,0,1,선생님은,3,robots,0.18187840282917023
34,decoder_cross,0,1,선생님은,4,<EOS>,0.17277604341506958
34,decoder_cross,0,2,로봇을,0,The,0.15382321178913116
34,decoder_cross,0,2,로봇을,1,teacher,0.166817769408226
34,decoder_cross,0,2,로봇을,2,likes,0.3146974444389343
34,decoder_cross,0,2,로봇을,3,robots,0.26774418354034424
34,decoder_cross,0,2,로봇을,4,<EOS>,0.09691734611988068
34,decoder_cross,0,3,좋아한다,0,The,0.19440299272537231
34,decoder_cross,0,3,좋아한다,1,teacher,0.14134886860847473
34,decoder_cross,0,3,좋아한다,2,likes,0.3253559470176697
34,decoder_cross,0,3,좋아한다,3,robots,0.20336410403251648
34,decoder_cross,0,3,좋아한다,4,<EOS>,0.13552813231945038
34,decoder_cross,1,0,<SOS>,0,The,0.17603841423988342
34,decoder_cross,1,0,<SOS>,1,teacher,0.19417476654052734
34,decoder_cross,1,0,<SOS>,2,likes,0.21516160666942596
34,decoder_cross,1,0,<SOS>,3,robots,0.23239576816558838
34,decoder_cross,1,0,<SOS>,4,<EOS>,0.18222935497760773
34,decoder_cross,1,1,선생님은,0,The,0.2112833559513092
34,decoder_cross,1,1,선생님은,1,teacher,0.21875232458114624
34,decoder_cross,1,1,선생님은,2,likes,0.1221936047077179
34,decoder_cross,1,1,선생님은,3,robots,0.24090951681137085
34,decoder_cross,1,1,선생님은,4,<EOS>,0.20686113834381104
34,decoder_cross,1,2,로봇을,0,The,0.2000022828578949
34,decoder_cross,1,2,로봇을,1,teacher,0.18008017539978027
34,decoder_cross,1,2,로봇을,2,likes,0.24369274079799652
34,decoder_cross,1,2,로봇을,3,robots,0.1963960975408554
34,decoder_cross,1,2,로봇을,4,<EOS>,0.1798287183046341
34,decoder_cross,1,3,좋아한다,0,The,0.20557865500450134
34,decoder_cross,1,3,좋아한다,1,teacher,0.21916145086288452
34,decoder_cross,1,3,좋아한다,2,likes,0.15964609384536743
34,decoder_cross,1,3,좋아한다,3,robots,0.20396248996257782
34,decoder_cross,1,3,좋아한다,4,<EOS>,0.21165132522583008
35,encoder_self,0,0,The,0,The,0.35580509901046753
35,encoder_self,0,0,The,1,teacher,0.012316957116127014
35,encoder_self,0,0,The,2,likes,0.005650604609400034
35,encoder_self,0,0,The,3,robots,0.05334789678454399
35,encoder_self,0,0,The,4,<EOS>,0.572879433631897
35,encoder_self,0,1,teacher,0,The,0.044604700058698654
35,encoder_self,0,1,teacher,1,teacher,0.2977951467037201
35,encoder_self,0,1,teacher,2,likes,0.4550863802433014
35,encoder_self,0,1,teacher,3,robots,0.03820902481675148
35,encoder_self,0,1,teacher,4,<EOS>,0.16430477797985077
35,encoder_self,0,2,likes,0,The,0.12221398204565048
35,encoder_self,0,2,likes,1,teacher,0.38878294825553894
35,encoder_self,0,2,likes,2,likes,0.10987764596939087
35,encoder_self,0,2,likes,3,robots,0.2019631564617157
35,encoder_self,0,2,likes,4,<EOS>,0.17716224491596222
35,encoder_self,0,3,robots,0,The,0.00451689213514328
35,encoder_self,0,3,robots,1,teacher,0.09178536385297775
35,encoder_self,0,3,robots,2,likes,0.6479266881942749
35,encoder_self,0,3,robots,3,robots,0.24420613050460815
35,encoder_self,0,3,robots,4,<EOS>,0.01156490296125412
35,encoder_self,0,4,<EOS>,0,The,0.1562674641609192
35,encoder_self,0,4,<EOS>,1,teacher,0.1277826726436615
35,encoder_self,0,4,<EOS>,2,likes,0.0623130239546299
35,encoder_self,0,4,<EOS>,3,robots,0.1158711314201355
35,encoder_self,0,4,<EOS>,4,<EOS>,0.5377656817436218
35,encoder_self,1,0,The,0,The,0.015375533141195774
35,encoder_self,1,0,The,1,teacher,0.00013437245797831565
35,encoder_self,1,0,The,2,likes,8.148842607624829e-05
35,encoder_self,1,0,The,3,robots,0.973721981048584
35,encoder_self,1,0,The,4,<EOS>,0.010686545632779598
35,encoder_self,1,1,teacher,0,The,0.17631615698337555
35,encoder_self,1,1,teacher,1,teacher,0.17409618198871613
35,encoder_self,1,1,teacher,2,likes,0.31684231758117676
35,encoder_self,1,1,teacher,3,robots,0.07417839765548706
35,encoder_self,1,1,teacher,4,<EOS>,0.2585669457912445
35,encoder_self,1,2,likes,0,The,0.08182992786169052
35,encoder_self,1,2,likes,1,teacher,0.289577454328537
35,encoder_self,1,2,likes,2,likes,0.504223108291626
35,encoder_self,1,2,likes,3,robots,0.03742656111717224
35,encoder_self,1,2,likes,4,<EOS>,0.0869428887963295
35,encoder_self,1,3,robots,0,The,0.06730467826128006
35,encoder_self,1,3,robots,1,teacher,0.2823321521282196
35,encoder_self,1,3,robots,2,likes,0.3324679434299469
35,encoder_self,1,3,robots,3,robots,0.001590815605595708
35,encoder_self,1,3,robots,4,<EOS>,0.3163045048713684
35,encoder_self,1,4,<EOS>,0,The,0.02065645158290863
35,encoder_self,1,4,<EOS>,1,teacher,0.0003883558383677155
35,encoder_self,1,4,<EOS>,2,likes,0.0004274149250704795
35,encoder_self,1,4,<EOS>,3,robots,0.9691112041473389
35,encoder_self,1,4,<EOS>,4,<EOS>,0.009416666813194752
35,decoder_masked,0,0,<SOS>,0,<SOS>,1.0
35,decoder_masked,0,0,<SOS>,1,선생님은,0.0
35,decoder_masked,0,0,<SOS>,2,로봇을,0.0
35,decoder_masked,0,0,<SOS>,3,좋아한다,0.0
35,decoder_masked,0,1,선생님은,0,<SOS>,0.8533177375793457
35,decoder_masked,0,1,선생님은,1,선생님은,0.14668235182762146
35,decoder_masked,0,1,선생님은,2,로봇을,0.0
35,decoder_masked,0,1,선생님은,3,좋아한다,0.0
35,decoder_masked,0,2,로봇을,0,<SOS>,0.2952705919742584
35,decoder_masked,0,2,로봇을,1,선생님은,0.5915801525115967
35,decoder_masked,0,2,로봇을,2,로봇을,0.11314922571182251
35,decoder_masked,0,2,로봇을,3,좋아한다,0.0
35,decoder_masked,0,3,좋아한다,0,<SOS>,0.9803733825683594
35,decoder_masked,0,3,좋아한다,1,선생님은,0.006164046935737133
35,decoder_masked,0,3,좋아한다,2,로봇을,0.007781513966619968
35,decoder_masked,0,3,좋아한다,3,좋아한다,0.005681017879396677
35,decoder_masked,1,0,<SOS>,0,<SOS>,1.0
35,decoder_masked,1,0,<SOS>,1,선생님은,0.0
35,decoder_masked,1,0,<SOS>,2,로봇을,0.0
35,decoder_masked,1,0,<SOS>,3,좋아한다,0.0
35,decoder_masked,1,1,선생님은,0,<SOS>,0.8761469721794128
35,decoder_masked,1,1,선생님은,1,선생님은,0.12385305017232895
35,decoder_masked,1,1,선생님은,2,로봇을,0.0
35,decoder_masked,1,1,선생님은,3,좋아한다,0.0
35,decoder_masked,1,2,로봇을,0,<SOS>,0.5635286569595337
35,decoder_masked,1,2,로봇을,1,선생님은,0.2893238961696625
35,decoder_masked,1,2,로봇을,2,로봇을,0.14714747667312622
35,decoder_masked,1,2,로봇을,3,좋아한다,0.0
35,decoder_masked,1,3,좋아한다,0,<SOS>,0.5636008977890015
35,decoder_masked,1,3,좋아한다,1,선생님은,0.0552288219332695
35,decoder_masked,1,3,좋아한다,2,로봇을,0.3056335151195526
35,decoder_masked,1,3,좋아한다,3,좋아한다,0.07553680986166
35,decoder_cross,0,0,<SOS>,0,The,0.17735297977924347
35,decoder_cross,0,0,<SOS>,1,teacher,0.09418053179979324
35,decoder_cross,0,0,<SOS>,2,likes,0.4631625711917877
35,decoder_cross,0,0,<SOS>,3,robots,0.17110033333301544
35,decoder_cross,0,0,<SOS>,4,<EOS>,0.09420362859964371
35,decoder_cross,0,1,선생님은,0,The,0.2369004487991333
35,decoder_cross,0,1,선생님은,1,teacher,0.149996817111969
35,decoder_cross,0,1,선생님은,2,likes,0.257159024477005
35,decoder_cross,0,1,선생님은,3,robots,0.18275444209575653
35,decoder_cross,0,1,선생님은,4,<EOS>,0.17318932712078094
35,decoder_cross,0,2,로봇을,0,The,0.15430335700511932
35,decoder_cross,0,2,로봇을,1,teacher,0.1672396957874298
35,decoder_cross,0,2,로봇을,2,likes,0.31304463744163513
35,decoder_cross,0,2,로봇을,3,robots,0.26811808347702026
35,decoder_cross,0,2,로봇을,4,<EOS>,0.09729425609111786
35,decoder_cross,0,3,좋아한다,0,The,0.19798801839351654
35,decoder_cross,0,3,좋아한다,1,teacher,0.14200915396213531
35,decoder_cross,0,3,좋아한다,2,likes,0.3196786344051361
35,decoder_cross,0,3,좋아한다,3,robots,0.20289987325668335
35,decoder_cross,0,3,좋아한다,4,<EOS>,0.13742424547672272
35,decoder_cross,1,0,<SOS>,0,The,0.1770070493221283
35,decoder_cross,1,0,<SOS>,1,teacher,0.19469571113586426
35,decoder_cross,1,0,<SOS>,2,likes,0.2117086499929428
35,decoder_cross,1,0,<SOS>,3,robots,0.23405994474887848
35,decoder_cross,1,0,<SOS>,4,<EOS>,0.18252868950366974
35,decoder_cross,1,1,선생님은,0,The,0.2127404361963272
35,decoder_cross,1,1,선생님은,1,teacher,0.21835677325725555
35,decoder_cross,1,1,선생님은,2,likes,0.12054059654474258
35,decoder_cross,1,1,선생님은,3,robots,0.24134117364883423
35,decoder_cross,1,1,선생님은,4,<EOS>,0.20702096819877625
35,decoder_cross,1,2,로봇을,0,The,0.20068474113941193
35,decoder_cross,1,2,로봇을,1,teacher,0.18065135180950165
35,decoder_cross,1,2,로봇을,2,likes,0.24118086695671082
35,decoder_cross,1,2,로봇을,3,robots,0.19725535809993744
35,decoder_cross,1,2,로봇을,4,<EOS>,0.1802276372909546
35,decoder_cross,1,3,좋아한다,0,The,0.20747074484825134
35,decoder_cross,1,3,좋아한다,1,teacher,0.2190162092447281
35,decoder_cross,1,3,좋아한다,2,likes,0.15617984533309937
35,decoder_cross,1,3,좋아한다,3,robots,0.205566868185997
35,decoder_cross,1,3,좋아한다,4,<EOS>,0.2117663472890854
36,encoder_self,0,0,The,0,The,0.34440264105796814
36,encoder_self,0,0,The,1,teacher,0.013224505819380283
36,encoder_self,0,0,The,2,likes,0.006131802685558796
36,encoder_self,0,0,The,3,robots,0.0567595511674881
36,encoder_self,0,0,The,4,<EOS>,0.5794815421104431
36,encoder_self,0,1,teacher,0,The,0.04419836774468422
36,encoder_self,0,1,teacher,1,teacher,0.30341771245002747
36,encoder_self,0,1,teacher,2,likes,0.44693610072135925
36,encoder_self,0,1,teacher,3,robots,0.03878097981214523
36,encoder_self,0,1,teacher,4,<EOS>,0.16666686534881592
36,encoder_self,0,2,likes,0,The,0.12230242788791656
36,encoder_self,0,2,likes,1,teacher,0.38954588770866394
36,encoder_self,0,2,likes,2,likes,0.10867077857255936
36,encoder_self,0,2,likes,3,robots,0.20151206851005554
36,encoder_self,0,2,likes,4,<EOS>,0.1779688596725464
36,encoder_self,0,3,robots,0,The,0.004465190693736076
36,encoder_self,0,3,robots,1,teacher,0.09133116900920868
36,encoder_self,0,3,robots,2,likes,0.6492993235588074
36,encoder_self,0,3,robots,3,robots,0.24344660341739655
36,encoder_self,0,3,robots,4,<EOS>,0.011457671411335468
36,encoder_self,0,4,<EOS>,0,The,0.14992111921310425
36,encoder_self,0,4,<EOS>,1,teacher,0.13190080225467682
36,encoder_self,0,4,<EOS>,2,likes,0.06346374750137329
36,encoder_self,0,4,<EOS>,3,robots,0.11881484091281891
36,encoder_self,0,4,<EOS>,4,<EOS>,0.5358994603157043
36,encoder_self,1,0,The,0,The,0.015846485272049904
36,encoder_self,1,0,The,1,teacher,0.00013227513409219682
36,encoder_self,1,0,The,2,likes,7.567079592263326e-05
36,encoder_self,1,0,The,3,robots,0.973086416721344
36,encoder_self,1,0,The,4,<EOS>,0.010859238915145397
36,encoder_self,1,1,teacher,0,The,0.17677731812000275
36,encoder_self,1,1,teacher,1,teacher,0.1738656908273697
36,encoder_self,1,1,teacher,2,likes,0.3160717189311981
36,encoder_self,1,1,teacher,3,robots,0.07444518059492111
36,encoder_self,1,1,teacher,4,<EOS>,0.25884008407592773
36,encoder_self,1,2,likes,0,The,0.08006889373064041
36,encoder_self,1,2,likes,1,teacher,0.28749746084213257
36,encoder_self,1,2,likes,2,likes,0.5098657011985779
36,encoder_self,1,2,likes,3,robots,0.03696556016802788
36,encoder_self,1,2,likes,4,<EOS>,0.08560238033533096
36,encoder_self,1,3,robots,0,The,0.06756211817264557
36,encoder_self,1,3,robots,1,teacher,0.282246857881546
36,encoder_self,1,3,robots,2,likes,0.3317617177963257
36,encoder_self,1,3,robots,3,robots,0.0015958844451233745
36,encoder_self,1,3,robots,4,<EOS>,0.3168334662914276
36,encoder_self,1,4,<EOS>,0,The,0.0210551880300045
36,encoder_self,1,4,<EOS>,1,teacher,0.00038398519973270595
36,encoder_self,1,4,<EOS>,2,likes,0.00040716666262596846
36,encoder_self,1,4,<EOS>,3,robots,0.9686453342437744
36,encoder_self,1,4,<EOS>,4,<EOS>,0.009508371353149414
36,decoder_masked,0,0,<SOS>,0,<SOS>,1.0
36,decoder_masked,0,0,<SOS>,1,선생님은,0.0
36,decoder_masked,0,0,<SOS>,2,로봇을,0.0
36,decoder_masked,0,0,<SOS>,3,좋아한다,0.0
36,decoder_masked,0,1,선생님은,0,<SOS>,0.8427340984344482
36,decoder_masked,0,1,선생님은,1,선생님은,0.15726593136787415
36,decoder_masked,0,1,선생님은,2,로봇을,0.0
36,decoder_masked,0,1,선생님은,3,좋아한다,0.0
36,decoder_masked,0,2,로봇을,0,<SOS>,0.29717257618904114
36,decoder_masked,0,2,로봇을,1,선생님은,0.5897330045700073
36,decoder_masked,0,2,로봇을,2,로봇을,0.11309439688920975
36,decoder_masked,0,2,로봇을,3,좋아한다,0.0
36,decoder_masked,0,3,좋아한다,0,<SOS>,0.9802963733673096
36,decoder_masked,0,3,좋아한다,1,선생님은,0.006162572186440229
36,decoder_masked,0,3,좋아한다,2,로봇을,0.007818984799087048
36,decoder_masked,0,3,좋아한다,3,좋아한다,0.005722071044147015
36,decoder_masked,1,0,<SOS>,0,<SOS>,1.0
36,decoder_masked,1,0,<SOS>,1,선생님은,0.0
36,decoder_masked,1,0,<SOS>,2,로봇을,0.0
36,decoder_masked,1,0,<SOS>,3,좋아한다,0.0
36,decoder_masked,1,1,선생님은,0,<SOS>,0.8705040812492371
36,decoder_masked,1,1,선생님은,1,선생님은,0.12949596345424652
36,decoder_masked,1,1,선생님은,2,로봇을,0.0
36,decoder_masked,1,1,선생님은,3,좋아한다,0.0
36,decoder_masked,1,2,로봇을,0,<SOS>,0.5673273205757141
36,decoder_masked,1,2,로봇을,1,선생님은,0.2864260971546173
36,decoder_masked,1,2,로봇을,2,로봇을,0.14624664187431335
36,decoder_masked,1,2,로봇을,3,좋아한다,0.0
36,decoder_masked,1,3,좋아한다,0,<SOS>,0.5312529802322388
36,decoder_masked,1,3,좋아한다,1,선생님은,0.06096126139163971
36,decoder_masked,1,3,좋아한다,2,로봇을,0.32474982738494873
36,decoder_masked,1,3,좋아한다,3,좋아한다,0.08303600549697876
36,decoder_cross,0,0,<SOS>,0,The,0.18040086328983307
36,decoder_cross,0,0,<SOS>,1,teacher,0.09608405083417892
36,decoder_cross,0,0,<SOS>,2,likes,0.45387908816337585
36,decoder_cross,0,0,<SOS>,3,robots,0.17337463796138763
36,decoder_cross,0,0,<SOS>,4,<EOS>,0.09626132994890213
36,decoder_cross,0,1,선생님은,0,The,0.23868443071842194
36,decoder_cross,0,1,선생님은,1,teacher,0.15209975838661194
36,decoder_cross,0,1,선생님은,2,likes,0.25052377581596375
36,decoder_cross,0,1,선생님은,3,robots,0.1834871768951416
36,decoder_cross,0,1,선생님은,4,<EOS>,0.17520487308502197
36,decoder_cross,0,2,로봇을,0,The,0.15603011846542358
36,decoder_cross,0,2,로봇을,1,teacher,0.16877272725105286
36,decoder_cross,0,2,로봇을,2,likes,0.3069782853126526
36,decoder_cross,0,2,로봇을,3,robots,0.26921799778938293
36,decoder_cross,0,2,로봇을,4,<EOS>,0.09900088608264923
36,decoder_cross,0,3,좋아한다,0,The,0.20183557271957397
36,decoder_cross,0,3,좋아한다,1,teacher,0.14358238875865936
36,decoder_cross,0,3,좋아한다,2,likes,0.31129729747772217
36,decoder_cross,0,3,좋아한다,3,robots,0.20324937999248505
36,decoder_cross,0,3,좋아한다,4,<EOS>,0.14003530144691467
36,decoder_cross,1,0,<SOS>,0,The,0.1779220849275589
36,decoder_cross,1,0,<SOS>,1,teacher,0.19493398070335388
36,decoder_cross,1,0,<SOS>,2,likes,0.20867745578289032
36,decoder_cross,1,0,<SOS>,3,robots,0.2356792539358139
36,decoder_cross,1,0,<SOS>,4,<EOS>,0.182787224650383
36,decoder_cross,1,1,선생님은,0,The,0.21387475728988647
36,decoder_cross,1,1,선생님은,1,teacher,0.21772639453411102
36,decoder_cross,1,1,선생님은,2,likes,0.11927413195371628
36,decoder_cross,1,1,선생님은,3,robots,0.24229103326797485
36,decoder_cross,1,1,선생님은,4,<EOS>,0.206833615899086
36,decoder_cross,1,2,로봇을,0,The,0.20113062858581543
36,decoder_cross,1,2,로봇을,1,teacher,0.18088622391223907
36,decoder_cross,1,2,로봇을,2,likes,0.23946239054203033
36,decoder_cross,1,2,로봇을,3,robots,0.19827555119991302
36,decoder_cross,1,2,로봇을,4,<EOS>,0.18024516105651855
36,decoder_cross,1,3,좋아한다,0,The,0.20889291167259216
36,decoder_cross,1,3,좋아한다,1,teacher,0.2188154011964798
36,decoder_cross,1,3,좋아한다,2,likes,0.15320490300655365
36,decoder_cross,1,3,좋아한다,3,robots,0.2075398713350296
36,decoder_cross,1,3,좋아한다,4,<EOS>,0.2115468978881836
37,encoder_self,0,0,The,0,The,0.34109655022621155
37,encoder_self,0,0,The,1,teacher,0.013246215879917145
37,encoder_self,0,0,The,2,likes,0.006014708895236254
37,encoder_self,0,0,The,3,robots,0.056935422122478485
37,encoder_self,0,0,The,4,<EOS>,0.5827071070671082
37,encoder_self,0,1,teacher,0,The,0.04570196196436882
37,encoder_self,0,1,teacher,1,teacher,0.3074292242527008
37,encoder_self,0,1,teacher,2,likes,0.43508338928222656
37,encoder_self,0,1,teacher,3,robots,0.03930545598268509
37,encoder_self,0,1,teacher,4,<EOS>,0.17247992753982544
37,encoder_self,0,2,likes,0,The,0.12275823205709457
37,encoder_self,0,2,likes,1,teacher,0.3902477025985718
37,encoder_self,0,2,likes,2,likes,0.10694452375173569
37,encoder_self,0,2,likes,3,robots,0.2013193517923355
37,encoder_self,0,2,likes,4,<EOS>,0.17873017489910126
37,encoder_self,0,3,robots,0,The,0.004439246375113726
37,encoder_self,0,3,robots,1,teacher,0.09089063107967377
37,encoder_self,0,3,robots,2,likes,0.6504685878753662
37,encoder_self,0,3,robots,3,robots,0.24278949201107025
37,encoder_self,0,3,robots,4,<EOS>,0.01141208317130804
37,encoder_self,0,4,<EOS>,0,The,0.14968754351139069
37,encoder_self,0,4,<EOS>,1,teacher,0.13108989596366882
37,encoder_self,0,4,<EOS>,2,likes,0.06118905171751976
37,encoder_self,0,4,<EOS>,3,robots,0.11822033673524857
37,encoder_self,0,4,<EOS>,4,<EOS>,0.5398131012916565
37,encoder_self,1,0,The,0,The,0.01647402159869671
37,encoder_self,1,0,The,1,teacher,0.00012834894005209208
37,encoder_self,1,0,The,2,likes,6.982863851590082e-05
37,encoder_self,1,0,The,3,robots,0.9723600149154663
37,encoder_self,1,0,The,4,<EOS>,0.010967855341732502
37,encoder_self,1,1,teacher,0,The,0.17688794434070587
37,encoder_self,1,1,teacher,1,teacher,0.1736559420824051
37,encoder_self,1,1,teacher,2,likes,0.31606119871139526
37,encoder_self,1,1,teacher,3,robots,0.07477904111146927
37,encoder_self,1,1,teacher,4,<EOS>,0.2586159408092499
37,encoder_self,1,2,likes,0,The,0.0777973160147667
37,encoder_self,1,2,likes,1,teacher,0.2858728766441345
37,encoder_self,1,2,likes,2,likes,0.5159325003623962
37,encoder_self,1,2,likes,3,robots,0.03630616515874863
37,encoder_self,1,2,likes,4,<EOS>,0.0840911716222763
37,encoder_self,1,3,robots,0,The,0.067737877368927
37,encoder_self,1,3,robots,1,teacher,0.28212106227874756
37,encoder_self,1,3,robots,2,likes,0.33141466975212097
37,encoder_self,1,3,robots,3,robots,0.001605653204023838
37,encoder_self,1,3,robots,4,<EOS>,0.3171207010746002
37,encoder_self,1,4,<EOS>,0,The,0.021534956991672516
37,encoder_self,1,4,<EOS>,1,teacher,0.00037529540713876486
37,encoder_self,1,4,<EOS>,2,likes,0.0003856434777844697
37,encoder_self,1,4,<EOS>,3,robots,0.9681692719459534
37,encoder_self,1,4,<EOS>,4,<EOS>,0.00953471940010786
37,decoder_masked,0,0,<SOS>,0,<SOS>,1.0
37,decoder_masked,0,0,<SOS>,1,선생님은,0.0
37,decoder_masked,0,0,<SOS>,2,로봇을,0.0
37,decoder_masked,0,0,<SOS>,3,좋아한다,0.0
37,decoder_masked,0,1,선생님은,0,<SOS>,0.8163979649543762
37,decoder_masked,0,1,선생님은,1,선생님은,0.18360202014446259
37,decoder_masked,0,1,선생님은,2,로봇을,0.0
37,decoder_masked,0,1,선생님은,3,좋아한다,0.0
37,decoder_masked,0,2,로봇을,0,<SOS>,0.30070626735687256
37,decoder_masked,0,2,로봇을,1,선생님은,0.5862051248550415
37,decoder_masked,0,2,로봇을,2,로봇을,0.11308856308460236
37,decoder_masked,0,2,로봇을,3,좋아한다,0.0
37,decoder_masked,0,3,좋아한다,0,<SOS>,0.9792442917823792
37,decoder_masked,0,3,좋아한다,1,선생님은,0.006573215592652559
37,decoder_masked,0,3,좋아한다,2,로봇을,0.008106846362352371
37,decoder_masked,0,3,좋아한다,3,좋아한다,0.0060755531303584576
37,decoder_masked,1,0,<SOS>,0,<SOS>,1.0
37,decoder_masked,1,0,<SOS>,1,선생님은,0.0
37,decoder_masked,1,0,<SOS>,2,로봇을,0.0
37,decoder_masked,1,0,<SOS>,3,좋아한다,0.0
37,decoder_masked,1,1,선생님은,0,<SOS>,0.866949737071991
37,decoder_masked,1,1,선생님은,1,선생님은,0.13305026292800903
37,decoder_masked,1,1,선생님은,2,로봇을,0.0
37,decoder_masked,1,1,선생님은,3,좋아한다,0.0
37,decoder_masked,1,2,로봇을,0,<SOS>,0.5793336629867554
37,decoder_masked,1,2,로봇을,1,선생님은,0.2777835428714752
37,decoder_masked,1,2,로봇을,2,로봇을,0.14288273453712463
37,decoder_masked,1,2,로봇을,3,좋아한다,0.0
37,decoder_masked,1,3,좋아한다,0,<SOS>,0.508757472038269
37,decoder_masked,1,3,좋아한다,1,선생님은,0.06491775810718536
37,decoder_masked,1,3,좋아한다,2,로봇을,0.33705267310142517
37,decoder_masked,1,3,좋아한다,3,좋아한다,0.08927206695079803
37,decoder_cross,0,0,<SOS>,0,The,0.18251410126686096
37,decoder_cross,0,0,<SOS>,1,teacher,0.0978662520647049
37,decoder_cross,0,0,<SOS>,2,likes,0.44559094309806824
37,decoder_cross,0,0,<SOS>,3,robots,0.17600053548812866
37,decoder_cross,0,0,<SOS>,4,<EOS>,0.09802813082933426
37,decoder_cross,0,1,선생님은,0,The,0.2395789623260498
37,decoder_cross,0,1,선생님은,1,teacher,0.15371371805667877
37,decoder_cross,0,1,선생님은,2,likes,0.24580073356628418
37,decoder_cross,0,1,선생님은,3,robots,0.18424424529075623
37,decoder_cross,0,1,선생님은,4,<EOS>,0.17666231095790863
37,decoder_cross,0,2,로봇을,0,The,0.156215101480484
37,decoder_cross,0,2,로봇을,1,teacher,0.16996343433856964
37,decoder_cross,0,2,로봇을,2,likes,0.30268344283103943
37,decoder_cross,0,2,로봇을,3,robots,0.271535724401474
37,decoder_cross,0,2,로봇을,4,<EOS>,0.09960222989320755
37,decoder_cross,0,3,좋아한다,0,The,0.20429161190986633
37,decoder_cross,0,3,좋아한다,1,teacher,0.1449871063232422
37,decoder_cross,0,3,좋아한다,2,likes,0.3047230541706085
37,decoder_cross,0,3,좋아한다,3,robots,0.2040969729423523
37,decoder_cross,0,3,좋아한다,4,<EOS>,0.14190128445625305
37,decoder_cross,1,0,<SOS>,0,The,0.17891089618206024
37,decoder_cross,1,0,<SOS>,1,teacher,0.19517695903778076
37,decoder_cross,1,0,<SOS>,2,likes,0.2059239149093628
37,decoder_cross,1,0,<SOS>,3,robots,0.23679359257221222
37,decoder_cross,1,0,<SOS>,4,<EOS>,0.18319468200206757
37,decoder_cross,1,1,선생님은,0,The,0.21522259712219238
37,decoder_cross,1,1,선생님은,1,teacher,0.2172444760799408
37,decoder_cross,1,1,선생님은,2,likes,0.11811807006597519
37,decoder_cross,1,1,선생님은,3,robots,0.242267444729805
37,decoder_cross,1,1,선생님은,4,<EOS>,0.20714744925498962
37,decoder_cross,1,2,로봇을,0,The,0.20139886438846588
37,decoder_cross,1,2,로봇을,1,teacher,0.1811962127685547
37,decoder_cross,1,2,로봇을,2,likes,0.2380446344614029
37,decoder_cross,1,2,로봇을,3,robots,0.19888509809970856
37,decoder_cross,1,2,로봇을,4,<EOS>,0.1804751753807068
37,decoder_cross,1,3,좋아한다,0,The,0.21034114062786102
37,decoder_cross,1,3,좋아한다,1,teacher,0.2186020314693451
37,decoder_cross,1,3,좋아한다,2,likes,0.15070678293704987
37,decoder_cross,1,3,좋아한다,3,robots,0.20876677334308624
37,decoder_cross,1,3,좋아한다,4,<EOS>,0.21158327162265778
38,encoder_self,0,0,The,0,The,0.3274499475955963
38,encoder_self,0,0,The,1,teacher,0.014408139511942863
38,encoder_self,0,0,The,2,likes,0.006753880064934492
38,encoder_self,0,0,The,3,robots,0.061711061745882034
38,encoder_self,0,0,The,4,<EOS>,0.5896769165992737
38,encoder_self,0,1,teacher,0,The,0.044626347720623016
38,encoder_self,0,1,teacher,1,teacher,0.3079620599746704
38,encoder_self,0,1,teacher,2,likes,0.4371126890182495
38,encoder_self,0,1,teacher,3,robots,0.03927989676594734
38,encoder_self,0,1,teacher,4,<EOS>,0.17101897299289703
38,encoder_self,0,2,likes,0,The,0.12465620785951614
38,encoder_self,0,2,likes,1,teacher,0.3889347314834595
38,encoder_self,0,2,likes,2,likes,0.10571521520614624
38,encoder_self,0,2,likes,3,robots,0.20061777532100677
38,encoder_self,0,2,likes,4,<EOS>,0.18007610738277435
38,encoder_self,0,3,robots,0,The,0.004297181963920593
38,encoder_self,0,3,robots,1,teacher,0.09025141596794128
38,encoder_self,0,3,robots,2,likes,0.6529365181922913
38,encoder_self,0,3,robots,3,robots,0.24133622646331787
38,encoder_self,0,3,robots,4,<EOS>,0.011178573593497276
38,encoder_self,0,4,<EOS>,0,The,0.14272058010101318
38,encoder_self,0,4,<EOS>,1,teacher,0.13577964901924133
38,encoder_self,0,4,<EOS>,2,likes,0.06470131874084473
38,encoder_self,0,4,<EOS>,3,robots,0.12207861244678497
38,encoder_self,0,4,<EOS>,4,<EOS>,0.5347198247909546
38,encoder_self,1,0,The,0,The,0.01675519160926342
38,encoder_self,1,0,The,1,teacher,0.0001255909155588597
38,encoder_self,1,0,The,2,likes,6.768153252778575e-05
38,encoder_self,1,0,The,3,robots,0.9720290899276733
38,encoder_self,1,0,The,4,<EOS>,0.011022486723959446
38,encoder_self,1,1,teacher,0,The,0.17859989404678345
38,encoder_self,1,1,teacher,1,teacher,0.173105388879776
38,encoder_self,1,1,teacher,2,likes,0.3130570948123932
38,encoder_self,1,1,teacher,3,robots,0.07555442303419113
38,encoder_self,1,1,teacher,4,<EOS>,0.25968319177627563
38,encoder_self,1,2,likes,0,The,0.07706347107887268
38,encoder_self,1,2,likes,1,teacher,0.28592413663864136
38,encoder_self,1,2,likes,2,likes,0.5173554420471191
38,encoder_self,1,2,likes,3,robots,0.03609973564743996
38,encoder_self,1,2,likes,4,<EOS>,0.0835571438074112
38,encoder_self,1,3,robots,0,The,0.06814264506101608
38,encoder_self,1,3,robots,1,teacher,0.2820620834827423
38,encoder_self,1,3,robots,2,likes,0.3301357924938202
38,encoder_self,1,3,robots,3,robots,0.0016121371882036328
38,encoder_self,1,3,robots,4,<EOS>,0.3180472254753113
38,encoder_self,1,4,<EOS>,0,The,0.021771766245365143
38,encoder_self,1,4,<EOS>,1,teacher,0.0003681850212160498
38,encoder_self,1,4,<EOS>,2,likes,0.0003752598131541163
38,encoder_self,1,4,<EOS>,3,robots,0.9679416418075562
38,encoder_self,1,4,<EOS>,4,<EOS>,0.0095431013032794
38,decoder_masked,0,0,<SOS>,0,<SOS>,1.0
38,decoder_masked,0,0,<SOS>,1,선생님은,0.0
38,decoder_masked,0,0,<SOS>,2,로봇을,0.0
38,decoder_masked,0,0,<SOS>,3,좋아한다,0.0
38,decoder_masked,0,1,선생님은,0,<SOS>,0.8008464574813843
38,decoder_masked,0,1,선생님은,1,선생님은,0.19915352761745453
38,decoder_masked,0,1,선생님은,2,로봇을,0.0
38,decoder_masked,0,1,선생님은,3,좋아한다,0.0
38,decoder_masked,0,2,로봇을,0,<SOS>,0.29970583319664
38,decoder_masked,0,2,로봇을,1,선생님은,0.5870140194892883
38,decoder_masked,0,2,로봇을,2,로봇을,0.11328012496232986
38,decoder_masked,0,2,로봇을,3,좋아한다,0.0
38,decoder_masked,0,3,좋아한다,0,<SOS>,0.9780489802360535
38,decoder_masked,0,3,좋아한다,1,선생님은,0.007009218912571669
38,decoder_masked,0,3,좋아한다,2,로봇을,0.008479675278067589
38,decoder_masked,0,3,좋아한다,3,좋아한다,0.006462123245000839
38,decoder_masked,1,0,<SOS>,0,<SOS>,1.0
38,decoder_masked,1,0,<SOS>,1,선생님은,0.0
38,decoder_masked,1,0,<SOS>,2,로봇을,0.0
38,decoder_masked,1,0,<SOS>,3,좋아한다,0.0
38,decoder_masked,1,1,선생님은,0,<SOS>,0.8702124953269958
38,decoder_masked,1,1,선생님은,1,선생님은,0.12978750467300415
38,decoder_masked,1,1,선생님은,2,로봇을,0.0
38,decoder_masked,1,1,선생님은,3,좋아한다,0.0
38,decoder_masked,1,2,로봇을,0,<SOS>,0.5713298916816711
38,decoder_masked,1,2,로봇을,1,선생님은,0.2845773994922638
38,decoder_masked,1,2,로봇을,2,로봇을,0.14409275352954865
38,decoder_masked,1,2,로봇을,3,좋아한다,0.0
38,decoder_masked,1,3,좋아한다,0,<SOS>,0.5165462493896484
38,decoder_masked,1,3,좋아한다,1,선생님은,0.06272090971469879
38,decoder_masked,1,3,좋아한다,2,로봇을,0.33380478620529175
38,decoder_masked,1,3,좋아한다,3,좋아한다,0.08692805469036102
38,decoder_cross,0,0,<SOS>,0,The,0.1834793984889984
38,decoder_cross,0,0,<SOS>,1,teacher,0.0982569232583046
38,decoder_cross,0,0,<SOS>,2,likes,0.44351667165756226
38,decoder_cross,0,0,<SOS>,3,robots,0.17611892521381378
38,decoder_cross,0,0,<SOS>,4,<EOS>,0.09862801432609558
38,decoder_cross,0,1,선생님은,0,The,0.24093133211135864
38,decoder_cross,0,1,선생님은,1,teacher,0.15337418019771576
38,decoder_cross,0,1,선생님은,2,likes,0.24487915635108948
38,decoder_cross,0,1,선생님은,3,robots,0.18346241116523743
38,decoder_cross,0,1,선생님은,4,<EOS>,0.1773528754711151
38,decoder_cross,0,2,로봇을,0,The,0.15740662813186646
38,decoder_cross,0,2,로봇을,1,teacher,0.17012907564640045
38,decoder_cross,0,2,로봇을,2,likes,0.3009045720100403
38,decoder_cross,0,2,로봇을,3,robots,0.27099472284317017
38,decoder_cross,0,2,로봇을,4,<EOS>,0.10056501626968384
38,decoder_cross,0,3,좋아한다,0,The,0.20517536997795105
38,decoder_cross,0,3,좋아한다,1,teacher,0.14507895708084106
38,decoder_cross,0,3,좋아한다,2,likes,0.3034272789955139
38,decoder_cross,0,3,좋아한다,3,robots,0.20384837687015533
38,decoder_cross,0,3,좋아한다,4,<EOS>,0.14247001707553864
38,decoder_cross,1,0,<SOS>,0,The,0.17925719916820526
38,decoder_cross,1,0,<SOS>,1,teacher,0.19495616853237152
38,decoder_cross,1,0,<SOS>,2,likes,0.20547546446323395
38,decoder_cross,1,0,<SOS>,3,robots,0.23709945380687714
38,decoder_cross,1,0,<SOS>,4,<EOS>,0.18321165442466736
38,decoder_cross,1,1,선생님은,0,The,0.215864896774292
38,decoder_cross,1,1,선생님은,1,teacher,0.21673154830932617
38,decoder_cross,1,1,선생님은,2,likes,0.11784645169973373
38,decoder_cross,1,1,선생님은,3,robots,0.24257540702819824
38,decoder_cross,1,1,선생님은,4,<EOS>,0.20698164403438568
38,decoder_cross,1,2,로봇을,0,The,0.2017061412334442
38,decoder_cross,1,2,로봇을,1,teacher,0.18113289773464203
38,decoder_cross,1,2,로봇을,2,likes,0.23746097087860107
38,decoder_cross,1,2,로봇을,3,robots,0.1993667483329773
38,decoder_cross,1,2,로봇을,4,<EOS>,0.1803331822156906
38,decoder_cross,1,3,좋아한다,0,The,0.2108161449432373
38,decoder_cross,1,3,좋아한다,1,teacher,0.21841542422771454
38,decoder_cross,1,3,좋아한다,2,likes,0.1499403864145279
38,decoder_cross,1,3,좋아한다,3,robots,0.2093573957681656
38,decoder_cross,1,3,좋아한다,4,<EOS>,0.21147052943706512
39,encoder_self,0,0,The,0,The,0.32626113295555115
39,encoder_self,0,0,The,1,teacher,0.014500320889055729
39,encoder_self,0,0,The,2,likes,0.006800339091569185
39,encoder_self,0,0,The,3,robots,0.061998385936021805
39,encoder_self,0,0,The,4,<EOS>,0.5904398560523987
39,encoder_self,0,1,teacher,0,The,0.04405275732278824
39,encoder_self,0,1,teacher,1,teacher,0.3086203932762146
39,encoder_self,0,1,teacher,2,likes,0.4379458725452423
39,encoder_self,0,1,teacher,3,robots,0.03929562866687775
39,encoder_self,0,1,teacher,4,<EOS>,0.17008526623249054
39,encoder_self,0,2,likes,0,The,0.1246526837348938
39,encoder_self,0,2,likes,1,teacher,0.3888615369796753
39,encoder_self,0,2,likes,2,likes,0.10558459907770157
39,encoder_self,0,2,likes,3,robots,0.20071524381637573
39,encoder_self,0,2,likes,4,<EOS>,0.180185928940773
39,encoder_self,0,3,robots,0,The,0.004249857738614082
39,encoder_self,0,3,robots,1,teacher,0.090091772377491
39,encoder_self,0,3,robots,2,likes,0.6542798280715942
39,encoder_self,0,3,robots,3,robots,0.2403028905391693
39,encoder_self,0,3,robots,4,<EOS>,0.011075716465711594
39,encoder_self,0,4,<EOS>,0,The,0.14168743789196014
39,encoder_self,0,4,<EOS>,1,teacher,0.13642925024032593
39,encoder_self,0,4,<EOS>,2,likes,0.06506077945232391
39,encoder_self,0,4,<EOS>,3,robots,0.12232737988233566
39,encoder_self,0,4,<EOS>,4,<EOS>,0.5344951152801514
39,encoder_self,1,0,The,0,The,0.016965318471193314
39,encoder_self,1,0,The,1,teacher,0.00012521454482339323
39,encoder_self,1,0,The,2,likes,6.858292908873409e-05
39,encoder_self,1,0,The,3,robots,0.9717082977294922
39,encoder_self,1,0,The,4,<EOS>,0.011132628656923771
39,encoder_self,1,1,teacher,0,The,0.1781768649816513
39,encoder_self,1,1,teacher,1,teacher,0.17416952550411224
39,encoder_self,1,1,teacher,2,likes,0.31261900067329407
39,encoder_self,1,1,teacher,3,robots,0.07536289840936661
39,encoder_self,1,1,teacher,4,<EOS>,0.25967174768447876
39,encoder_self,1,2,likes,0,The,0.07717879861593246
39,encoder_self,1,2,likes,1,teacher,0.28689560294151306
39,encoder_self,1,2,likes,2,likes,0.5158935189247131
39,encoder_self,1,2,likes,3,robots,0.0364607572555542
39,encoder_self,1,2,likes,4,<EOS>,0.08357125520706177
39,encoder_self,1,3,robots,0,The,0.06890714913606644
39,encoder_self,1,3,robots,1,teacher,0.2824130952358246
39,encoder_self,1,3,robots,2,likes,0.327585905790329
39,encoder_self,1,3,robots,3,robots,0.0016709261108189821
39,encoder_self,1,3,robots,4,<EOS>,0.3194229304790497
39,encoder_self,1,4,<EOS>,0,The,0.021938424557447433
39,encoder_self,1,4,<EOS>,1,teacher,0.0003692500467877835
39,encoder_self,1,4,<EOS>,2,likes,0.00037891342071816325
39,encoder_self,1,4,<EOS>,3,robots,0.9677056670188904
39,encoder_self,1,4,<EOS>,4,<EOS>,0.00960766151547432
39,decoder_masked,0,0,<SOS>,0,<SOS>,1.0
39,decoder_masked,0,0,<SOS>,1,선생님은,0.0
39,decoder_masked,0,0,<SOS>,2,로봇을,0.0
39,decoder_masked,0,0,<SOS>,3,좋아한다,0.0
39,decoder_masked,0,1,선생님은,0,<SOS>,0.8028296232223511
39,decoder_masked,0,1,선생님은,1,선생님은,0.19717039167881012
39,decoder_masked,0,1,선생님은,2,로봇을,0.0
39,decoder_masked,0,1,선생님은,3,좋아한다,0.0
39,decoder_masked,0,2,로봇을,0,<SOS>,0.30408304929733276
39,decoder_masked,0,2,로봇을,1,선생님은,0.5821126103401184
39,decoder_masked,0,2,로봇을,2,로봇을,0.11380437761545181
39,decoder_masked,0,2,로봇을,3,좋아한다,0.0
39,decoder_masked,0,3,좋아한다,0,<SOS>,0.9784245491027832
39,decoder_masked,0,3,좋아한다,1,선생님은,0.006805791519582272
39,decoder_masked,0,3,좋아한다,2,로봇을,0.008579030632972717
39,decoder_masked,0,3,좋아한다,3,좋아한다,0.0061906189657747746
39,decoder_masked,1,0,<SOS>,0,<SOS>,1.0
39,decoder_masked,1,0,<SOS>,1,선생님은,0.0
39,decoder_masked,1,0,<SOS>,2,로봇을,0.0
39,decoder_masked,1,0,<SOS>,3,좋아한다,0.0
39,decoder_masked,1,1,선생님은,0,<SOS>,0.8706014752388
39,decoder_masked,1,1,선생님은,1,선생님은,0.12939859926700592
39,decoder_masked,1,1,선생님은,2,로봇을,0.0
39,decoder_masked,1,1,선생님은,3,좋아한다,0.0
39,decoder_masked,1,2,로봇을,0,<SOS>,0.5728919506072998
39,decoder_masked,1,2,로봇을,1,선생님은,0.284119576215744
39,decoder_masked,1,2,로봇을,2,로봇을,0.1429884433746338
39,decoder_masked,1,2,로봇을,3,좋아한다,0.0
39,decoder_masked,1,3,좋아한다,0,<SOS>,0.5115532279014587
39,decoder_masked,1,3,좋아한다,1,선생님은,0.06323102861642838
39,decoder_masked,1,3,좋아한다,2,로봇을,0.3373291790485382
39,decoder_masked,1,3,좋아한다,3,좋아한다,0.08788656443357468
39,decoder_cross,0,0,<SOS>,0,The,0.1831664741039276
39,decoder_cross,0,0,<SOS>,1,teacher,0.09817079454660416
39,decoder_cross,0,0,<SOS>,2,likes,0.4436764717102051
39,decoder_cross,0,0,<SOS>,3,robots,0.17641407251358032
39,decoder_cross,0,0,<SOS>,4,<EOS>,0.09857214242219925
39,decoder_cross,0,1,선생님은,0,The,0.2395114302635193
39,decoder_cross,0,1,선생님은,1,teacher,0.15148784220218658
39,decoder_cross,0,1,선생님은,2,likes,0.2506810426712036
39,decoder_cross,0,1,선생님은,3,robots,0.18400126695632935
39,decoder_cross,0,1,선생님은,4,<EOS>,0.17431840300559998
39,decoder_cross,0,2,로봇을,0,The,0.15763027966022491
39,decoder_cross,0,2,로봇을,1,teacher,0.1685866117477417
39,decoder_cross,0,2,로봇을,2,likes,0.3036288619041443
39,decoder_cross,0,2,로봇을,3,robots,0.26979246735572815
39,decoder_cross,0,2,로봇을,4,<EOS>,0.10036177188158035
39,decoder_cross,0,3,좋아한다,0,The,0.20428933203220367
39,decoder_cross,0,3,좋아한다,1,teacher,0.14346203207969666
39,decoder_cross,0,3,좋아한다,2,likes,0.3078540563583374
39,decoder_cross,0,3,좋아한다,3,robots,0.20364366471767426
39,decoder_cross,0,3,좋아한다,4,<EOS>,0.14075088500976562
39,decoder_cross,1,0,<SOS>,0,The,0.17869672179222107
39,decoder_cross,1,0,<SOS>,1,teacher,0.1947501003742218
39,decoder_cross,1,0,<SOS>,2,likes,0.20708569884300232
39,decoder_cross,1,0,<SOS>,3,robots,0.23646384477615356
39,decoder_cross,1,0,<SOS>,4,<EOS>,0.18300354480743408
39,decoder_cross,1,1,선생님은,0,The,0.21454857289791107
39,decoder_cross,1,1,선생님은,1,teacher,0.21678857505321503
39,decoder_cross,1,1,선생님은,2,likes,0.11973736435174942
39,decoder_cross,1,1,선생님은,3,robots,0.24261781573295593
39,decoder_cross,1,1,선생님은,4,<EOS>,0.20630760490894318
39,decoder_cross,1,2,로봇을,0,The,0.2009541392326355
39,decoder_cross,1,2,로봇을,1,teacher,0.18090713024139404
39,decoder_cross,1,2,로봇을,2,likes,0.23883318901062012
39,decoder_cross,1,2,로봇을,3,robots,0.19928714632987976
39,decoder_cross,1,2,로봇을,4,<EOS>,0.1800183802843094
39,decoder_cross,1,3,좋아한다,0,The,0.20974940061569214
39,decoder_cross,1,3,좋아한다,1,teacher,0.21815192699432373
39,decoder_cross,1,3,좋아한다,2,likes,0.1518470048904419
39,decoder_cross,1,3,좋아한다,3,robots,0.20949877798557281
39,decoder_cross,1,3,좋아한다,4,<EOS>,0.21075288951396942
40,encoder_self,0,0,The,0,The,0.3262919485569
40,encoder_self,0,0,The,1,teacher,0.014587057754397392
40,encoder_self,0,0,The,2,likes,0.0065414379350841045
40,encoder_self,0,0,The,3,robots,0.059772148728370667
40,encoder_self,0,0,The,4,<EOS>,0.5928073525428772
40,encoder_self,0,1,teacher,0,The,0.045061640441417694
40,encoder_self,0,1,teacher,1,teacher,0.31592732667922974
40,encoder_self,0,1,teacher,2,likes,0.42464208602905273
40,encoder_self,0,1,teacher,3,robots,0.03960104286670685
40,encoder_self,0,1,teacher,4,<EOS>,0.17476791143417358
40,encoder_self,0,2,likes,0,The,0.12443061172962189
40,encoder_self,0,2,likes,1,teacher,0.3880769610404968
40,encoder_self,0,2,likes,2,likes,0.10497049242258072
40,encoder_self,0,2,likes,3,robots,0.20268410444259644
40,encoder_self,0,2,likes,4,<EOS>,0.17983782291412354
40,encoder_self,0,3,robots,0,The,0.00437372550368309
40,encoder_self,0,3,robots,1,teacher,0.0904226079583168
40,encoder_self,0,3,robots,2,likes,0.663066565990448
40,encoder_self,0,3,robots,3,robots,0.23075543344020844
40,encoder_self,0,3,robots,4,<EOS>,0.011381755582988262
40,encoder_self,0,4,<EOS>,0,The,0.14228571951389313
40,encoder_self,0,4,<EOS>,1,teacher,0.13748332858085632
40,encoder_self,0,4,<EOS>,2,likes,0.062007222324609756
40,encoder_self,0,4,<EOS>,3,robots,0.11883573979139328
40,encoder_self,0,4,<EOS>,4,<EOS>,0.5393879413604736
40,encoder_self,1,0,The,0,The,0.016983596608042717
40,encoder_self,1,0,The,1,teacher,0.0001237073156516999
40,encoder_self,1,0,The,2,likes,6.722393300151452e-05
40,encoder_self,1,0,The,3,robots,0.9717560410499573
40,encoder_self,1,0,The,4,<EOS>,0.011069473810493946
40,encoder_self,1,1,teacher,0,The,0.17892886698246002
40,encoder_self,1,1,teacher,1,teacher,0.17376460134983063
40,encoder_self,1,1,teacher,2,likes,0.3114489018917084
40,encoder_self,1,1,teacher,3,robots,0.07610568404197693
40,encoder_self,1,1,teacher,4,<EOS>,0.2597518265247345
40,encoder_self,1,2,likes,0,The,0.07676132023334503
40,encoder_self,1,2,likes,1,teacher,0.28676837682724
40,encoder_self,1,2,likes,2,likes,0.5169268250465393
40,encoder_self,1,2,likes,3,robots,0.036198753863573074
40,encoder_self,1,2,likes,4,<EOS>,0.0833447277545929
40,encoder_self,1,3,robots,0,The,0.06903013586997986
40,encoder_self,1,3,robots,1,teacher,0.28235819935798645
40,encoder_self,1,3,robots,2,likes,0.3272653818130493
40,encoder_self,1,3,robots,3,robots,0.0016832365654408932
40,encoder_self,1,3,robots,4,<EOS>,0.31966298818588257
40,encoder_self,1,4,<EOS>,0,The,0.021916184574365616
40,encoder_self,1,4,<EOS>,1,teacher,0.0003646319964900613
40,encoder_self,1,4,<EOS>,2,likes,0.0003720998647622764
40,encoder_self,1,4,<EOS>,3,robots,0.9678078293800354
40,encoder_self,1,4,<EOS>,4,<EOS>,0.009539316408336163
40,decoder_masked,0,0,<SOS>,0,<SOS>,1.0
40,decoder_masked,0,0,<SOS>,1,선생님은,0.0
40,decoder_masked,0,0,<SOS>,2,로봇을,0.0
40,decoder_masked,0,0,<SOS>,3,좋아한다,0.0
40,decoder_masked,0,1,선생님은,0,<SOS>,0.8054084777832031
40,decoder_masked,0,1,선생님은,1,선생님은,0.19459153711795807
40,decoder_masked,0,1,선생님은,2,로봇을,0.0
40,decoder_masked,0,1,선생님은,3,좋아한다,0.0
40,decoder_masked,0,2,로봇을,0,<SOS>,0.30544939637184143
40,decoder_masked,0,2,로봇을,1,선생님은,0.5836493968963623
40,decoder_masked,0,2,로봇을,2,로봇을,0.11090123653411865
40,decoder_masked,0,2,로봇을,3,좋아한다,0.0
40,decoder_masked,0,3,좋아한다,0,<SOS>,0.9793097972869873
40,decoder_masked,0,3,좋아한다,1,선생님은,0.006481484044343233
40,decoder_masked,0,3,좋아한다,2,로봇을,0.008290763013064861
40,decoder_masked,0,3,좋아한다,3,좋아한다,0.005918084643781185
40,decoder_masked,1,0,<SOS>,0,<SOS>,1.0
40,decoder_masked,1,0,<SOS>,1,선생님은,0.0
40,decoder_masked,1,0,<SOS>,2,로봇을,0.0
40,decoder_masked,1,0,<SOS>,3,좋아한다,0.0
40,decoder_masked,1,1,선생님은,0,<SOS>,0.8686486482620239
40,decoder_masked,1,1,선생님은,1,선생님은,0.1313513219356537
40,decoder_masked,1,1,선생님은,2,로봇을,0.0
40,decoder_masked,1,1,선생님은,3,좋아한다,0.0
40,decoder_masked,1,2,로봇을,0,<SOS>,0.5836605429649353
40,decoder_masked,1,2,로봇을,1,선생님은,0.27793848514556885
40,decoder_masked,1,2,로봇을,2,로봇을,0.13840092718601227
40,decoder_masked,1,2,로봇을,3,좋아한다,0.0
40,decoder_masked,1,3,좋아한다,0,<SOS>,0.4982108473777771
40,decoder_masked,1,3,좋아한다,1,선생님은,0.06498932093381882
40,decoder_masked,1,3,좋아한다,2,로봇을,0.3466914892196655
40,decoder_masked,1,3,좋아한다,3,좋아한다,0.09010830521583557
40,decoder_cross,0,0,<SOS>,0,The,0.18338485062122345
40,decoder_cross,0,0,<SOS>,1,teacher,0.09837401658296585
40,decoder_cross,0,0,<SOS>,2,likes,0.4437122941017151
40,decoder_cross,0,0,<SOS>,3,robots,0.17580987513065338
40,decoder_cross,0,0,<SOS>,4,<EOS>,0.09871894121170044
40,decoder_cross,0,1,선생님은,0,The,0.23906074464321136
40,decoder_cross,0,1,선생님은,1,teacher,0.1509157419204712
40,decoder_cross,0,1,선생님은,2,likes,0.25286194682121277
40,decoder_cross,0,1,선생님은,3,robots,0.18404357135295868
40,decoder_cross,0,1,선생님은,4,<EOS>,0.17311802506446838
40,decoder_cross,0,2,로봇을,0,The,0.1574867218732834
40,decoder_cross,0,2,로봇을,1,teacher,0.1680895835161209
40,decoder_cross,0,2,로봇을,2,likes,0.30592572689056396
40,decoder_cross,0,2,로봇을,3,robots,0.2686794102191925
40,decoder_cross,0,2,로봇을,4,<EOS>,0.09981842339038849
40,decoder_cross,0,3,좋아한다,0,The,0.20458348095417023
40,decoder_cross,0,3,좋아한다,1,teacher,0.1430387794971466
40,decoder_cross,0,3,좋아한다,2,likes,0.3089023530483246
40,decoder_cross,0,3,좋아한다,3,robots,0.20299489796161652
40,decoder_cross,0,3,좋아한다,4,<EOS>,0.14048050343990326
40,decoder_cross,1,0,<SOS>,0,The,0.17818443477153778
40,decoder_cross,1,0,<SOS>,1,teacher,0.19438479840755463
40,decoder_cross,1,0,<SOS>,2,likes,0.20863932371139526
40,decoder_cross,1,0,<SOS>,3,robots,0.2361811101436615
40,decoder_cross,1,0,<SOS>,4,<EOS>,0.18261028826236725
40,decoder_cross,1,1,선생님은,0,The,0.21414348483085632
40,decoder_cross,1,1,선생님은,1,teacher,0.2166510671377182
40,decoder_cross,1,1,선생님은,2,likes,0.12045738846063614
40,decoder_cross,1,1,선생님은,3,robots,0.2426593005657196
40,decoder_cross,1,1,선생님은,4,<EOS>,0.20608878135681152
40,decoder_cross,1,2,로봇을,0,The,0.2002386748790741
40,decoder_cross,1,2,로봇을,1,teacher,0.18061989545822144
40,decoder_cross,1,2,로봇을,2,likes,0.24011102318763733
40,decoder_cross,1,2,로봇을,3,robots,0.1992688775062561
40,decoder_cross,1,2,로봇을,4,<EOS>,0.17976154386997223
40,decoder_cross,1,3,좋아한다,0,The,0.20944276452064514
40,decoder_cross,1,3,좋아한다,1,teacher,0.2178797721862793
40,decoder_cross,1,3,좋아한다,2,likes,0.15281552076339722
40,decoder_cross,1,3,좋아한다,3,robots,0.20939567685127258
40,decoder_cross,1,3,좋아한다,4,<EOS>,0.21046623587608337
41,encoder_self,0,0,The,0,The,0.32602009177207947
41,encoder_self,0,0,The,1,teacher,0.01464142743498087
41,encoder_self,0,0,The,2,likes,0.006436575204133987
41,encoder_self,0,0,The,3,robots,0.05965450406074524
41,encoder_self,0,0,The,4,<EOS>,0.5932474136352539
41,encoder_self,0,1,teacher,0,The,0.0454721674323082
41,encoder_self,0,1,teacher,1,teacher,0.3202979862689972
41,encoder_self,0,1,teacher,2,likes,0.4177640676498413
41,encoder_self,0,1,teacher,3,robots,0.039645589888095856
41,encoder_self,0,1,teacher,4,<EOS>,0.17682018876075745
41,encoder_self,0,2,likes,0,The,0.12481198459863663
41,encoder_self,0,2,likes,1,teacher,0.3877277672290802
41,encoder_self,0,2,likes,2,likes,0.1048162654042244
41,encoder_self,0,2,likes,3,robots,0.20237448811531067
41,encoder_self,0,2,likes,4,<EOS>,0.1802695244550705
41,encoder_self,0,3,robots,0,The,0.004369500558823347
41,encoder_self,0,3,robots,1,teacher,0.09043648093938828
41,encoder_self,0,3,robots,2,likes,0.6629101634025574
41,encoder_self,0,3,robots,3,robots,0.2309095412492752
41,encoder_self,0,3,robots,4,<EOS>,0.01137431338429451
41,encoder_self,0,4,<EOS>,0,The,0.1422223001718521
41,encoder_self,0,4,<EOS>,1,teacher,0.1383143663406372
41,encoder_self,0,4,<EOS>,2,likes,0.060570791363716125
41,encoder_self,0,4,<EOS>,3,robots,0.11837852001190186
41,encoder_self,0,4,<EOS>,4,<EOS>,0.5405140519142151
41,encoder_self,1,0,The,0,The,0.017097750678658485
41,encoder_self,1,0,The,1,teacher,0.00012205653911223635
41,encoder_self,1,0,The,2,likes,6.517358997371048e-05
41,encoder_self,1,0,The,3,robots,0.9716452360153198
41,encoder_self,1,0,The,4,<EOS>,0.0110697690397501
41,encoder_self,1,1,teacher,0,The,0.1794671267271042
41,encoder_self,1,1,teacher,1,teacher,0.17345042526721954
41,encoder_self,1,1,teacher,2,likes,0.3105979263782501
41,encoder_self,1,1,teacher,3,robots,0.07661297172307968
41,encoder_self,1,1,teacher,4,<EOS>,0.2598715126514435
41,encoder_self,1,2,likes,0,The,0.07621929794549942
41,encoder_self,1,2,likes,1,teacher,0.28636616468429565
41,encoder_self,1,2,likes,2,likes,0.5185115337371826
41,encoder_self,1,2,likes,3,robots,0.03595944494009018
41,encoder_self,1,2,likes,4,<EOS>,0.08294350653886795
41,encoder_self,1,3,robots,0,The,0.06896127760410309
41,encoder_self,1,3,robots,1,teacher,0.2824034094810486
41,encoder_self,1,3,robots,2,likes,0.3276207745075226
41,encoder_self,1,3,robots,3,robots,0.0016858247108757496
41,encoder_self,1,3,robots,4,<EOS>,0.31932878494262695
41,encoder_self,1,4,<EOS>,0,The,0.021968167275190353
41,encoder_self,1,4,<EOS>,1,teacher,0.0003590649866964668
41,encoder_self,1,4,<EOS>,2,likes,0.0003619327617343515
41,encoder_self,1,4,<EOS>,3,robots,0.9678090810775757
41,encoder_self,1,4,<EOS>,4,<EOS>,0.009501748718321323
41,decoder_masked,0,0,<SOS>,0,<SOS>,1.0
41,decoder_masked,0,0,<SOS>,1,선생님은,0.0
41,decoder_masked,0,0,<SOS>,2,로봇을,0.0
41,decoder_masked,0,0,<SOS>,3,좋아한다,0.0
41,decoder_masked,0,1,선생님은,0,<SOS>,0.8082777261734009
41,decoder_masked,0,1,선생님은,1,선생님은,0.19172219932079315
41,decoder_masked,0,1,선생님은,2,로봇을,0.0
41,decoder_masked,0,1,선생님은,3,좋아한다,0.0
41,decoder_masked,0,2,로봇을,0,<SOS>,0.3096807301044464
41,decoder_masked,0,2,로봇을,1,선생님은,0.5786743760108948
41,decoder_masked,0,2,로봇을,2,로봇을,0.11164489388465881
41,decoder_masked,0,2,로봇을,3,좋아한다,0.0
41,decoder_masked,0,3,좋아한다,0,<SOS>,0.9796270132064819
41,decoder_masked,0,3,좋아한다,1,선생님은,0.006317582912743092
41,decoder_masked,0,3,좋아한다,2,로봇을,0.008467096835374832
41,decoder_masked,0,3,좋아한다,3,좋아한다,0.005588353145867586
41,decoder_masked,1,0,<SOS>,0,<SOS>,1.0
41,decoder_masked,1,0,<SOS>,1,선생님은,0.0
41,decoder_masked,1,0,<SOS>,2,로봇을,0.0
41,decoder_masked,1,0,<SOS>,3,좋아한다,0.0
41,decoder_masked,1,1,선생님은,0,<SOS>,0.8635298013687134
41,decoder_masked,1,1,선생님은,1,선생님은,0.13647018373012543
41,decoder_masked,1,1,선생님은,2,로봇을,0.0
41,decoder_masked,1,1,선생님은,3,좋아한다,0.0
41,decoder_masked,1,2,로봇을,0,<SOS>,0.5859619379043579
41,decoder_masked,1,2,로봇을,1,선생님은,0.276067316532135
41,decoder_masked,1,2,로봇을,2,로봇을,0.1379706710577011
41,decoder_masked,1,2,로봇을,3,좋아한다,0.0
41,decoder_masked,1,3,좋아한다,0,<SOS>,0.475612610578537
41,decoder_masked,1,3,좋아한다,1,선생님은,0.0694940835237503
41,decoder_masked,1,3,좋아한다,2,로봇을,0.360750287771225
41,decoder_masked,1,3,좋아한다,3,좋아한다,0.09414304792881012
41,decoder_cross,0,0,<SOS>,0,The,0.18378223478794098
41,decoder_cross,0,0,<SOS>,1,teacher,0.09860476106405258
41,decoder_cross,0,0,<SOS>,2,likes,0.44255006313323975
41,decoder_cross,0,0,<SOS>,3,robots,0.17619097232818604
41,decoder_cross,0,0,<SOS>,4,<EOS>,0.09887191653251648
41,decoder_cross,0,1,선생님은,0,The,0.2394285947084427
41,decoder_cross,0,1,선생님은,1,teacher,0.1519036889076233
41,decoder_cross,0,1,선생님은,2,likes,0.25039181113243103
41,decoder_cross,0,1,선생님은,3,robots,0.18448999524116516
41,decoder_cross,0,1,선생님은,4,<EOS>,0.1737859547138214
41,decoder_cross,0,2,로봇을,0,The,0.15789322555065155
41,decoder_cross,0,2,로봇을,1,teacher,0.16864418983459473
41,decoder_cross,0,2,로봇을,2,likes,0.30410221219062805
41,decoder_cross,0,2,로봇을,3,robots,0.26920199394226074
41,decoder_cross,0,2,로봇을,4,<EOS>,0.10015833377838135
41,decoder_cross,0,3,좋아한다,0,The,0.20594047009944916
41,decoder_cross,0,3,좋아한다,1,teacher,0.1438169926404953
41,decoder_cross,0,3,좋아한다,2,likes,0.3055385649204254
41,decoder_cross,0,3,좋아한다,3,robots,0.20307569205760956
41,decoder_cross,0,3,좋아한다,4,<EOS>,0.14162825047969818
41,decoder_cross,1,0,<SOS>,0,The,0.17824627459049225
41,decoder_cross,1,0,<SOS>,1,teacher,0.19409821927547455
41,decoder_cross,1,0,<SOS>,2,likes,0.20898456871509552
41,decoder_cross,1,0,<SOS>,3,robots,0.23627837002277374
41,decoder_cross,1,0,<SOS>,4,<EOS>,0.18239259719848633
41,decoder_cross,1,1,선생님은,0,The,0.21459896862506866
41,decoder_cross,1,1,선생님은,1,teacher,0.21630243957042694
41,decoder_cross,1,1,선생님은,2,likes,0.12026086449623108
41,decoder_cross,1,1,선생님은,3,robots,0.24290360510349274
41,decoder_cross,1,1,선생님은,4,<EOS>,0.2059340476989746
41,decoder_cross,1,2,로봇을,0,The,0.20023183524608612
41,decoder_cross,1,2,로봇을,1,teacher,0.1804606020450592
41,decoder_cross,1,2,로봇을,2,likes,0.24042297899723053
41,decoder_cross,1,2,로봇을,3,robots,0.19925537705421448
41,decoder_cross,1,2,로봇을,4,<EOS>,0.1796291172504425
41,decoder_cross,1,3,좋아한다,0,The,0.20997300744056702
41,decoder_cross,1,3,좋아한다,1,teacher,0.2175454944372177
41,decoder_cross,1,3,좋아한다,2,likes,0.1526777744293213
41,decoder_cross,1,3,좋아한다,3,robots,0.20946550369262695
41,decoder_cross,1,3,좋아한다,4,<EOS>,0.21033822000026703
42,encoder_self,0,0,The,0,The,0.32606664299964905
42,encoder_self,0,0,The,1,teacher,0.014670020900666714
42,encoder_self,0,0,The,2,likes,0.006337237078696489
42,encoder_self,0,0,The,3,robots,0.059428177773952484
42,encoder_self,0,0,The,4,<EOS>,0.5934979319572449
42,encoder_self,0,1,teacher,0,The,0.04588839039206505
42,encoder_self,0,1,teacher,1,teacher,0.32393041253089905
42,encoder_self,0,1,teacher,2,likes,0.41172412037849426
42,encoder_self,0,1,teacher,3,robots,0.039654262363910675
42,encoder_self,0,1,teacher,4,<EOS>,0.17880283296108246
42,encoder_self,0,2,likes,0,The,0.12500691413879395
42,encoder_self,0,2,likes,1,teacher,0.3877260386943817
42,encoder_self,0,2,likes,2,likes,0.10462331026792526
42,encoder_self,0,2,likes,3,robots,0.20207014679908752
42,encoder_self,0,2,likes,4,<EOS>,0.18057356774806976
42,encoder_self,0,3,robots,0,The,0.00436605978757143
42,encoder_self,0,3,robots,1,teacher,0.09036722779273987
42,encoder_self,0,3,robots,2,likes,0.6629253029823303
42,encoder_self,0,3,robots,3,robots,0.23097601532936096
42,encoder_self,0,3,robots,4,<EOS>,0.011365287005901337
42,encoder_self,0,4,<EOS>,0,The,0.14238208532333374
42,encoder_self,0,4,<EOS>,1,teacher,0.13880883157253265
42,encoder_self,0,4,<EOS>,2,likes,0.0592750683426857
42,encoder_self,0,4,<EOS>,3,robots,0.11775892227888107
42,encoder_self,0,4,<EOS>,4,<EOS>,0.5417749881744385
42,encoder_self,1,0,The,0,The,0.017192184925079346
42,encoder_self,1,0,The,1,teacher,0.00012122321641072631
42,encoder_self,1,0,The,2,likes,6.418370321625844e-05
42,encoder_self,1,0,The,3,robots,0.9715483784675598
42,encoder_self,1,0,The,4,<EOS>,0.011073986068367958
42,encoder_self,1,1,teacher,0,The,0.17963366210460663
42,encoder_self,1,1,teacher,1,teacher,0.17332413792610168
42,encoder_self,1,1,teacher,2,likes,0.31040218472480774
42,encoder_self,1,1,teacher,3,robots,0.07679975777864456
42,encoder_self,1,1,teacher,4,<EOS>,0.25984030961990356
42,encoder_self,1,2,likes,0,The,0.07588891685009003
42,encoder_self,1,2,likes,1,teacher,0.2861648201942444
42,encoder_self,1,2,likes,2,likes,0.5193808674812317
42,encoder_self,1,2,likes,3,robots,0.03584635257720947
42,encoder_self,1,2,likes,4,<EOS>,0.08271905034780502
42,encoder_self,1,3,robots,0,The,0.06901070475578308
42,encoder_self,1,3,robots,1,teacher,0.2824155390262604
42,encoder_self,1,3,robots,2,likes,0.3275606036186218
42,encoder_self,1,3,robots,3,robots,0.0016876970184966922
42,encoder_self,1,3,robots,4,<EOS>,0.31932544708251953
42,encoder_self,1,4,<EOS>,0,The,0.022029714658856392
42,encoder_self,1,4,<EOS>,1,teacher,0.00035685361945070326
42,encoder_self,1,4,<EOS>,2,likes,0.0003577172174118459
42,encoder_self,1,4,<EOS>,3,robots,0.9677612781524658
42,encoder_self,1,4,<EOS>,4,<EOS>,0.009494385682046413
42,decoder_masked,0,0,<SOS>,0,<SOS>,1.0
42,decoder_masked,0,0,<SOS>,1,선생님은,0.0
42,decoder_masked,0,0,<SOS>,2,로봇을,0.0
42,decoder_masked,0,0,<SOS>,3,좋아한다,0.0
42,decoder_masked,0,1,선생님은,0,<SOS>,0.8074607253074646
42,decoder_masked,0,1,선생님은,1,선생님은,0.19253920018672943
42,decoder_masked,0,1,선생님은,2,로봇을,0.0
42,decoder_masked,0,1,선생님은,3,좋아한다,0.0
42,decoder_masked,0,2,로봇을,0,<SOS>,0.3170173764228821
42,decoder_masked,0,2,로봇을,1,선생님은,0.5725080966949463
42,decoder_masked,0,2,로봇을,2,로봇을,0.11047451943159103
42,decoder_masked,0,2,로봇을,3,좋아한다,0.0
42,decoder_masked,0,3,좋아한다,0,<SOS>,0.9797526597976685
42,decoder_masked,0,3,좋아한다,1,선생님은,0.006171313114464283
42,decoder_masked,0,3,좋아한다,2,로봇을,0.008579172194004059
42,decoder_masked,0,3,좋아한다,3,좋아한다,0.005496807862073183
42,decoder_masked,1,0,<SOS>,0,<SOS>,1.0
42,decoder_masked,1,0,<SOS>,1,선생님은,0.0
42,decoder_masked,1,0,<SOS>,2,로봇을,0.0
42,decoder_masked,1,0,<SOS>,3,좋아한다,0.0
42,decoder_masked,1,1,선생님은,0,<SOS>,0.8615115880966187
42,decoder_masked,1,1,선생님은,1,선생님은,0.13848842680454254
42,decoder_masked,1,1,선생님은,2,로봇을,0.0
42,decoder_masked,1,1,선생님은,3,좋아한다,0.0
42,decoder_masked,1,2,로봇을,0,<SOS>,0.5893502235412598
42,decoder_masked,1,2,로봇을,1,선생님은,0.2734838128089905
42,decoder_masked,1,2,로봇을,2,로봇을,0.13716593384742737
42,decoder_masked,1,2,로봇을,3,좋아한다,0.0
42,decoder_masked,1,3,좋아한다,0,<SOS>,0.46934404969215393
42,decoder_masked,1,3,좋아한다,1,선생님은,0.07120054215192795
42,decoder_masked,1,3,좋아한다,2,로봇을,0.3628194034099579
42,decoder_masked,1,3,좋아한다,3,좋아한다,0.09663593024015427
42,decoder_cross,0,0,<SOS>,0,The,0.1835976392030716
42,decoder_cross,0,0,<SOS>,1,teacher,0.09884373843669891
42,decoder_cross,0,0,<SOS>,2,likes,0.442028671503067
42,decoder_cross,0,0,<SOS>,3,robots,0.17689751088619232
42,decoder_cross,0,0,<SOS>,4,<EOS>,0.09863245487213135
42,decoder_cross,0,1,선생님은,0,The,0.23862208425998688
42,decoder_cross,0,1,선생님은,1,teacher,0.15301953256130219
42,decoder_cross,0,1,선생님은,2,likes,0.2491738200187683
42,decoder_cross,0,1,선생님은,3,robots,0.18567007780075073
42,decoder_cross,0,1,선생님은,4,<EOS>,0.17351441085338593
42,decoder_cross,0,2,로봇을,0,The,0.15775521099567413
42,decoder_cross,0,2,로봇을,1,teacher,0.16892363131046295
42,decoder_cross,0,2,로봇을,2,likes,0.30331161618232727
42,decoder_cross,0,2,로봇을,3,robots,0.27001383900642395
42,decoder_cross,0,2,로봇을,4,<EOS>,0.09999572485685349
42,decoder_cross,0,3,좋아한다,0,The,0.20605802536010742
42,decoder_cross,0,3,좋아한다,1,teacher,0.14464743435382843
42,decoder_cross,0,3,좋아한다,2,likes,0.3035547137260437
42,decoder_cross,0,3,좋아한다,3,robots,0.2038920670747757
42,decoder_cross,0,3,좋아한다,4,<EOS>,0.14184772968292236
42,decoder_cross,1,0,<SOS>,0,The,0.17847111821174622
42,decoder_cross,1,0,<SOS>,1,teacher,0.19404253363609314
42,decoder_cross,1,0,<SOS>,2,likes,0.2086809277534485
42,decoder_cross,1,0,<SOS>,3,robots,0.23641876876354218
42,decoder_cross,1,0,<SOS>,4,<EOS>,0.18238666653633118
42,decoder_cross,1,1,선생님은,0,The,0.21502965688705444
42,decoder_cross,1,1,선생님은,1,teacher,0.21617144346237183
42,decoder_cross,1,1,선생님은,2,likes,0.11993095278739929
42,decoder_cross,1,1,선생님은,3,robots,0.24278661608695984
42,decoder_cross,1,1,선생님은,4,<EOS>,0.2060813456773758
42,decoder_cross,1,2,로봇을,0,The,0.20032094419002533
42,decoder_cross,1,2,로봇을,1,teacher,0.1805248111486435
42,decoder_cross,1,2,로봇을,2,likes,0.24012920260429382
42,decoder_cross,1,2,로봇을,3,robots,0.1993602067232132
42,decoder_cross,1,2,로봇을,4,<EOS>,0.17966488003730774
42,decoder_cross,1,3,좋아한다,0,The,0.2105361670255661
42,decoder_cross,1,3,좋아한다,1,teacher,0.21749278903007507
42,decoder_cross,1,3,좋아한다,2,likes,0.1519411951303482
42,decoder_cross,1,3,좋아한다,3,robots,0.20955495536327362
42,decoder_cross,1,3,좋아한다,4,<EOS>,0.2104749232530594
43,encoder_self,0,0,The,0,The,0.3263070285320282
43,encoder_self,0,0,The,1,teacher,0.01462667714804411
43,encoder_self,0,0,The,2,likes,0.006333725992590189
43,encoder_self,0,0,The,3,robots,0.05963212624192238
43,encoder_self,0,0,The,4,<EOS>,0.593100368976593
43,encoder_self,0,1,teacher,0,The,0.045932553708553314
43,encoder_self,0,1,teacher,1,teacher,0.3234914243221283
43,encoder_self,0,1,teacher,2,likes,0.4121665358543396
43,encoder_self,0,1,teacher,3,robots,0.039676178246736526
43,encoder_self,0,1,teacher,4,<EOS>,0.17873327434062958
43,encoder_self,0,2,likes,0,The,0.12501727044582367
43,encoder_self,0,2,likes,1,teacher,0.38785362243652344
43,encoder_self,0,2,likes,2,likes,0.10468102246522903
43,encoder_self,0,2,likes,3,robots,0.20184746384620667
43,encoder_self,0,2,likes,4,<EOS>,0.1806006282567978
43,encoder_self,0,3,robots,0,The,0.004360073246061802
43,encoder_self,0,3,robots,1,teacher,0.0902029499411583
43,encoder_self,0,3,robots,2,likes,0.6624157428741455
43,encoder_self,0,3,robots,3,robots,0.2316790074110031
43,encoder_self,0,3,robots,4,<EOS>,0.011342241428792477
43,encoder_self,0,4,<EOS>,0,The,0.14256207644939423
43,encoder_self,0,4,<EOS>,1,teacher,0.1384807527065277
43,encoder_self,0,4,<EOS>,2,likes,0.05931756645441055
43,encoder_self,0,4,<EOS>,3,robots,0.11808951944112778
43,encoder_self,0,4,<EOS>,4,<EOS>,0.5415501594543457
43,encoder_self,1,0,The,0,The,0.017062079161405563
43,encoder_self,1,0,The,1,teacher,0.00012040064757457003
43,encoder_self,1,0,The,2,likes,6.374720396706834e-05
43,encoder_self,1,0,The,3,robots,0.9717573523521423
43,encoder_self,1,0,The,4,<EOS>,0.010996430180966854
43,encoder_self,1,1,teacher,0,The,0.17979741096496582
43,encoder_self,1,1,teacher,1,teacher,0.17328506708145142
43,encoder_self,1,1,teacher,2,likes,0.310070276260376
43,encoder_self,1,1,teacher,3,robots,0.07695457339286804
43,encoder_self,1,1,teacher,4,<EOS>,0.25989270210266113
43,encoder_self,1,2,likes,0,The,0.07588104903697968
43,encoder_self,1,2,likes,1,teacher,0.28616124391555786
43,encoder_self,1,2,likes,2,likes,0.5194835066795349
43,encoder_self,1,2,likes,3,robots,0.035764969885349274
43,encoder_self,1,2,likes,4,<EOS>,0.08270923793315887
43,encoder_self,1,3,robots,0,The,0.06902576982975006
43,encoder_self,1,3,robots,1,teacher,0.28266093134880066
43,encoder_self,1,3,robots,2,likes,0.3270954191684723
43,encoder_self,1,3,robots,3,robots,0.001683151233009994
43,encoder_self,1,3,robots,4,<EOS>,0.31953465938568115
43,encoder_self,1,4,<EOS>,0,The,0.021899256855249405
43,encoder_self,1,4,<EOS>,1,teacher,0.00035459845094010234
43,encoder_self,1,4,<EOS>,2,likes,0.0003554042486939579
43,encoder_self,1,4,<EOS>,3,robots,0.9679551124572754
43,encoder_self,1,4,<EOS>,4,<EOS>,0.00943558756262064
43,decoder_masked,0,0,<SOS>,0,<SOS>,1.0
43,decoder_masked,0,0,<SOS>,1,선생님은,0.0
43,decoder_masked,0,0,<SOS>,2,로봇을,0.0
43,decoder_masked,0,0,<SOS>,3,좋아한다,0.0
43,decoder_masked,0,1,선생님은,0,<SOS>,0.8069061040878296
43,decoder_masked,0,1,선생님은,1,선생님은,0.1930939108133316
43,decoder_masked,0,1,선생님은,2,로봇을,0.0
43,decoder_masked,0,1,선생님은,3,좋아한다,0.0
43,decoder_masked,0,2,로봇을,0,<SOS>,0.29346272349357605
43,decoder_masked,0,2,로봇을,1,선생님은,0.5923282504081726
43,decoder_masked,0,2,로봇을,2,로봇을,0.11420904844999313
43,decoder_masked,0,2,로봇을,3,좋아한다,0.0
43,decoder_masked,0,3,좋아한다,0,<SOS>,0.977618932723999
43,decoder_masked,0,3,좋아한다,1,선생님은,0.0067794122733175755
43,decoder_masked,0,3,좋아한다,2,로봇을,0.009523044340312481
43,decoder_masked,0,3,좋아한다,3,좋아한다,0.006078613921999931
43,decoder_masked,1,0,<SOS>,0,<SOS>,1.0
43,decoder_masked,1,0,<SOS>,1,선생님은,0.0
43,decoder_masked,1,0,<SOS>,2,로봇을,0.0
43,decoder_masked,1,0,<SOS>,3,좋아한다,0.0
43,decoder_masked,1,1,선생님은,0,<SOS>,0.8614442348480225
43,decoder_masked,1,1,선생님은,1,선생님은,0.13855569064617157
43,decoder_masked,1,1,선생님은,2,로봇을,0.0
43,decoder_masked,1,1,선생님은,3,좋아한다,0.0
43,decoder_masked,1,2,로봇을,0,<SOS>,0.6038206219673157
43,decoder_masked,1,2,로봇을,1,선생님은,0.2641558349132538
43,decoder_masked,1,2,로봇을,2,로봇을,0.13202354311943054
43,decoder_masked,1,2,로봇을,3,좋아한다,0.0
43,decoder_masked,1,3,좋아한다,0,<SOS>,0.46052178740501404
43,decoder_masked,1,3,좋아한다,1,선생님은,0.07288767397403717
43,decoder_masked,1,3,좋아한다,2,로봇을,0.366154283285141
43,decoder_masked,1,3,좋아한다,3,좋아한다,0.10043631494045258
43,decoder_cross,0,0,<SOS>,0,The,0.1822921335697174
43,decoder_cross,0,0,<SOS>,1,teacher,0.09919831156730652
43,decoder_cross,0,0,<SOS>,2,likes,0.4422045946121216
43,decoder_cross,0,0,<SOS>,3,robots,0.17797841131687164
43,decoder_cross,0,0,<SOS>,4,<EOS>,0.09832656383514404
43,decoder_cross,0,1,선생님은,0,The,0.23710721731185913
43,decoder_cross,0,1,선생님은,1,teacher,0.15392453968524933
43,decoder_cross,0,1,선생님은,2,likes,0.24886201322078705
43,decoder_cross,0,1,선생님은,3,robots,0.18672780692577362
43,decoder_cross,0,1,선생님은,4,<EOS>,0.1733783483505249
43,decoder_cross,0,2,로봇을,0,The,0.1567644476890564
43,decoder_cross,0,2,로봇을,1,teacher,0.16907848417758942
43,decoder_cross,0,2,로봇을,2,likes,0.30374690890312195
43,decoder_cross,0,2,로봇을,3,robots,0.270719975233078
43,decoder_cross,0,2,로봇을,4,<EOS>,0.09969022870063782
43,decoder_cross,0,3,좋아한다,0,The,0.20512159168720245
43,decoder_cross,0,3,좋아한다,1,teacher,0.1455632895231247
43,decoder_cross,0,3,좋아한다,2,likes,0.30247625708580017
43,decoder_cross,0,3,좋아한다,3,robots,0.20492669939994812
43,decoder_cross,0,3,좋아한다,4,<EOS>,0.14191210269927979
43,decoder_cross,1,0,<SOS>,0,The,0.17817731201648712
43,decoder_cross,1,0,<SOS>,1,teacher,0.19400492310523987
43,decoder_cross,1,0,<SOS>,2,likes,0.20942166447639465
43,decoder_cross,1,0,<SOS>,3,robots,0.23610471189022064
43,decoder_cross,1,0,<SOS>,4,<EOS>,0.18229138851165771
43,decoder_cross,1,1,선생님은,0,The,0.21486897766590118
43,decoder_cross,1,1,선생님은,1,teacher,0.21631258726119995
43,decoder_cross,1,1,선생님은,2,likes,0.1203744038939476
43,decoder_cross,1,1,선생님은,3,robots,0.24221386015415192
43,decoder_cross,1,1,선생님은,4,<EOS>,0.2062302529811859
43,decoder_cross,1,2,로봇을,0,The,0.20007681846618652
43,decoder_cross,1,2,로봇을,1,teacher,0.18040858209133148
43,decoder_cross,1,2,로봇을,2,likes,0.24128563702106476
43,decoder_cross,1,2,로봇을,3,robots,0.19859491288661957
43,decoder_cross,1,2,로봇을,4,<EOS>,0.1796339750289917
43,decoder_cross,1,3,좋아한다,0,The,0.21060767769813538
43,decoder_cross,1,3,좋아한다,1,teacher,0.21753862500190735
43,decoder_cross,1,3,좋아한다,2,likes,0.15219564735889435
43,decoder_cross,1,3,좋아한다,3,robots,0.2090330570936203
43,decoder_cross,1,3,좋아한다,4,<EOS>,0.21062499284744263
44,encoder_self,0,0,The,0,The,0.32641300559043884
44,encoder_self,0,0,The,1,teacher,0.014576029032468796
44,encoder_self,0,0,The,2,likes,0.006313095334917307
44,encoder_self,0,0,The,3,robots,0.05977258458733559
44,encoder_self,0,0,The,4,<EOS>,0.5929253101348877
44,encoder_self,0,1,teacher,0,The,0.04595228657126427
44,encoder_self,0,1,teacher,1,teacher,0.32172900438308716
44,encoder_self,0,1,teacher,2,likes,0.4146018922328949
44,encoder_self,0,1,teacher,3,robots,0.03969394415616989
44,encoder_self,0,1,teacher,4,<EOS>,0.1780228167772293
44,encoder_self,0,2,likes,0,The,0.12510904669761658
44,encoder_self,0,2,likes,1,teacher,0.3875825107097626
44,encoder_self,0,2,likes,2,likes,0.10467229783535004
44,encoder_self,0,2,likes,3,robots,0.20198732614517212
44,encoder_self,0,2,likes,4,<EOS>,0.18064874410629272
44,encoder_self,0,3,robots,0,The,0.004357724450528622
44,encoder_self,0,3,robots,1,teacher,0.0903434008359909
44,encoder_self,0,3,robots,2,likes,0.6621202230453491
44,encoder_self,0,3,robots,3,robots,0.2318289428949356
44,encoder_self,0,3,robots,4,<EOS>,0.011349785141646862
44,encoder_self,0,4,<EOS>,0,The,0.14289264380931854
44,encoder_self,0,4,<EOS>,1,teacher,0.13802357017993927
44,encoder_self,0,4,<EOS>,2,likes,0.05954107269644737
44,encoder_self,0,4,<EOS>,3,robots,0.11849293857812881
44,encoder_self,0,4,<EOS>,4,<EOS>,0.5410497188568115
44,encoder_self,1,0,The,0,The,0.017152095213532448
44,encoder_self,1,0,The,1,teacher,0.00012033058010274544
44,encoder_self,1,0,The,2,likes,6.366922752931714e-05
44,encoder_self,1,0,The,3,robots,0.9716392755508423
44,encoder_self,1,0,The,4,<EOS>,0.011024672538042068
44,encoder_self,1,1,teacher,0,The,0.17968904972076416
44,encoder_self,1,1,teacher,1,teacher,0.17330937087535858
44,encoder_self,1,1,teacher,2,likes,0.31022000312805176
44,encoder_self,1,1,teacher,3,robots,0.07691199332475662
44,encoder_self,1,1,teacher,4,<EOS>,0.25986966490745544
44,encoder_self,1,2,likes,0,The,0.075807586312294
44,encoder_self,1,2,likes,1,teacher,0.2862093448638916
44,encoder_self,1,2,likes,2,likes,0.519522488117218
44,encoder_self,1,2,likes,3,robots,0.03578220307826996
44,encoder_self,1,2,likes,4,<EOS>,0.08267837017774582
44,encoder_self,1,3,robots,0,The,0.06896039843559265
44,encoder_self,1,3,robots,1,teacher,0.2826882004737854
44,encoder_self,1,3,robots,2,likes,0.3272162079811096
44,encoder_self,1,3,robots,3,robots,0.001681613503023982
44,encoder_self,1,3,robots,4,<EOS>,0.31945353746414185
44,encoder_self,1,4,<EOS>,0,The,0.021960001438856125
44,encoder_self,1,4,<EOS>,1,teacher,0.00035415388992987573
44,encoder_self,1,4,<EOS>,2,likes,0.00035486029810272157
44,encoder_self,1,4,<EOS>,3,robots,0.9678863286972046
44,encoder_self,1,4,<EOS>,4,<EOS>,0.009444640018045902
44,decoder_masked,0,0,<SOS>,0,<SOS>,1.0
44,decoder_masked,0,0,<SOS>,1,선생님은,0.0
44,decoder_masked,0,0,<SOS>,2,로봇을,0.0
44,decoder_masked,0,0,<SOS>,3,좋아한다,0.0
44,decoder_masked,0,1,선생님은,0,<SOS>,0.8067222237586975
44,decoder_masked,0,1,선생님은,1,선생님은,0.19327785074710846
44,decoder_masked,0,1,선생님은,2,로봇을,0.0
44,decoder_masked,0,1,선생님은,3,좋아한다,0.0
44,decoder_masked,0,2,로봇을,0,<SOS>,0.27954450249671936
44,decoder_masked,0,2,로봇을,1,선생님은,0.6036689877510071
44,decoder_masked,0,2,로봇을,2,로봇을,0.11678656935691833
44,decoder_masked,0,2,로봇을,3,좋아한다,0.0
44,decoder_masked,0,3,좋아한다,0,<SOS>,0.9762611389160156
44,decoder_masked,0,3,좋아한다,1,선생님은,0.007195169106125832
44,decoder_masked,0,3,좋아한다,2,로봇을,0.010114198550581932
44,decoder_masked,0,3,좋아한다,3,좋아한다,0.0064294724725186825
44,decoder_masked,1,0,<SOS>,0,<SOS>,1.0
44,decoder_masked,1,0,<SOS>,1,선생님은,0.0
44,decoder_masked,1,0,<SOS>,2,로봇을,0.0
44,decoder_masked,1,0,<SOS>,3,좋아한다,0.0
44,decoder_masked,1,1,선생님은,0,<SOS>,0.8582355380058289
44,decoder_masked,1,1,선생님은,1,선생님은,0.14176443219184875
44,decoder_masked,1,1,선생님은,2,로봇을,0.0
44,decoder_masked,1,1,선생님은,3,좋아한다,0.0
44,decoder_masked,1,2,로봇을,0,<SOS>,0.6038771271705627
44,decoder_masked,1,2,로봇을,1,선생님은,0.26364579796791077
44,decoder_masked,1,2,로봇을,2,로봇을,0.1324770301580429
44,decoder_masked,1,2,로봇을,3,좋아한다,0.0
44,decoder_masked,1,3,좋아한다,0,<SOS>,0.45161935687065125
44,decoder_masked,1,3,좋아한다,1,선생님은,0.07501234114170074
44,decoder_masked,1,3,좋아한다,2,로봇을,0.37056979537010193
44,decoder_masked,1,3,좋아한다,3,좋아한다,0.10279856622219086
44,decoder_cross,0,0,<SOS>,0,The,0.18246495723724365
44,decoder_cross,0,0,<SOS>,1,teacher,0.09950624406337738
44,decoder_cross,0,0,<SOS>,2,likes,0.44122228026390076
44,decoder_cross,0,0,<SOS>,3,robots,0.17836984992027283
44,decoder_cross,0,0,<SOS>,4,<EOS>,0.09843668341636658
44,decoder_cross,0,1,선생님은,0,The,0.23732928931713104
44,decoder_cross,0,1,선생님은,1,teacher,0.15579186379909515
44,decoder_cross,0,1,선생님은,2,likes,0.2446950376033783
44,decoder_cross,0,1,선생님은,3,robots,0.1872471570968628
44,decoder_cross,0,1,선생님은,4,<EOS>,0.17493662238121033
44,decoder_cross,0,2,로봇을,0,The,0.1571316123008728
44,decoder_cross,0,2,로봇을,1,teacher,0.1703353226184845
44,decoder_cross,0,2,로봇을,2,likes,0.30086809396743774
44,decoder_cross,0,2,로봇을,3,robots,0.2713134288787842
44,decoder_cross,0,2,로봇을,4,<EOS>,0.10035154968500137
44,decoder_cross,0,3,좋아한다,0,The,0.2062312215566635
44,decoder_cross,0,3,좋아한다,1,teacher,0.14708858728408813
44,decoder_cross,0,3,좋아한다,2,likes,0.29794201254844666
44,decoder_cross,0,3,좋아한다,3,robots,0.20530357956886292
44,decoder_cross,0,3,좋아한다,4,<EOS>,0.14343464374542236
44,decoder_cross,1,0,<SOS>,0,The,0.17854264378547668
44,decoder_cross,1,0,<SOS>,1,teacher,0.19418089091777802
44,decoder_cross,1,0,<SOS>,2,likes,0.20819196105003357
44,decoder_cross,1,0,<SOS>,3,robots,0.23664793372154236
44,decoder_cross,1,0,<SOS>,4,<EOS>,0.18243654072284698
44,decoder_cross,1,1,선생님은,0,The,0.21555688977241516
44,decoder_cross,1,1,선생님은,1,teacher,0.2163378894329071
44,decoder_cross,1,1,선생님은,2,likes,0.11950839310884476
44,decoder_cross,1,1,선생님은,3,robots,0.24211296439170837
44,decoder_cross,1,1,선생님은,4,<EOS>,0.20648391544818878
44,decoder_cross,1,2,로봇을,0,The,0.20076966285705566
44,decoder_cross,1,2,로봇을,1,teacher,0.1805373877286911
44,decoder_cross,1,2,로봇을,2,likes,0.2401648312807083
44,decoder_cross,1,2,로봇을,3,robots,0.19863878190517426
44,decoder_cross,1,2,로봇을,4,<EOS>,0.17988932132720947
44,decoder_cross,1,3,좋아한다,0,The,0.21148161590099335
44,decoder_cross,1,3,좋아한다,1,teacher,0.21769221127033234
44,decoder_cross,1,3,좋아한다,2,likes,0.15068770945072174
44,decoder_cross,1,3,좋아한다,3,robots,0.2091960310935974
44,decoder_cross,1,3,좋아한다,4,<EOS>,0.21094241738319397
45,encoder_self,0,0,The,0,The,0.3270801305770874
45,encoder_self,0,0,The,1,teacher,0.014517458155751228
45,encoder_self,0,0,The,2,likes,0.006304182577878237
45,encoder_self,0,0,The,3,robots,0.059784699231386185
45,encoder_self,0,0,The,4,<EOS>,0.5923135280609131
45,encoder_self,0,1,teacher,0,The,0.046009909361600876
45,encoder_self,0,1,teacher,1,teacher,0.3206556737422943
45,encoder_self,0,1,teacher,2,likes,0.41595834493637085
45,encoder_self,0,1,teacher,3,robots,0.039709508419036865
45,encoder_self,0,1,teacher,4,<EOS>,0.1776665300130844
45,encoder_self,0,2,likes,0,The,0.1250263750553131
45,encoder_self,0,2,likes,1,teacher,0.3876034915447235
45,encoder_self,0,2,likes,2,likes,0.1048576757311821
45,encoder_self,0,2,likes,3,robots,0.2019970864057541
45,encoder_self,0,2,likes,4,<EOS>,0.18051530420780182
45,encoder_self,0,3,robots,0,The,0.004366216249763966
45,encoder_self,0,3,robots,1,teacher,0.09040249139070511
45,encoder_self,0,3,robots,2,likes,0.6617271304130554
45,encoder_self,0,3,robots,3,robots,0.23213016986846924
45,encoder_self,0,3,robots,4,<EOS>,0.01137391198426485
45,encoder_self,0,4,<EOS>,0,The,0.14336802065372467
45,encoder_self,0,4,<EOS>,1,teacher,0.1375606507062912
45,encoder_self,0,4,<EOS>,2,likes,0.05961231887340546
45,encoder_self,0,4,<EOS>,3,robots,0.1186799556016922
45,encoder_self,0,4,<EOS>,4,<EOS>,0.5407791137695312
45,encoder_self,1,0,The,0,The,0.01699787750840187
45,encoder_self,1,0,The,1,teacher,0.00012140833132434636
45,encoder_self,1,0,The,2,likes,6.494053377537057e-05
45,encoder_self,1,0,The,3,robots,0.9718449711799622
45,encoder_self,1,0,The,4,<EOS>,0.010970757342875004
45,encoder_self,1,1,teacher,0,The,0.17913340032100677
45,encoder_self,1,1,teacher,1,teacher,0.1734480857849121
45,encoder_self,1,1,teacher,2,likes,0.31128737330436707
45,encoder_self,1,1,teacher,3,robots,0.07666049897670746
45,encoder_self,1,1,teacher,4,<EOS>,0.25947070121765137
45,encoder_self,1,2,likes,0,The,0.07622081786394119
45,encoder_self,1,2,likes,1,teacher,0.2864219546318054
45,encoder_self,1,2,likes,2,likes,0.5184164643287659
45,encoder_self,1,2,likes,3,robots,0.035902563482522964
45,encoder_self,1,2,likes,4,<EOS>,0.08303820341825485
45,encoder_self,1,3,robots,0,The,0.06899099051952362
45,encoder_self,1,3,robots,1,teacher,0.28269147872924805
45,encoder_self,1,3,robots,2,likes,0.3270917534828186
45,encoder_self,1,3,robots,3,robots,0.001681378809735179
45,encoder_self,1,3,robots,4,<EOS>,0.3195444941520691
45,encoder_self,1,4,<EOS>,0,The,0.021832723170518875
45,encoder_self,1,4,<EOS>,1,teacher,0.0003569992841221392
45,encoder_self,1,4,<EOS>,2,likes,0.00036068304325453937
45,encoder_self,1,4,<EOS>,3,robots,0.9680256247520447
45,encoder_self,1,4,<EOS>,4,<EOS>,0.009423927403986454
45,decoder_masked,0,0,<SOS>,0,<SOS>,1.0
45,decoder_masked,0,0,<SOS>,1,선생님은,0.0
45,decoder_masked,0,0,<SOS>,2,로봇을,0.0
45,decoder_masked,0,0,<SOS>,3,좋아한다,0.0
45,decoder_masked,0,1,선생님은,0,<SOS>,0.8040464520454407
45,decoder_masked,0,1,선생님은,1,선생님은,0.19595354795455933
45,decoder_masked,0,1,선생님은,2,로봇을,0.0
45,decoder_masked,0,1,선생님은,3,좋아한다,0.0
45,decoder_masked,0,2,로봇을,0,<SOS>,0.2714039385318756
45,decoder_masked,0,2,로봇을,1,선생님은,0.6099085807800293
45,decoder_masked,0,2,로봇을,2,로봇을,0.1186874583363533
45,decoder_masked,0,2,로봇을,3,좋아한다,0.0
45,decoder_masked,0,3,좋아한다,0,<SOS>,0.97480708360672
45,decoder_masked,0,3,좋아한다,1,선생님은,0.007645407225936651
45,decoder_masked,0,3,좋아한다,2,로봇을,0.010730641894042492
45,decoder_masked,0,3,좋아한다,3,좋아한다,0.006816727574914694
45,decoder_masked,1,0,<SOS>,0,<SOS>,1.0
45,decoder_masked,1,0,<SOS>,1,선생님은,0.0
45,decoder_masked,1,0,<SOS>,2,로봇을,0.0
45,decoder_masked,1,0,<SOS>,3,좋아한다,0.0
45,decoder_masked,1,1,선생님은,0,<SOS>,0.8568693399429321
45,decoder_masked,1,1,선생님은,1,선생님은,0.14313064515590668
45,decoder_masked,1,1,선생님은,2,로봇을,0.0
45,decoder_masked,1,1,선생님은,3,좋아한다,0.0
45,decoder_masked,1,2,로봇을,0,<SOS>,0.6083005666732788
45,decoder_masked,1,2,로봇을,1,선생님은,0.2602621614933014
45,decoder_masked,1,2,로봇을,2,로봇을,0.1314372569322586
45,decoder_masked,1,2,로봇을,3,좋아한다,0.0
45,decoder_masked,1,3,좋아한다,0,<SOS>,0.4522058367729187
45,decoder_masked,1,3,좋아한다,1,선생님은,0.0750696063041687
45,decoder_masked,1,3,좋아한다,2,로봇을,0.36807048320770264
45,decoder_masked,1,3,좋아한다,3,좋아한다,0.10465405136346817
45,decoder_cross,0,0,<SOS>,0,The,0.1825810670852661
45,decoder_cross,0,0,<SOS>,1,teacher,0.09959805011749268
45,decoder_cross,0,0,<SOS>,2,likes,0.4409627318382263
45,decoder_cross,0,0,<SOS>,3,robots,0.17850202322006226
45,decoder_cross,0,0,<SOS>,4,<EOS>,0.09835608303546906
45,decoder_cross,0,1,선생님은,0,The,0.23731082677841187
45,decoder_cross,0,1,선생님은,1,teacher,0.15691277384757996
45,decoder_cross,0,1,선생님은,2,likes,0.2425079494714737
45,decoder_cross,0,1,선생님은,3,robots,0.1876372992992401
45,decoder_cross,0,1,선생님은,4,<EOS>,0.1756310760974884
45,decoder_cross,0,2,로봇을,0,The,0.15713447332382202
45,decoder_cross,0,2,로봇을,1,teacher,0.17086447775363922
45,decoder_cross,0,2,로봇을,2,likes,0.2998351454734802
45,decoder_cross,0,2,로봇을,3,robots,0.27168896794319153
45,decoder_cross,0,2,로봇을,4,<EOS>,0.10047703981399536
45,decoder_cross,0,3,좋아한다,0,The,0.2067023515701294
45,decoder_cross,0,3,좋아한다,1,teacher,0.14808711409568787
45,decoder_cross,0,3,좋아한다,2,likes,0.29535937309265137
45,decoder_cross,0,3,좋아한다,3,robots,0.20573687553405762
45,decoder_cross,0,3,좋아한다,4,<EOS>,0.1441141963005066
45,decoder_cross,1,0,<SOS>,0,The,0.17897649109363556
45,decoder_cross,1,0,<SOS>,1,teacher,0.19431345164775848
45,decoder_cross,1,0,<SOS>,2,likes,0.20709586143493652
45,decoder_cross,1,0,<SOS>,3,robots,0.2369859516620636
45,decoder_cross,1,0,<SOS>,4,<EOS>,0.18262819945812225
45,decoder_cross,1,1,선생님은,0,The,0.21623413264751434
45,decoder_cross,1,1,선생님은,1,teacher,0.21630629897117615
45,decoder_cross,1,1,선생님은,2,likes,0.11883033812046051
45,decoder_cross,1,1,선생님은,3,robots,0.24176838994026184
45,decoder_cross,1,1,선생님은,4,<EOS>,0.20686079561710358
45,decoder_cross,1,2,로봇을,0,The,0.20129548013210297
45,decoder_cross,1,2,로봇을,1,teacher,0.18065795302391052
45,decoder_cross,1,2,로봇을,2,likes,0.23921991884708405
45,decoder_cross,1,2,로봇을,3,robots,0.19872663915157318
45,decoder_cross,1,2,로봇을,4,<EOS>,0.1800999939441681
45,decoder_cross,1,3,좋아한다,0,The,0.21233616769313812
45,decoder_cross,1,3,좋아한다,1,teacher,0.21781891584396362
45,decoder_cross,1,3,좋아한다,2,likes,0.14922910928726196
45,decoder_cross,1,3,좋아한다,3,robots,0.20927615463733673
45,decoder_cross,1,3,좋아한다,4,<EOS>,0.21133962273597717
46,encoder_self,0,0,The,0,The,0.3268463909626007
46,encoder_self,0,0,The,1,teacher,0.014538351446390152
46,encoder_self,0,0,The,2,likes,0.006270620506256819
46,encoder_self,0,0,The,3,robots,0.05997496470808983
46,encoder_self,0,0,The,4,<EOS>,0.5923696160316467
46,encoder_self,0,1,teacher,0,The,0.04589793086051941
46,encoder_self,0,1,teacher,1,teacher,0.32123446464538574
46,encoder_self,0,1,teacher,2,likes,0.41565266251564026
46,encoder_self,0,1,teacher,3,robots,0.03977055102586746
46,encoder_self,0,1,teacher,4,<EOS>,0.1774444729089737
46,encoder_self,0,2,likes,0,The,0.12515152990818024
46,encoder_self,0,2,likes,1,teacher,0.3874318301677704
46,encoder_self,0,2,likes,2,likes,0.10492125153541565
46,encoder_self,0,2,likes,3,robots,0.2018248587846756
46,encoder_self,0,2,likes,4,<EOS>,0.18067054450511932
46,encoder_self,0,3,robots,0,The,0.004381401930004358
46,encoder_self,0,3,robots,1,teacher,0.0905737429857254
46,encoder_self,0,3,robots,2,likes,0.6607853770256042
46,encoder_self,0,3,robots,3,robots,0.23285368084907532
46,encoder_self,0,3,robots,4,<EOS>,0.011405843310058117
46,encoder_self,0,4,<EOS>,0,The,0.1430872529745102
46,encoder_self,0,4,<EOS>,1,teacher,0.1379207968711853
46,encoder_self,0,4,<EOS>,2,likes,0.059388451278209686
46,encoder_self,0,4,<EOS>,3,robots,0.11913949251174927
46,encoder_self,0,4,<EOS>,4,<EOS>,0.5404639840126038
46,encoder_self,1,0,The,0,The,0.017372289672493935
46,encoder_self,1,0,The,1,teacher,0.00011860120139317587
46,encoder_self,1,0,The,2,likes,6.177320028655231e-05
46,encoder_self,1,0,The,3,robots,0.9714175462722778
46,encoder_self,1,0,The,4,<EOS>,0.011029821820557117
46,encoder_self,1,1,teacher,0,The,0.17992262542247772
46,encoder_self,1,1,teacher,1,teacher,0.1729913204908371
46,encoder_self,1,1,teacher,2,likes,0.3100402057170868
46,encoder_self,1,1,teacher,3,robots,0.07731080055236816
46,encoder_self,1,1,teacher,4,<EOS>,0.2597350776195526
46,encoder_self,1,2,likes,0,The,0.0750516876578331
46,encoder_self,1,2,likes,1,teacher,0.28595924377441406
46,encoder_self,1,2,likes,2,likes,0.5212891101837158
46,encoder_self,1,2,likes,3,robots,0.03547826409339905
46,encoder_self,1,2,likes,4,<EOS>,0.08222174644470215
46,encoder_self,1,3,robots,0,The,0.0689813569188118
46,encoder_self,1,3,robots,1,teacher,0.2825821042060852
46,encoder_self,1,3,robots,2,likes,0.32749709486961365
46,encoder_self,1,3,robots,3,robots,0.001686110277660191
46,encoder_self,1,3,robots,4,<EOS>,0.3192533552646637
46,encoder_self,1,4,<EOS>,0,The,0.022076064720749855
46,encoder_self,1,4,<EOS>,1,teacher,0.0003483835025690496
46,encoder_self,1,4,<EOS>,2,likes,0.00034542521461844444
46,encoder_self,1,4,<EOS>,3,robots,0.967825710773468
46,encoder_self,1,4,<EOS>,4,<EOS>,0.009404421783983707
46,decoder_masked,0,0,<SOS>,0,<SOS>,1.0
46,decoder_masked,0,0,<SOS>,1,선생님은,0.0
46,decoder_masked,0,0,<SOS>,2,로봇을,0.0
46,decoder_masked,0,0,<SOS>,3,좋아한다,0.0
46,decoder_masked,0,1,선생님은,0,<SOS>,0.8046890497207642
46,decoder_masked,0,1,선생님은,1,선생님은,0.19531099498271942
46,decoder_masked,0,1,선생님은,2,로봇을,0.0
46,decoder_masked,0,1,선생님은,3,좋아한다,0.0
46,decoder_masked,0,2,로봇을,0,<SOS>,0.27368754148483276
46,decoder_masked,0,2,로봇을,1,선생님은,0.6061647534370422
46,decoder_masked,0,2,로봇을,2,로봇을,0.12014768272638321
46,decoder_masked,0,2,로봇을,3,좋아한다,0.0
46,decoder_masked,0,3,좋아한다,0,<SOS>,0.974687933921814
46,decoder_masked,0,3,좋아한다,1,선생님은,0.00760248675942421
46,decoder_masked,0,3,좋아한다,2,로봇을,0.010785555467009544
46,decoder_masked,0,3,좋아한다,3,좋아한다,0.006924159359186888
46,decoder_masked,1,0,<SOS>,0,<SOS>,1.0
46,decoder_masked,1,0,<SOS>,1,선생님은,0.0
46,decoder_masked,1,0,<SOS>,2,로봇을,0.0
46,decoder_masked,1,0,<SOS>,3,좋아한다,0.0
46,decoder_masked,1,1,선생님은,0,<SOS>,0.8561199903488159
46,decoder_masked,1,1,선생님은,1,선생님은,0.14388003945350647
46,decoder_masked,1,1,선생님은,2,로봇을,0.0
46,decoder_masked,1,1,선생님은,3,좋아한다,0.0
46,decoder_masked,1,2,로봇을,0,<SOS>,0.6089118123054504
46,decoder_masked,1,2,로봇을,1,선생님은,0.2597011923789978
46,decoder_masked,1,2,로봇을,2,로봇을,0.1313869208097458
46,decoder_masked,1,2,로봇을,3,좋아한다,0.0
46,decoder_masked,1,3,좋아한다,0,<SOS>,0.4508683681488037
46,decoder_masked,1,3,좋아한다,1,선생님은,0.07544222474098206
46,decoder_masked,1,3,좋아한다,2,로봇을,0.36850881576538086
46,decoder_masked,1,3,좋아한다,3,좋아한다,0.10518056154251099
46,decoder_cross,0,0,<SOS>,0,The,0.18365660309791565
46,decoder_cross,0,0,<SOS>,1,teacher,0.09957576543092728
46,decoder_cross,0,0,<SOS>,2,likes,0.4399019777774811
46,decoder_cross,0,0,<SOS>,3,robots,0.1781785637140274
46,decoder_cross,0,0,<SOS>,4,<EOS>,0.0986870527267456
46,decoder_cross,0,1,선생님은,0,The,0.23817342519760132
46,decoder_cross,0,1,선생님은,1,teacher,0.15620392560958862
46,decoder_cross,0,1,선생님은,2,likes,0.24307303130626678
46,decoder_cross,0,1,선생님은,3,robots,0.1872337907552719
46,decoder_cross,0,1,선생님은,4,<EOS>,0.17531579732894897
46,decoder_cross,0,2,로봇을,0,The,0.1581808179616928
46,decoder_cross,0,2,로봇을,1,teacher,0.1703256070613861
46,decoder_cross,0,2,로봇을,2,likes,0.2997957170009613
46,decoder_cross,0,2,로봇을,3,robots,0.2708969712257385
46,decoder_cross,0,2,로봇을,4,<EOS>,0.10080093145370483
46,decoder_cross,0,3,좋아한다,0,The,0.20748606324195862
46,decoder_cross,0,3,좋아한다,1,teacher,0.14768625795841217
46,decoder_cross,0,3,좋아한다,2,likes,0.2953217923641205
46,decoder_cross,0,3,좋아한다,3,robots,0.20532186329364777
46,decoder_cross,0,3,좋아한다,4,<EOS>,0.14418405294418335
46,decoder_cross,1,0,<SOS>,0,The,0.17897935211658478
46,decoder_cross,1,0,<SOS>,1,teacher,0.1938878297805786
46,decoder_cross,1,0,<SOS>,2,likes,0.20788735151290894
46,decoder_cross,1,0,<SOS>,3,robots,0.23691076040267944
46,decoder_cross,1,0,<SOS>,4,<EOS>,0.18233470618724823
46,decoder_cross,1,1,선생님은,0,The,0.21609607338905334
46,decoder_cross,1,1,선생님은,1,teacher,0.21584193408489227
46,decoder_cross,1,1,선생님은,2,likes,0.11944244056940079
46,decoder_cross,1,1,선생님은,3,robots,0.24242129921913147
46,decoder_cross,1,1,선생님은,4,<EOS>,0.20619821548461914
46,decoder_cross,1,2,로봇을,0,The,0.2011675238609314
46,decoder_cross,1,2,로봇을,1,teacher,0.18034949898719788
46,decoder_cross,1,2,로봇을,2,likes,0.23984278738498688
46,decoder_cross,1,2,로봇을,3,robots,0.1987937092781067
46,decoder_cross,1,2,로봇을,4,<EOS>,0.17984646558761597
46,decoder_cross,1,3,좋아한다,0,The,0.21215131878852844
46,decoder_cross,1,3,좋아한다,1,teacher,0.21743080019950867
46,decoder_cross,1,3,좋아한다,2,likes,0.1499389261007309
46,decoder_cross,1,3,좋아한다,3,robots,0.2096671313047409
46,decoder_cross,1,3,좋아한다,4,<EOS>,0.21081183850765228
47,encoder_self,0,0,The,0,The,0.3266057074069977
47,encoder_self,0,0,The,1,teacher,0.014600177295506
47,encoder_self,0,0,The,2,likes,0.006306787952780724
47,encoder_self,0,0,The,3,robots,0.06009957939386368
47,encoder_self,0,0,The,4,<EOS>,0.5923876762390137
47,encoder_self,0,1,teacher,0,The,0.045648667961359024
47,encoder_self,0,1,teacher,1,teacher,0.3214953541755676
47,encoder_self,0,1,teacher,2,likes,0.4164794385433197
47,encoder_self,0,1,teacher,3,robots,0.0397026427090168
47,encoder_self,0,1,teacher,4,<EOS>,0.17667390406131744
47,encoder_self,0,2,likes,0,The,0.1251547932624817
47,encoder_self,0,2,likes,1,teacher,0.3874126076698303
47,encoder_self,0,2,likes,2,likes,0.10489875823259354
47,encoder_self,0,2,likes,3,robots,0.20183727145195007
47,encoder_self,0,2,likes,4,<EOS>,0.1806965321302414
47,encoder_self,0,3,robots,0,The,0.0043600923381745815
47,encoder_self,0,3,robots,1,teacher,0.09055384248495102
47,encoder_self,0,3,robots,2,likes,0.6612582802772522
47,encoder_self,0,3,robots,3,robots,0.23247182369232178
47,encoder_self,0,3,robots,4,<EOS>,0.01135601568967104
47,encoder_self,0,4,<EOS>,0,The,0.14281423389911652
47,encoder_self,0,4,<EOS>,1,teacher,0.13832087814807892
47,encoder_self,0,4,<EOS>,2,likes,0.05969032645225525
47,encoder_self,0,4,<EOS>,3,robots,0.11917471140623093
47,encoder_self,0,4,<EOS>,4,<EOS>,0.539999783039093
47,encoder_self,1,0,The,0,The,0.017614003270864487
47,encoder_self,1,0,The,1,teacher,0.00011926485603908077
47,encoder_self,1,0,The,2,likes,6.266316631808877e-05
47,encoder_self,1,0,The,3,robots,0.9710073471069336
47,encoder_self,1,0,The,4,<EOS>,0.011196761392056942
47,encoder_self,1,1,teacher,0,The,0.18080632388591766
47,encoder_self,1,1,teacher,1,teacher,0.1723957359790802
47,encoder_self,1,1,teacher,2,likes,0.3088954985141754
47,encoder_self,1,1,teacher,3,robots,0.07837264239788055
47,encoder_self,1,1,teacher,4,<EOS>,0.25952982902526855
47,encoder_self,1,2,likes,0,The,0.0751599594950676
47,encoder_self,1,2,likes,1,teacher,0.2864159643650055
47,encoder_self,1,2,likes,2,likes,0.5204495787620544
47,encoder_self,1,2,likes,3,robots,0.035813819617033005
47,encoder_self,1,2,likes,4,<EOS>,0.08216068893671036
47,encoder_self,1,3,robots,0,The,0.06867752224206924
47,encoder_self,1,3,robots,1,teacher,0.2821952998638153
47,encoder_self,1,3,robots,2,likes,0.3285921812057495
47,encoder_self,1,3,robots,3,robots,0.001658760360442102
47,encoder_self,1,3,robots,4,<EOS>,0.3188762962818146
47,encoder_self,1,4,<EOS>,0,The,0.022123467177152634
47,encoder_self,1,4,<EOS>,1,teacher,0.0003465255431365222
47,encoder_self,1,4,<EOS>,2,likes,0.00034500539186410606
47,encoder_self,1,4,<EOS>,3,robots,0.9677785634994507
47,encoder_self,1,4,<EOS>,4,<EOS>,0.009406480006873608
47,decoder_masked,0,0,<SOS>,0,<SOS>,1.0
47,decoder_masked,0,0,<SOS>,1,선생님은,0.0
47,decoder_masked,0,0,<SOS>,2,로봇을,0.0
47,decoder_masked,0,0,<SOS>,3,좋아한다,0.0
47,decoder_masked,0,1,선생님은,0,<SOS>,0.804516077041626
47,decoder_masked,0,1,선생님은,1,선생님은,0.19548393785953522
47,decoder_masked,0,1,선생님은,2,로봇을,0.0
47,decoder_masked,0,1,선생님은,3,좋아한다,0.0
47,decoder_masked,0,2,로봇을,0,<SOS>,0.2740122377872467
47,decoder_masked,0,2,로봇을,1,선생님은,0.6058486700057983
47,decoder_masked,0,2,로봇을,2,로봇을,0.12013909965753555
47,decoder_masked,0,2,로봇을,3,좋아한다,0.0
47,decoder_masked,0,3,좋아한다,0,<SOS>,0.9744375348091125
47,decoder_masked,0,3,좋아한다,1,선생님은,0.007652755826711655
47,decoder_masked,0,3,좋아한다,2,로봇을,0.010961543768644333
47,decoder_masked,0,3,좋아한다,3,좋아한다,0.006948244757950306
47,decoder_masked,1,0,<SOS>,0,<SOS>,1.0
47,decoder_masked,1,0,<SOS>,1,선생님은,0.0
47,decoder_masked,1,0,<SOS>,2,로봇을,0.0
47,decoder_masked,1,0,<SOS>,3,좋아한다,0.0
47,decoder_masked,1,1,선생님은,0,<SOS>,0.8575078248977661
47,decoder_masked,1,1,선생님은,1,선생님은,0.14249223470687866
47,decoder_masked,1,1,선생님은,2,로봇을,0.0
47,decoder_masked,1,1,선생님은,3,좋아한다,0.0
47,decoder_masked,1,2,로봇을,0,<SOS>,0.6071519255638123
47,decoder_masked,1,2,로봇을,1,선생님은,0.260772168636322
47,decoder_masked,1,2,로봇을,2,로봇을,0.13207584619522095
47,decoder_masked,1,2,로봇을,3,좋아한다,0.0
47,decoder_masked,1,3,좋아한다,0,<SOS>,0.45507797598838806
47,decoder_masked,1,3,좋아한다,1,선생님은,0.07479426264762878
47,decoder_masked,1,3,좋아한다,2,로봇을,0.36552128195762634
47,decoder_masked,1,3,좋아한다,3,좋아한다,0.10460647195577621
47,decoder_cross,0,0,<SOS>,0,The,0.18223664164543152
47,decoder_cross,0,0,<SOS>,1,teacher,0.09963694214820862
47,decoder_cross,0,0,<SOS>,2,likes,0.4412223696708679
47,decoder_cross,0,0,<SOS>,3,robots,0.17879509925842285
47,decoder_cross,0,0,<SOS>,4,<EOS>,0.09810885041952133
47,decoder_cross,0,1,선생님은,0,The,0.23613551259040833
47,decoder_cross,0,1,선생님은,1,teacher,0.15457233786582947
47,decoder_cross,0,1,선생님은,2,likes,0.2490597367286682
47,decoder_cross,0,1,선생님은,3,robots,0.18804173171520233
47,decoder_cross,0,1,선생님은,4,<EOS>,0.17219066619873047
47,decoder_cross,0,2,로봇을,0,The,0.15795497596263885
47,decoder_cross,0,2,로봇을,1,teacher,0.16918610036373138
47,decoder_cross,0,2,로봇을,2,likes,0.3023310899734497
47,decoder_cross,0,2,로봇을,3,robots,0.2701948583126068
47,decoder_cross,0,2,로봇을,4,<EOS>,0.10033298283815384
47,decoder_cross,0,3,좋아한다,0,The,0.20548175275325775
47,decoder_cross,0,3,좋아한다,1,teacher,0.14643119275569916
47,decoder_cross,0,3,좋아한다,2,likes,0.30037766695022583
47,decoder_cross,0,3,좋아한다,3,robots,0.20577886700630188
47,decoder_cross,0,3,좋아한다,4,<EOS>,0.141930490732193
47,decoder_cross,1,0,<SOS>,0,The,0.17816607654094696
47,decoder_cross,1,0,<SOS>,1,teacher,0.19352391362190247
47,decoder_cross,1,0,<SOS>,2,likes,0.21055932343006134
47,decoder_cross,1,0,<SOS>,3,robots,0.23576657474040985
47,decoder_cross,1,0,<SOS>,4,<EOS>,0.18198414146900177
47,decoder_cross,1,1,선생님은,0,The,0.21474623680114746
47,decoder_cross,1,1,선생님은,1,teacher,0.2157660722732544
47,decoder_cross,1,1,선생님은,2,likes,0.12165041267871857
47,decoder_cross,1,1,선생님은,3,robots,0.24206507205963135
47,decoder_cross,1,1,선생님은,4,<EOS>,0.20577220618724823
47,decoder_cross,1,2,로봇을,0,The,0.20054301619529724
47,decoder_cross,1,2,로봇을,1,teacher,0.18010741472244263
47,decoder_cross,1,2,로봇을,2,likes,0.24143093824386597
47,decoder_cross,1,2,로봇을,3,robots,0.19828927516937256
47,decoder_cross,1,2,로봇을,4,<EOS>,0.17962928116321564
47,decoder_cross,1,3,좋아한다,0,The,0.21091939508914948
47,decoder_cross,1,3,좋아한다,1,teacher,0.21710948646068573
47,decoder_cross,1,3,좋아한다,2,likes,0.1524026244878769
47,decoder_cross,1,3,좋아한다,3,robots,0.20927777886390686
47,decoder_cross,1,3,좋아한다,4,<EOS>,0.21029061079025269
48,encoder_self,0,0,The,0,The,0.3268106281757355
48,encoder_self,0,0,The,1,teacher,0.014589333906769753
48,encoder_self,0,0,The,2,likes,0.006305183283984661
48,encoder_self,0,0,The,3,robots,0.06003987416625023
48,encoder_self,0,0,The,4,<EOS>,0.5922550559043884
48,encoder_self,0,1,teacher,0,The,0.0455610454082489
48,encoder_self,0,1,teacher,1,teacher,0.3214295208454132
48,encoder_self,0,1,teacher,2,likes,0.4169701635837555
48,encoder_self,0,1,teacher,3,robots,0.039667051285505295
48,encoder_self,0,1,teacher,4,<EOS>,0.17637225985527039
48,encoder_self,0,2,likes,0,The,0.1251869946718216
48,encoder_self,0,2,likes,1,teacher,0.3873635530471802
48,encoder_self,0,2,likes,2,likes,0.10489945858716965
48,encoder_self,0,2,likes,3,robots,0.20180979371070862
48,encoder_self,0,2,likes,4,<EOS>,0.18074023723602295
48,encoder_self,0,3,robots,0,The,0.00437113968655467
48,encoder_self,0,3,robots,1,teacher,0.0906287431716919
48,encoder_self,0,3,robots,2,likes,0.6607668399810791
48,encoder_self,0,3,robots,3,robots,0.23285236954689026
48,encoder_self,0,3,robots,4,<EOS>,0.011380956508219242
48,encoder_self,0,4,<EOS>,0,The,0.14281241595745087
48,encoder_self,0,4,<EOS>,1,teacher,0.13839754462242126
48,encoder_self,0,4,<EOS>,2,likes,0.059761930257081985
48,encoder_self,0,4,<EOS>,3,robots,0.11917977035045624
48,encoder_self,0,4,<EOS>,4,<EOS>,0.5398483276367188
48,encoder_self,1,0,The,0,The,0.017769187688827515
48,encoder_self,1,0,The,1,teacher,0.00011914056085515767
48,encoder_self,1,0,The,2,likes,6.265042611630633e-05
48,encoder_self,1,0,The,3,robots,0.9708172082901001
48,encoder_self,1,0,The,4,<EOS>,0.011231869459152222
48,encoder_self,1,1,teacher,0,The,0.18079374730587006
48,encoder_self,1,1,teacher,1,teacher,0.17236104607582092
48,encoder_self,1,1,teacher,2,likes,0.3087560832500458
48,encoder_self,1,1,teacher,3,robots,0.07852095365524292
48,encoder_self,1,1,teacher,4,<EOS>,0.2595681846141815
48,encoder_self,1,2,likes,0,The,0.07494387030601501
48,encoder_self,1,2,likes,1,teacher,0.2865951657295227
48,encoder_self,1,2,likes,2,likes,0.5206085443496704
48,encoder_self,1,2,likes,3,robots,0.03576977923512459
48,encoder_self,1,2,likes,4,<EOS>,0.08208271861076355
48,encoder_self,1,3,robots,0,The,0.06859426200389862
48,encoder_self,1,3,robots,1,teacher,0.2822534143924713
48,encoder_self,1,3,robots,2,likes,0.3287118375301361
48,encoder_self,1,3,robots,3,robots,0.0016592061147093773
48,encoder_self,1,3,robots,4,<EOS>,0.3187812268733978
48,encoder_self,1,4,<EOS>,0,The,0.0222113449126482
48,encoder_self,1,4,<EOS>,1,teacher,0.0003454299585428089
48,encoder_self,1,4,<EOS>,2,likes,0.00034401073935441673
48,encoder_self,1,4,<EOS>,3,robots,0.9676914215087891
48,encoder_self,1,4,<EOS>,4,<EOS>,0.009407763369381428
48,decoder_masked,0,0,<SOS>,0,<SOS>,1.0
48,decoder_masked,0,0,<SOS>,1,선생님은,0.0
48,decoder_masked,0,0,<SOS>,2,로봇을,0.0
48,decoder_masked,0,0,<SOS>,3,좋아한다,0.0
48,decoder_masked,0,1,선생님은,0,<SOS>,0.8067407608032227
48,decoder_masked,0,1,선생님은,1,선생님은,0.19325923919677734
48,decoder_masked,0,1,선생님은,2,로봇을,0.0
48,decoder_masked,0,1,선생님은,3,좋아한다,0.0
48,decoder_masked,0,2,로봇을,0,<SOS>,0.2631448805332184
48,decoder_masked,0,2,로봇을,1,선생님은,0.6130863428115845
48,decoder_masked,0,2,로봇을,2,로봇을,0.12376879900693893
48,decoder_masked,0,2,로봇을,3,좋아한다,0.0
48,decoder_masked,0,3,좋아한다,0,<SOS>,0.9731593132019043
48,decoder_masked,0,3,좋아한다,1,선생님은,0.007775209378451109
48,decoder_masked,0,3,좋아한다,2,로봇을,0.011609818786382675
48,decoder_masked,0,3,좋아한다,3,좋아한다,0.007455687969923019
48,decoder_masked,1,0,<SOS>,0,<SOS>,1.0
48,decoder_masked,1,0,<SOS>,1,선생님은,0.0
48,decoder_masked,1,0,<SOS>,2,로봇을,0.0
48,decoder_masked,1,0,<SOS>,3,좋아한다,0.0
48,decoder_masked,1,1,선생님은,0,<SOS>,0.8574034571647644
48,decoder_masked,1,1,선생님은,1,선생님은,0.1425965428352356
48,decoder_masked,1,1,선생님은,2,로봇을,0.0
48,decoder_masked,1,1,선생님은,3,좋아한다,0.0
48,decoder_masked,1,2,로봇을,0,<SOS>,0.6062218546867371
48,decoder_masked,1,2,로봇을,1,선생님은,0.2611473500728607
48,decoder_masked,1,2,로봇을,2,로봇을,0.13263073563575745
48,decoder_masked,1,2,로봇을,3,좋아한다,0.0
48,decoder_masked,1,3,좋아한다,0,<SOS>,0.4583958387374878
48,decoder_masked,1,3,좋아한다,1,선생님은,0.07418307662010193
48,decoder_masked,1,3,좋아한다,2,로봇을,0.36352744698524475
48,decoder_masked,1,3,좋아한다,3,좋아한다,0.10389368236064911
48,decoder_cross,0,0,<SOS>,0,The,0.1828644722700119
48,decoder_cross,0,0,<SOS>,1,teacher,0.09971285611391068
48,decoder_cross,0,0,<SOS>,2,likes,0.44061166048049927
48,decoder_cross,0,0,<SOS>,3,robots,0.17858582735061646
48,decoder_cross,0,0,<SOS>,4,<EOS>,0.09822526574134827
48,decoder_cross,0,1,선생님은,0,The,0.2360449731349945
48,decoder_cross,0,1,선생님은,1,teacher,0.15504904091358185
48,decoder_cross,0,1,선생님은,2,likes,0.2482917457818985
48,decoder_cross,0,1,선생님은,3,robots,0.18834057450294495
48,decoder_cross,0,1,선생님은,4,<EOS>,0.17227362096309662
48,decoder_cross,0,2,로봇을,0,The,0.15852151811122894
48,decoder_cross,0,2,로봇을,1,teacher,0.1694115251302719
48,decoder_cross,0,2,로봇을,2,likes,0.30147579312324524
48,decoder_cross,0,2,로봇을,3,robots,0.2699553966522217
48,decoder_cross,0,2,로봇을,4,<EOS>,0.100635826587677
48,decoder_cross,0,3,좋아한다,0,The,0.20601828396320343
48,decoder_cross,0,3,좋아한다,1,teacher,0.14671708643436432
48,decoder_cross,0,3,좋아한다,2,likes,0.2993083596229553
48,decoder_cross,0,3,좋아한다,3,robots,0.2057318240404129
48,decoder_cross,0,3,좋아한다,4,<EOS>,0.14222444593906403
48,decoder_cross,1,0,<SOS>,0,The,0.178425133228302
48,decoder_cross,1,0,<SOS>,1,teacher,0.1936652660369873
48,decoder_cross,1,0,<SOS>,2,likes,0.2096913605928421
48,decoder_cross,1,0,<SOS>,3,robots,0.23610320687294006
48,decoder_cross,1,0,<SOS>,4,<EOS>,0.18211500346660614
48,decoder_cross,1,1,선생님은,0,The,0.2149987369775772
48,decoder_cross,1,1,선생님은,1,teacher,0.21565841138362885
48,decoder_cross,1,1,선생님은,2,likes,0.1215134710073471
48,decoder_cross,1,1,선생님은,3,robots,0.24208110570907593
48,decoder_cross,1,1,선생님은,4,<EOS>,0.20574820041656494
48,decoder_cross,1,2,로봇을,0,The,0.20098049938678741
48,decoder_cross,1,2,로봇을,1,teacher,0.1802009493112564
48,decoder_cross,1,2,로봇을,2,likes,0.2406013309955597
48,decoder_cross,1,2,로봇을,3,robots,0.19842807948589325
48,decoder_cross,1,2,로봇을,4,<EOS>,0.17978908121585846
48,decoder_cross,1,3,좋아한다,0,The,0.2112579196691513
48,decoder_cross,1,3,좋아한다,1,teacher,0.21716634929180145
48,decoder_cross,1,3,좋아한다,2,likes,0.1515899896621704
48,decoder_cross,1,3,좋아한다,3,robots,0.20966124534606934
48,decoder_cross,1,3,좋아한다,4,<EOS>,0.21032452583312988
49,encoder_self,0,0,The,0,The,0.3246136009693146
49,encoder_self,0,0,The,1,teacher,0.014660307206213474
49,encoder_self,0,0,The,2,likes,0.006365891080349684
49,encoder_self,0,0,The,3,robots,0.06045207381248474
49,encoder_self,0,0,The,4,<EOS>,0.5939081311225891
49,encoder_self,0,1,teacher,0,The,0.04616208001971245
49,encoder_self,0,1,teacher,1,teacher,0.32138320803642273
49,encoder_self,0,1,teacher,2,likes,0.4142589569091797
49,encoder_self,0,1,teacher,3,robots,0.03961358591914177
49,encoder_self,0,1,teacher,4,<EOS>,0.17858214676380157
49,encoder_self,0,2,likes,0,The,0.12559950351715088
49,encoder_self,0,2,likes,1,teacher,0.3872414827346802
49,encoder_self,0,2,likes,2,likes,0.10459546744823456
49,encoder_self,0,2,likes,3,robots,0.20158657431602478
49,encoder_self,0,2,likes,4,<EOS>,0.18097694218158722
49,encoder_self,0,3,robots,0,The,0.004363442771136761
49,encoder_self,0,3,robots,1,teacher,0.09048330783843994
49,encoder_self,0,3,robots,2,likes,0.6610535979270935
49,encoder_self,0,3,robots,3,robots,0.2327178716659546
49,encoder_self,0,3,robots,4,<EOS>,0.011381748132407665
49,encoder_self,0,4,<EOS>,0,The,0.14230673015117645
49,encoder_self,0,4,<EOS>,1,teacher,0.13812416791915894
49,encoder_self,0,4,<EOS>,2,likes,0.05966895446181297
49,encoder_self,0,4,<EOS>,3,robots,0.11896534264087677
49,encoder_self,0,4,<EOS>,4,<EOS>,0.5409348011016846
49,encoder_self,1,0,The,0,The,0.017950672656297684
49,encoder_self,1,0,The,1,teacher,0.00011932459165109321
49,encoder_self,1,0,The,2,likes,6.286751886364073e-05
49,encoder_self,1,0,The,3,robots,0.9705287218093872
49,encoder_self,1,0,The,4,<EOS>,0.011338447220623493
49,encoder_self,1,1,teacher,0,The,0.18045037984848022
49,encoder_self,1,1,teacher,1,teacher,0.17245246469974518
49,encoder_self,1,1,teacher,2,likes,0.309424489736557
49,encoder_self,1,1,teacher,3,robots,0.07831417769193649
49,encoder_self,1,1,teacher,4,<EOS>,0.25935840606689453
49,encoder_self,1,2,likes,0,The,0.07475155591964722
49,encoder_self,1,2,likes,1,teacher,0.28669753670692444
49,encoder_self,1,2,likes,2,likes,0.5208824872970581
49,encoder_self,1,2,likes,3,robots,0.03576038405299187
49,encoder_self,1,2,likes,4,<EOS>,0.0819079726934433
49,encoder_self,1,3,robots,0,The,0.06841295957565308
49,encoder_self,1,3,robots,1,teacher,0.28228533267974854
49,encoder_self,1,3,robots,2,likes,0.32922402024269104
49,encoder_self,1,3,robots,3,robots,0.0016558788483962417
49,encoder_self,1,3,robots,4,<EOS>,0.31842169165611267
49,encoder_self,1,4,<EOS>,0,The,0.02236301638185978
49,encoder_self,1,4,<EOS>,1,teacher,0.00034591229632496834
49,encoder_self,1,4,<EOS>,2,likes,0.00034510009572841227
49,encoder_self,1,4,<EOS>,3,robots,0.9674821496009827
49,encoder_self,1,4,<EOS>,4,<EOS>,0.009463817812502384
49,decoder_masked,0,0,<SOS>,0,<SOS>,1.0
49,decoder_masked,0,0,<SOS>,1,선생님은,0.0
49,decoder_masked,0,0,<SOS>,2,로봇을,0.0
49,decoder_masked,0,0,<SOS>,3,좋아한다,0.0
49,decoder_masked,0,1,선생님은,0,<SOS>,0.8418609499931335
49,decoder_masked,0,1,선생님은,1,선생님은,0.15813907980918884
49,decoder_masked,0,1,선생님은,2,로봇을,0.0
49,decoder_masked,0,1,선생님은,3,좋아한다,0.0
49,decoder_masked,0,2,로봇을,0,<SOS>,0.2612241804599762
49,decoder_masked,0,2,로봇을,1,선생님은,0.61505526304245
49,decoder_masked,0,2,로봇을,2,로봇을,0.12372058629989624
49,decoder_masked,0,2,로봇을,3,좋아한다,0.0
49,decoder_masked,0,3,좋아한다,0,<SOS>,0.9760204553604126
49,decoder_masked,0,3,좋아한다,1,선생님은,0.006775211542844772
49,decoder_masked,0,3,좋아한다,2,로봇을,0.010670005343854427
49,decoder_masked,0,3,좋아한다,3,좋아한다,0.006534260232001543
49,decoder_masked,1,0,<SOS>,0,<SOS>,1.0
49,decoder_masked,1,0,<SOS>,1,선생님은,0.0
49,decoder_masked,1,0,<SOS>,2,로봇을,0.0
49,decoder_masked,1,0,<SOS>,3,좋아한다,0.0
49,decoder_masked,1,1,선생님은,0,<SOS>,0.861129879951477
49,decoder_masked,1,1,선생님은,1,선생님은,0.13887012004852295
49,decoder_masked,1,1,선생님은,2,로봇을,0.0
49,decoder_masked,1,1,선생님은,3,좋아한다,0.0
49,decoder_masked,1,2,로봇을,0,<SOS>,0.5958335399627686
49,decoder_masked,1,2,로봇을,1,선생님은,0.26919838786125183
49,decoder_masked,1,2,로봇을,2,로봇을,0.1349681168794632
49,decoder_masked,1,2,로봇을,3,좋아한다,0.0
49,decoder_masked,1,3,좋아한다,0,<SOS>,0.475568562746048
49,decoder_masked,1,3,좋아한다,1,선생님은,0.07117444276809692
49,decoder_masked,1,3,좋아한다,2,로봇을,0.35334840416908264
49,decoder_masked,1,3,좋아한다,3,좋아한다,0.09990866482257843
49,decoder_cross,0,0,<SOS>,0,The,0.18123096227645874
49,decoder_cross,0,0,<SOS>,1,teacher,0.10040523111820221
49,decoder_cross,0,0,<SOS>,2,likes,0.4403054118156433
49,decoder_cross,0,0,<SOS>,3,robots,0.18012550473213196
49,decoder_cross,0,0,<SOS>,4,<EOS>,0.09793295711278915
49,decoder_cross,0,1,선생님은,0,The,0.23096755146980286
49,decoder_cross,0,1,선생님은,1,teacher,0.1548139750957489
49,decoder_cross,0,1,선생님은,2,likes,0.25510892271995544
49,decoder_cross,0,1,선생님은,3,robots,0.19176119565963745
49,decoder_cross,0,1,선생님은,4,<EOS>,0.16734834015369415
49,decoder_cross,0,2,로봇을,0,The,0.1581171751022339
49,decoder_cross,0,2,로봇을,1,teacher,0.1692022979259491
49,decoder_cross,0,2,로봇을,2,likes,0.30198076367378235
49,decoder_cross,0,2,로봇을,3,robots,0.2703212797641754
49,decoder_cross,0,2,로봇을,4,<EOS>,0.10037855803966522
49,decoder_cross,0,3,좋아한다,0,The,0.202571302652359
49,decoder_cross,0,3,좋아한다,1,teacher,0.1460968405008316
49,decoder_cross,0,3,좋아한다,2,likes,0.30448418855667114
49,decoder_cross,0,3,좋아한다,3,robots,0.20763902366161346
49,decoder_cross,0,3,좋아한다,4,<EOS>,0.13920855522155762
49,decoder_cross,1,0,<SOS>,0,The,0.17784641683101654
49,decoder_cross,1,0,<SOS>,1,teacher,0.19351708889007568
49,decoder_cross,1,0,<SOS>,2,likes,0.21158795058727264
49,decoder_cross,1,0,<SOS>,3,robots,0.23505836725234985
49,decoder_cross,1,0,<SOS>,4,<EOS>,0.1819901168346405
49,decoder_cross,1,1,선생님은,0,The,0.21295277774333954
49,decoder_cross,1,1,선생님은,1,teacher,0.21572506427764893
49,decoder_cross,1,1,선생님은,2,likes,0.12430137395858765
49,decoder_cross,1,1,선생님은,3,robots,0.24202483892440796
49,decoder_cross,1,1,선생님은,4,<EOS>,0.20499597489833832
49,decoder_cross,1,2,로봇을,0,The,0.20057493448257446
49,decoder_cross,1,2,로봇을,1,teacher,0.1802273392677307
49,decoder_cross,1,2,로봇을,2,likes,0.2412061095237732
49,decoder_cross,1,2,로봇을,3,robots,0.1983044445514679
49,decoder_cross,1,2,로봇을,4,<EOS>,0.1796872466802597
49,decoder_cross,1,3,좋아한다,0,The,0.20990674197673798
49,decoder_cross,1,3,좋아한다,1,teacher,0.21716246008872986
49,decoder_cross,1,3,좋아한다,2,likes,0.1534757763147354
49,decoder_cross,1,3,좋아한다,3,robots,0.20964086055755615
49,decoder_cross,1,3,좋아한다,4,<EOS>,0.20981411635875702
50,encoder_self,0,0,The,0,The,0.32466962933540344
50,encoder_self,0,0,The,1,teacher,0.014630322344601154
50,encoder_self,0,0,The,2,likes,0.006372513249516487
50,encoder_self,0,0,The,3,robots,0.06071313098073006
50,encoder_self,0,0,The,4,<EOS>,0.5936143398284912
50,encoder_self,0,1,teacher,0,The,0.04605770856142044
50,encoder_self,0,1,teacher,1,teacher,0.3210962116718292
50,encoder_self,0,1,teacher,2,likes,0.4148823320865631
50,encoder_self,0,1,teacher,3,robots,0.03989631310105324
50,encoder_self,0,1,teacher,4,<EOS>,0.1780674308538437
50,encoder_self,0,2,likes,0,The,0.12480207532644272
50,encoder_self,0,2,likes,1,teacher,0.38807666301727295
50,encoder_self,0,2,likes,2,likes,0.10473093390464783
50,encoder_self,0,2,likes,3,robots,0.2024330198764801
50,encoder_self,0,2,likes,4,<EOS>,0.179957315325737
50,encoder_self,0,3,robots,0,The,0.004312010481953621
50,encoder_self,0,3,robots,1,teacher,0.09007597714662552
50,encoder_self,0,3,robots,2,likes,0.6613994836807251
50,encoder_self,0,3,robots,3,robots,0.23295964300632477
50,encoder_self,0,3,robots,4,<EOS>,0.01125283818691969
50,encoder_self,0,4,<EOS>,0,The,0.1422572284936905
50,encoder_self,0,4,<EOS>,1,teacher,0.13791757822036743
50,encoder_self,0,4,<EOS>,2,likes,0.0597730427980423
50,encoder_self,0,4,<EOS>,3,robots,0.11985112726688385
50,encoder_self,0,4,<EOS>,4,<EOS>,0.54020094871521
50,encoder_self,1,0,The,0,The,0.017649464309215546
50,encoder_self,1,0,The,1,teacher,0.00012032903032377362
50,encoder_self,1,0,The,2,likes,6.589401891687885e-05
50,encoder_self,1,0,The,3,robots,0.9709590077400208
50,encoder_self,1,0,The,4,<EOS>,0.01120531652122736
50,encoder_self,1,1,teacher,0,The,0.18162836134433746
50,encoder_self,1,1,teacher,1,teacher,0.17242391407489777
50,encoder_self,1,1,teacher,2,likes,0.3068438768386841
50,encoder_self,1,1,teacher,3,robots,0.07859864830970764
50,encoder_self,1,1,teacher,4,<EOS>,0.2605052590370178
50,encoder_self,1,2,likes,0,The,0.07634609192609787
50,encoder_self,1,2,likes,1,teacher,0.2887842059135437
50,encoder_self,1,2,likes,2,likes,0.5152602195739746
50,encoder_self,1,2,likes,3,robots,0.036288850009441376
50,encoder_self,1,2,likes,4,<EOS>,0.08332061767578125
50,encoder_self,1,3,robots,0,The,0.06864111125469208
50,encoder_self,1,3,robots,1,teacher,0.2826191484928131
50,encoder_self,1,3,robots,2,likes,0.3276366889476776
50,encoder_self,1,3,robots,3,robots,0.0016490339767187834
50,encoder_self,1,3,robots,4,<EOS>,0.31945404410362244
50,encoder_self,1,4,<EOS>,0,The,0.022142348811030388
50,encoder_self,1,4,<EOS>,1,teacher,0.0003465079644229263
50,encoder_self,1,4,<EOS>,2,likes,0.0003523231716826558
50,encoder_self,1,4,<EOS>,3,robots,0.9677700996398926
50,encoder_self,1,4,<EOS>,4,<EOS>,0.009388643316924572
50,decoder_masked,0,0,<SOS>,0,<SOS>,1.0
50,decoder_masked,0,0,<SOS>,1,선생님은,0.0
50,decoder_masked,0,0,<SOS>,2,로봇을,0.0
50,decoder_masked,0,0,<SOS>,3,좋아한다,0.0
50,decoder_masked,0,1,선생님은,0,<SOS>,0.8410760164260864
50,decoder_masked,0,1,선생님은,1,선생님은,0.1589239537715912
50,decoder_masked,0,1,선생님은,2,로봇을,0.0
50,decoder_masked,0,1,선생님은,3,좋아한다,0.0
50,decoder_masked,0,2,로봇을,0,<SOS>,0.2549612522125244
50,decoder_masked,0,2,로봇을,1,선생님은,0.6160760521888733
50,decoder_masked,0,2,로봇을,2,로봇을,0.12896272540092468
50,decoder_masked,0,2,로봇을,3,좋아한다,0.0
50,decoder_masked,0,3,좋아한다,0,<SOS>,0.975503146648407
50,decoder_masked,0,3,좋아한다,1,선생님은,0.006892231293022633
50,decoder_masked,0,3,좋아한다,2,로봇을,0.01092385035008192
50,decoder_masked,0,3,좋아한다,3,좋아한다,0.006680857855826616
50,decoder_masked,1,0,<SOS>,0,<SOS>,1.0
50,decoder_masked,1,0,<SOS>,1,선생님은,0.0
50,decoder_masked,1,0,<SOS>,2,로봇을,0.0
50,decoder_masked,1,0,<SOS>,3,좋아한다,0.0
50,decoder_masked,1,1,선생님은,0,<SOS>,0.86061030626297
50,decoder_masked,1,1,선생님은,1,선생님은,0.13938963413238525
50,decoder_masked,1,1,선생님은,2,로봇을,0.0
50,decoder_masked,1,1,선생님은,3,좋아한다,0.0
50,decoder_masked,1,2,로봇을,0,<SOS>,0.6266832947731018
50,decoder_masked,1,2,로봇을,1,선생님은,0.2519165277481079
50,decoder_masked,1,2,로봇을,2,로봇을,0.12140017747879028
50,decoder_masked,1,2,로봇을,3,좋아한다,0.0
50,decoder_masked,1,3,좋아한다,0,<SOS>,0.4632578194141388
50,decoder_masked,1,3,좋아한다,1,선생님은,0.0703391581773758
50,decoder_masked,1,3,좋아한다,2,로봇을,0.36486443877220154
50,decoder_masked,1,3,좋아한다,3,좋아한다,0.10153855383396149
50,decoder_cross,0,0,<SOS>,0,The,0.17914387583732605
50,decoder_cross,0,0,<SOS>,1,teacher,0.09975093603134155
50,decoder_cross,0,0,<SOS>,2,likes,0.4442579746246338
50,decoder_cross,0,0,<SOS>,3,robots,0.18024477362632751
50,decoder_cross,0,0,<SOS>,4,<EOS>,0.09660238772630692
50,decoder_cross,0,1,선생님은,0,The,0.22964797914028168
50,decoder_cross,0,1,선생님은,1,teacher,0.15418194234371185
50,decoder_cross,0,1,선생님은,2,likes,0.25788941979408264
50,decoder_cross,0,1,선생님은,3,robots,0.1924884170293808
50,decoder_cross,0,1,선생님은,4,<EOS>,0.1657923012971878
50,decoder_cross,0,2,로봇을,0,The,0.15510721504688263
50,decoder_cross,0,2,로봇을,1,teacher,0.16821974515914917
50,decoder_cross,0,2,로봇을,2,likes,0.30638474225997925
50,decoder_cross,0,2,로봇을,3,robots,0.2721484303474426
50,decoder_cross,0,2,로봇을,4,<EOS>,0.09813988208770752
50,decoder_cross,0,3,좋아한다,0,The,0.20167261362075806
50,decoder_cross,0,3,좋아한다,1,teacher,0.14557184278964996
50,decoder_cross,0,3,좋아한다,2,likes,0.30649247765541077
50,decoder_cross,0,3,좋아한다,3,robots,0.20784254372119904
50,decoder_cross,0,3,좋아한다,4,<EOS>,0.13842050731182098
50,decoder_cross,1,0,<SOS>,0,The,0.1774008870124817
50,decoder_cross,1,0,<SOS>,1,teacher,0.19335192441940308
50,decoder_cross,1,0,<SOS>,2,likes,0.21286419034004211
50,decoder_cross,1,0,<SOS>,3,robots,0.23462019860744476
50,decoder_cross,1,0,<SOS>,4,<EOS>,0.18176276981830597
50,decoder_cross,1,1,선생님은,0,The,0.21295027434825897
50,decoder_cross,1,1,선생님은,1,teacher,0.21583089232444763
50,decoder_cross,1,1,선생님은,2,likes,0.12446756660938263
50,decoder_cross,1,1,선생님은,3,robots,0.24133966863155365
50,decoder_cross,1,1,선생님은,4,<EOS>,0.20541155338287354
50,decoder_cross,1,2,로봇을,0,The,0.2001166194677353
50,decoder_cross,1,2,로봇을,1,teacher,0.18020208179950714
50,decoder_cross,1,2,로봇을,2,likes,0.24251723289489746
50,decoder_cross,1,2,로봇을,3,robots,0.19758348166942596
50,decoder_cross,1,2,로봇을,4,<EOS>,0.17958064377307892
50,decoder_cross,1,3,좋아한다,0,The,0.2097572237253189
50,decoder_cross,1,3,좋아한다,1,teacher,0.21692173182964325
50,decoder_cross,1,3,좋아한다,2,likes,0.15463323891162872
50,decoder_cross,1,3,좋아한다,3,robots,0.20875628292560577
50,decoder_cross,1,3,좋아한다,4,<EOS>,0.20993155241012573
51,encoder_self,0,0,The,0,The,0.3245070278644562
51,encoder_self,0,0,The,1,teacher,0.014616139233112335
51,encoder_self,0,0,The,2,likes,0.006383371073752642
51,encoder_self,0,0,The,3,robots,0.06059277057647705
51,encoder_self,0,0,The,4,<EOS>,0.5939006805419922
51,encoder_self,0,1,teacher,0,The,0.045375972986221313
51,encoder_self,0,1,teacher,1,teacher,0.31983861327171326
51,encoder_self,0,1,teacher,2,likes,0.4193256199359894
51,encoder_self,0,1,teacher,3,robots,0.04010162502527237
51,encoder_self,0,1,teacher,4,<EOS>,0.17535820603370667
51,encoder_self,0,2,likes,0,The,0.12528246641159058
51,encoder_self,0,2,likes,1,teacher,0.3874601721763611
51,encoder_self,0,2,likes,2,likes,0.10459499061107635
51,encoder_self,0,2,likes,3,robots,0.20227056741714478
51,encoder_self,0,2,likes,4,<EOS>,0.1803918182849884
51,encoder_self,0,3,robots,0,The,0.00424922676756978
51,encoder_self,0,3,robots,1,teacher,0.08951907604932785
51,encoder_self,0,3,robots,2,likes,0.6625666618347168
51,encoder_self,0,3,robots,3,robots,0.23257195949554443
51,encoder_self,0,3,robots,4,<EOS>,0.01109304092824459
51,encoder_self,0,4,<EOS>,0,The,0.14203953742980957
51,encoder_self,0,4,<EOS>,1,teacher,0.13798637688159943
51,encoder_self,0,4,<EOS>,2,likes,0.06030866876244545
51,encoder_self,0,4,<EOS>,3,robots,0.12030299752950668
51,encoder_self,0,4,<EOS>,4,<EOS>,0.539362370967865
51,encoder_self,1,0,The,0,The,0.017011350020766258
51,encoder_self,1,0,The,1,teacher,0.00011769215052481741
51,encoder_self,1,0,The,2,likes,7.014274160610512e-05
51,encoder_self,1,0,The,3,robots,0.9719595909118652
51,encoder_self,1,0,The,4,<EOS>,0.01084119826555252
51,encoder_self,1,1,teacher,0,The,0.18294069170951843
51,encoder_self,1,1,teacher,1,teacher,0.1730511337518692
51,encoder_self,1,1,teacher,2,likes,0.3033868074417114
51,encoder_self,1,1,teacher,3,robots,0.07848649471998215
51,encoder_self,1,1,teacher,4,<EOS>,0.2621349096298218
51,encoder_self,1,2,likes,0,The,0.07824286818504333
51,encoder_self,1,2,likes,1,teacher,0.294153094291687
51,encoder_self,1,2,likes,2,likes,0.5059313774108887
51,encoder_self,1,2,likes,3,robots,0.03636264428496361
51,encoder_self,1,2,likes,4,<EOS>,0.08531004190444946
51,encoder_self,1,3,robots,0,The,0.06922613829374313
51,encoder_self,1,3,robots,1,teacher,0.28341469168663025
51,encoder_self,1,3,robots,2,likes,0.3238968849182129
51,encoder_self,1,3,robots,3,robots,0.0016432189149782062
51,encoder_self,1,3,robots,4,<EOS>,0.3218190371990204
51,encoder_self,1,4,<EOS>,0,The,0.02170652337372303
51,encoder_self,1,4,<EOS>,1,teacher,0.0003424948954489082
51,encoder_self,1,4,<EOS>,2,likes,0.00036423344863578677
51,encoder_self,1,4,<EOS>,3,robots,0.9683647751808167
51,encoder_self,1,4,<EOS>,4,<EOS>,0.009222042746841908
51,decoder_masked,0,0,<SOS>,0,<SOS>,1.0
51,decoder_masked,0,0,<SOS>,1,선생님은,0.0
51,decoder_masked,0,0,<SOS>,2,로봇을,0.0
51,decoder_masked,0,0,<SOS>,3,좋아한다,0.0
51,decoder_masked,0,1,선생님은,0,<SOS>,0.8395732641220093
51,decoder_masked,0,1,선생님은,1,선생님은,0.1604267656803131
51,decoder_masked,0,1,선생님은,2,로봇을,0.0
51,decoder_masked,0,1,선생님은,3,좋아한다,0.0
51,decoder_masked,0,2,로봇을,0,<SOS>,0.2565176784992218
51,decoder_masked,0,2,로봇을,1,선생님은,0.6142033338546753
51,decoder_masked,0,2,로봇을,2,로봇을,0.1292789727449417
51,decoder_masked,0,2,로봇을,3,좋아한다,0.0
51,decoder_masked,0,3,좋아한다,0,<SOS>,0.9751796126365662
51,decoder_masked,0,3,좋아한다,1,선생님은,0.006983205676078796
51,decoder_masked,0,3,좋아한다,2,로봇을,0.011060992255806923
51,decoder_masked,0,3,좋아한다,3,좋아한다,0.006776182446628809
51,decoder_masked,1,0,<SOS>,0,<SOS>,1.0
51,decoder_masked,1,0,<SOS>,1,선생님은,0.0
51,decoder_masked,1,0,<SOS>,2,로봇을,0.0
51,decoder_masked,1,0,<SOS>,3,좋아한다,0.0
51,decoder_masked,1,1,선생님은,0,<SOS>,0.8604662418365479
51,decoder_masked,1,1,선생님은,1,선생님은,0.13953374326229095
51,decoder_masked,1,1,선생님은,2,로봇을,0.0
51,decoder_masked,1,1,선생님은,3,좋아한다,0.0
51,decoder_masked,1,2,로봇을,0,<SOS>,0.6272699236869812
51,decoder_masked,1,2,로봇을,1,선생님은,0.25134220719337463
51,decoder_masked,1,2,로봇을,2,로봇을,0.12138789892196655
51,decoder_masked,1,2,로봇을,3,좋아한다,0.0
51,decoder_masked,1,3,좋아한다,0,<SOS>,0.4625655710697174
51,decoder_masked,1,3,좋아한다,1,선생님은,0.07068207859992981
51,decoder_masked,1,3,좋아한다,2,로봇을,0.3646100163459778
51,decoder_masked,1,3,좋아한다,3,좋아한다,0.10214236378669739
51,decoder_cross,0,0,<SOS>,0,The,0.17601697146892548
51,decoder_cross,0,0,<SOS>,1,teacher,0.09870477020740509
51,decoder_cross,0,0,<SOS>,2,likes,0.45056620240211487
51,decoder_cross,0,0,<SOS>,3,robots,0.18004809319972992
51,decoder_cross,0,0,<SOS>,4,<EOS>,0.09466396272182465
51,decoder_cross,0,1,선생님은,0,The,0.22860518097877502
51,decoder_cross,0,1,선생님은,1,teacher,0.15439900755882263
51,decoder_cross,0,1,선생님은,2,likes,0.2584853768348694
51,decoder_cross,0,1,선생님은,3,robots,0.1928914487361908
51,decoder_cross,0,1,선생님은,4,<EOS>,0.16561904549598694
51,decoder_cross,0,2,로봇을,0,The,0.15332354605197906
51,decoder_cross,0,2,로봇을,1,teacher,0.16828277707099915
51,decoder_cross,0,2,로봇을,2,likes,0.30830147862434387
51,decoder_cross,0,2,로봇을,3,robots,0.27300480008125305
51,decoder_cross,0,2,로봇을,4,<EOS>,0.09708746522665024
51,decoder_cross,0,3,좋아한다,0,The,0.20053118467330933
51,decoder_cross,0,3,좋아한다,1,teacher,0.14594662189483643
51,decoder_cross,0,3,좋아한다,2,likes,0.306983083486557
51,decoder_cross,0,3,좋아한다,3,robots,0.2082868069410324
51,decoder_cross,0,3,좋아한다,4,<EOS>,0.13825225830078125
51,decoder_cross,1,0,<SOS>,0,The,0.1771065592765808
51,decoder_cross,1,0,<SOS>,1,teacher,0.19335950911045074
51,decoder_cross,1,0,<SOS>,2,likes,0.21352308988571167
51,decoder_cross,1,0,<SOS>,3,robots,0.2343735545873642
51,decoder_cross,1,0,<SOS>,4,<EOS>,0.18163727223873138
51,decoder_cross,1,1,선생님은,0,The,0.2133106291294098
51,decoder_cross,1,1,선생님은,1,teacher,0.21624109148979187
51,decoder_cross,1,1,선생님은,2,likes,0.12391343712806702
51,decoder_cross,1,1,선생님은,3,robots,0.24050824344158173
51,decoder_cross,1,1,선생님은,4,<EOS>,0.20602662861347198
51,decoder_cross,1,2,로봇을,0,The,0.20035719871520996
51,decoder_cross,1,2,로봇을,1,teacher,0.18039490282535553
51,decoder_cross,1,2,로봇을,2,likes,0.24207618832588196
51,decoder_cross,1,2,로봇을,3,robots,0.19733095169067383
51,decoder_cross,1,2,로봇을,4,<EOS>,0.17984068393707275
51,decoder_cross,1,3,좋아한다,0,The,0.210055872797966
51,decoder_cross,1,3,좋아한다,1,teacher,0.2171478271484375
51,decoder_cross,1,3,좋아한다,2,likes,0.1544581651687622
51,decoder_cross,1,3,좋아한다,3,robots,0.20790405571460724
51,decoder_cross,1,3,좋아한다,4,<EOS>,0.2104341834783554
52,encoder_self,0,0,The,0,The,0.3219485878944397
52,encoder_self,0,0,The,1,teacher,0.014947171323001385
52,encoder_self,0,0,The,2,likes,0.006644716020673513
52,encoder_self,0,0,The,3,robots,0.06289450079202652
52,encoder_self,0,0,The,4,<EOS>,0.5935649871826172
52,encoder_self,0,1,teacher,0,The,0.044334497302770615
52,encoder_self,0,1,teacher,1,teacher,0.3191911578178406
52,encoder_self,0,1,teacher,2,likes,0.4235479533672333
52,encoder_self,0,1,teacher,3,robots,0.04064683988690376
52,encoder_self,0,1,teacher,4,<EOS>,0.1722794771194458
52,encoder_self,0,2,likes,0,The,0.12517136335372925
52,encoder_self,0,2,likes,1,teacher,0.38701483607292175
52,encoder_self,0,2,likes,2,likes,0.10431364178657532
52,encoder_self,0,2,likes,3,robots,0.20320282876491547
52,encoder_self,0,2,likes,4,<EOS>,0.18029730021953583
52,encoder_self,0,3,robots,0,The,0.004140081349760294
52,encoder_self,0,3,robots,1,teacher,0.08856355398893356
52,encoder_self,0,3,robots,2,likes,0.6640360355377197
52,encoder_self,0,3,robots,3,robots,0.23240314424037933
52,encoder_self,0,3,robots,4,<EOS>,0.01085715088993311
52,encoder_self,0,4,<EOS>,0,The,0.13954345881938934
52,encoder_self,0,4,<EOS>,1,teacher,0.13990995287895203
52,encoder_self,0,4,<EOS>,2,likes,0.06228373199701309
52,encoder_self,0,4,<EOS>,3,robots,0.12426970899105072
52,encoder_self,0,4,<EOS>,4,<EOS>,0.5339931845664978
52,encoder_self,1,0,The,0,The,0.017661213874816895
52,encoder_self,1,0,The,1,teacher,0.0001261262223124504
52,encoder_self,1,0,The,2,likes,7.923109660623595e-05
52,encoder_self,1,0,The,3,robots,0.9707848429679871
52,encoder_self,1,0,The,4,<EOS>,0.011348655447363853
52,encoder_self,1,1,teacher,0,The,0.18216858804225922
52,encoder_self,1,1,teacher,1,teacher,0.1732080727815628
52,encoder_self,1,1,teacher,2,likes,0.3045940101146698
52,encoder_self,1,1,teacher,3,robots,0.07832913845777512
52,encoder_self,1,1,teacher,4,<EOS>,0.26170021295547485
52,encoder_self,1,2,likes,0,The,0.07947587966918945
52,encoder_self,1,2,likes,1,teacher,0.2952398657798767
52,encoder_self,1,2,likes,2,likes,0.5013840198516846
52,encoder_self,1,2,likes,3,robots,0.03760061785578728
52,encoder_self,1,2,likes,4,<EOS>,0.08629966527223587
52,encoder_self,1,3,robots,0,The,0.06944338977336884
52,encoder_self,1,3,robots,1,teacher,0.28363317251205444
52,encoder_self,1,3,robots,2,likes,0.32315707206726074
52,encoder_self,1,3,robots,3,robots,0.0016565271653234959
52,encoder_self,1,3,robots,4,<EOS>,0.3221098780632019
52,encoder_self,1,4,<EOS>,0,The,0.022217946127057076
52,encoder_self,1,4,<EOS>,1,teacher,0.0003588643157854676
52,encoder_self,1,4,<EOS>,2,likes,0.0003955925058107823
52,encoder_self,1,4,<EOS>,3,robots,0.9675182700157166
52,encoder_self,1,4,<EOS>,4,<EOS>,0.009509370662271976
52,decoder_masked,0,0,<SOS>,0,<SOS>,1.0
52,decoder_masked,0,0,<SOS>,1,선생님은,0.0
52,decoder_masked,0,0,<SOS>,2,로봇을,0.0
52,decoder_masked,0,0,<SOS>,3,좋아한다,0.0
52,decoder_masked,0,1,선생님은,0,<SOS>,0.8378645181655884
52,decoder_masked,0,1,선생님은,1,선생님은,0.16213548183441162
52,decoder_masked,0,1,선생님은,2,로봇을,0.0
52,decoder_masked,0,1,선생님은,3,좋아한다,0.0
52,decoder_masked,0,2,로봇을,0,<SOS>,0.24932396411895752
52,decoder_masked,0,2,로봇을,1,선생님은,0.6186695098876953
52,decoder_masked,0,2,로봇을,2,로봇을,0.1320064812898636
52,decoder_masked,0,2,로봇을,3,좋아한다,0.0
52,decoder_masked,0,3,좋아한다,0,<SOS>,0.9742462635040283
52,decoder_masked,0,3,좋아한다,1,선생님은,0.007233212701976299
52,decoder_masked,0,3,좋아한다,2,로봇을,0.011473520658910275
52,decoder_masked,0,3,좋아한다,3,좋아한다,0.007047004997730255
52,decoder_masked,1,0,<SOS>,0,<SOS>,1.0
52,decoder_masked,1,0,<SOS>,1,선생님은,0.0
52,decoder_masked,1,0,<SOS>,2,로봇을,0.0
52,decoder_masked,1,0,<SOS>,3,좋아한다,0.0
52,decoder_masked,1,1,선생님은,0,<SOS>,0.8590876460075378
52,decoder_masked,1,1,선생님은,1,선생님은,0.14091229438781738
52,decoder_masked,1,1,선생님은,2,로봇을,0.0
52,decoder_masked,1,1,선생님은,3,좋아한다,0.0
52,decoder_masked,1,2,로봇을,0,<SOS>,0.6521637439727783
52,decoder_masked,1,2,로봇을,1,선생님은,0.23714111745357513
52,decoder_masked,1,2,로봇을,2,로봇을,0.11069511622190475
52,decoder_masked,1,2,로봇을,3,좋아한다,0.0
52,decoder_masked,1,3,좋아한다,0,<SOS>,0.4403384029865265
52,decoder_masked,1,3,좋아한다,1,선생님은,0.07249762117862701
52,decoder_masked,1,3,좋아한다,2,로봇을,0.3821744918823242
52,decoder_masked,1,3,좋아한다,3,좋아한다,0.10498949140310287
52,decoder_cross,0,0,<SOS>,0,The,0.17374449968338013
52,decoder_cross,0,0,<SOS>,1,teacher,0.09840485453605652
52,decoder_cross,0,0,<SOS>,2,likes,0.4529479146003723
52,decoder_cross,0,0,<SOS>,3,robots,0.18125291168689728
52,decoder_cross,0,0,<SOS>,4,<EOS>,0.09364976733922958
52,decoder_cross,0,1,선생님은,0,The,0.22725673019886017
52,decoder_cross,0,1,선생님은,1,teacher,0.1549074947834015
52,decoder_cross,0,1,선생님은,2,likes,0.25844258069992065
52,decoder_cross,0,1,선생님은,3,robots,0.19382421672344208
52,decoder_cross,0,1,선생님은,4,<EOS>,0.16556896269321442
52,decoder_cross,0,2,로봇을,0,The,0.14963963627815247
52,decoder_cross,0,2,로봇을,1,teacher,0.16742517054080963
52,decoder_cross,0,2,로봇을,2,likes,0.31225118041038513
52,decoder_cross,0,2,로봇을,3,robots,0.2758374810218811
52,decoder_cross,0,2,로봇을,4,<EOS>,0.09484656900167465
52,decoder_cross,0,3,좋아한다,0,The,0.19987666606903076
52,decoder_cross,0,3,좋아한다,1,teacher,0.14609932899475098
52,decoder_cross,0,3,좋아한다,2,likes,0.30681726336479187
52,decoder_cross,0,3,좋아한다,3,robots,0.20896688103675842
52,decoder_cross,0,3,좋아한다,4,<EOS>,0.13823983073234558
52,decoder_cross,1,0,<SOS>,0,The,0.1770027130842209
52,decoder_cross,1,0,<SOS>,1,teacher,0.1935400813817978
52,decoder_cross,1,0,<SOS>,2,likes,0.213825985789299
52,decoder_cross,1,0,<SOS>,3,robots,0.23388908803462982
52,decoder_cross,1,0,<SOS>,4,<EOS>,0.1817420870065689
52,decoder_cross,1,1,선생님은,0,The,0.2134762406349182
52,decoder_cross,1,1,선생님은,1,teacher,0.2165205180644989
52,decoder_cross,1,1,선생님은,2,likes,0.12420301884412766
52,decoder_cross,1,1,선생님은,3,robots,0.239235520362854
52,decoder_cross,1,1,선생님은,4,<EOS>,0.20656466484069824
52,decoder_cross,1,2,로봇을,0,The,0.19990937411785126
52,decoder_cross,1,2,로봇을,1,teacher,0.18063043057918549
52,decoder_cross,1,2,로봇을,2,likes,0.24307529628276825
52,decoder_cross,1,2,로봇을,3,robots,0.19653961062431335
52,decoder_cross,1,2,로봇을,4,<EOS>,0.17984530329704285
52,decoder_cross,1,3,좋아한다,0,The,0.21018864214420319
52,decoder_cross,1,3,좋아한다,1,teacher,0.2170572280883789
52,decoder_cross,1,3,좋아한다,2,likes,0.1550694704055786
52,decoder_cross,1,3,좋아한다,3,robots,0.20704631507396698
52,decoder_cross,1,3,좋아한다,4,<EOS>,0.2106383740901947
53,encoder_self,0,0,The,0,The,0.3225376009941101
53,encoder_self,0,0,The,1,teacher,0.014889668673276901
53,encoder_self,0,0,The,2,likes,0.006784996949136257
53,encoder_self,0,0,The,3,robots,0.06340820342302322
53,encoder_self,0,0,The,4,<EOS>,0.5923795700073242
53,encoder_self,0,1,teacher,0,The,0.043781351298093796
53,encoder_self,0,1,teacher,1,teacher,0.31761112809181213
53,encoder_self,0,1,teacher,2,likes,0.42743754386901855
53,encoder_self,0,1,teacher,3,robots,0.04076429456472397
53,encoder_self,0,1,teacher,4,<EOS>,0.17040565609931946
53,encoder_self,0,2,likes,0,The,0.12486938387155533
53,encoder_self,0,2,likes,1,teacher,0.38750043511390686
53,encoder_self,0,2,likes,2,likes,0.1041245311498642
53,encoder_self,0,2,likes,3,robots,0.20337097346782684
53,encoder_self,0,2,likes,4,<EOS>,0.1801346093416214
53,encoder_self,0,3,robots,0,The,0.004172952380031347
53,encoder_self,0,3,robots,1,teacher,0.08806386590003967
53,encoder_self,0,3,robots,2,likes,0.6645466685295105
53,encoder_self,0,3,robots,3,robots,0.2323179394006729
53,encoder_self,0,3,robots,4,<EOS>,0.01089857891201973
53,encoder_self,0,4,<EOS>,0,The,0.1391562968492508
53,encoder_self,0,4,<EOS>,1,teacher,0.1397092491388321
53,encoder_self,0,4,<EOS>,2,likes,0.06362408399581909
53,encoder_self,0,4,<EOS>,3,robots,0.12548048794269562
53,encoder_self,0,4,<EOS>,4,<EOS>,0.5320298671722412
53,encoder_self,1,0,The,0,The,0.017234455794095993
53,encoder_self,1,0,The,1,teacher,0.00012467398482840508
53,encoder_self,1,0,The,2,likes,8.017334766918793e-05
53,encoder_self,1,0,The,3,robots,0.9713270664215088
53,encoder_self,1,0,The,4,<EOS>,0.01123359426856041
53,encoder_self,1,1,teacher,0,The,0.1809534728527069
53,encoder_self,1,1,teacher,1,teacher,0.17360809445381165
53,encoder_self,1,1,teacher,2,likes,0.3061677813529968
53,encoder_self,1,1,teacher,3,robots,0.07829152792692184
53,encoder_self,1,1,teacher,4,<EOS>,0.26097914576530457
53,encoder_self,1,2,likes,0,The,0.08003728836774826
53,encoder_self,1,2,likes,1,teacher,0.2960769236087799
53,encoder_self,1,2,likes,2,likes,0.49964311718940735
53,encoder_self,1,2,likes,3,robots,0.037670526653528214
53,encoder_self,1,2,likes,4,<EOS>,0.08657225221395493
53,encoder_self,1,3,robots,0,The,0.06879406422376633
53,encoder_self,1,3,robots,1,teacher,0.2843925356864929
53,encoder_self,1,3,robots,2,likes,0.3247321844100952
53,encoder_self,1,3,robots,3,robots,0.00165145518258214
53,encoder_self,1,3,robots,4,<EOS>,0.3204296827316284
53,encoder_self,1,4,<EOS>,0,The,0.02183181419968605
53,encoder_self,1,4,<EOS>,1,teacher,0.0003566978557500988
53,encoder_self,1,4,<EOS>,2,likes,0.0003999299951829016
53,encoder_self,1,4,<EOS>,3,robots,0.9679645299911499
53,encoder_self,1,4,<EOS>,4,<EOS>,0.009446979500353336
53,decoder_masked,0,0,<SOS>,0,<SOS>,1.0
53,decoder_masked,0,0,<SOS>,1,선생님은,0.0
53,decoder_masked,0,0,<SOS>,2,로봇을,0.0
53,decoder_masked,0,0,<SOS>,3,좋아한다,0.0
53,decoder_masked,0,1,선생님은,0,<SOS>,0.825986385345459
53,decoder_masked,0,1,선생님은,1,선생님은,0.17401359975337982
53,decoder_masked,0,1,선생님은,2,로봇을,0.0
53,decoder_masked,0,1,선생님은,3,좋아한다,0.0
53,decoder_masked,0,2,로봇을,0,<SOS>,0.24438169598579407
53,decoder_masked,0,2,로봇을,1,선생님은,0.623591423034668
53,decoder_masked,0,2,로봇을,2,로봇을,0.13202695548534393
53,decoder_masked,0,2,로봇을,3,좋아한다,0.0
53,decoder_masked,0,3,좋아한다,0,<SOS>,0.9668055176734924
53,decoder_masked,0,3,좋아한다,1,선생님은,0.009704668074846268
53,decoder_masked,0,3,좋아한다,2,로봇을,0.014056449756026268
53,decoder_masked,0,3,좋아한다,3,좋아한다,0.00943326111882925
53,decoder_masked,1,0,<SOS>,0,<SOS>,1.0
53,decoder_masked,1,0,<SOS>,1,선생님은,0.0
53,decoder_masked,1,0,<SOS>,2,로봇을,0.0
53,decoder_masked,1,0,<SOS>,3,좋아한다,0.0
53,decoder_masked,1,1,선생님은,0,<SOS>,0.8624489307403564
53,decoder_masked,1,1,선생님은,1,선생님은,0.13755103945732117
53,decoder_masked,1,1,선생님은,2,로봇을,0.0
53,decoder_masked,1,1,선생님은,3,좋아한다,0.0
53,decoder_masked,1,2,로봇을,0,<SOS>,0.6511490345001221
53,decoder_masked,1,2,로봇을,1,선생님은,0.2379341721534729
53,decoder_masked,1,2,로봇을,2,로봇을,0.11091673374176025
53,decoder_masked,1,2,로봇을,3,좋아한다,0.0
53,decoder_masked,1,3,좋아한다,0,<SOS>,0.4548291265964508
53,decoder_masked,1,3,좋아한다,1,선생님은,0.07024458050727844
53,decoder_masked,1,3,좋아한다,2,로봇을,0.3739627003669739
53,decoder_masked,1,3,좋아한다,3,좋아한다,0.10096363723278046
53,decoder_cross,0,0,<SOS>,0,The,0.1719532012939453
53,decoder_cross,0,0,<SOS>,1,teacher,0.09743622690439224
53,decoder_cross,0,0,<SOS>,2,likes,0.45703423023223877
53,decoder_cross,0,0,<SOS>,3,robots,0.1811782270669937
53,decoder_cross,0,0,<SOS>,4,<EOS>,0.09239816665649414
53,decoder_cross,0,1,선생님은,0,The,0.22705215215682983
53,decoder_cross,0,1,선생님은,1,teacher,0.15401944518089294
53,decoder_cross,0,1,선생님은,2,likes,0.26012107729911804
53,decoder_cross,0,1,선생님은,3,robots,0.19316041469573975
53,decoder_cross,0,1,선생님은,4,<EOS>,0.16564686596393585
53,decoder_cross,0,2,로봇을,0,The,0.14794887602329254
53,decoder_cross,0,2,로봇을,1,teacher,0.16654904186725616
53,decoder_cross,0,2,로봇을,2,likes,0.314937025308609
53,decoder_cross,0,2,로봇을,3,robots,0.27709341049194336
53,decoder_cross,0,2,로봇을,4,<EOS>,0.09347159415483475
53,decoder_cross,0,3,좋아한다,0,The,0.19888338446617126
53,decoder_cross,0,3,좋아한다,1,teacher,0.14549416303634644
53,decoder_cross,0,3,좋아한다,2,likes,0.3090443015098572
53,decoder_cross,0,3,좋아한다,3,robots,0.20885179936885834
53,decoder_cross,0,3,좋아한다,4,<EOS>,0.13772626221179962
53,decoder_cross,1,0,<SOS>,0,The,0.17689110338687897
53,decoder_cross,1,0,<SOS>,1,teacher,0.19390766322612762
53,decoder_cross,1,0,<SOS>,2,likes,0.21314653754234314
53,decoder_cross,1,0,<SOS>,3,robots,0.23409460484981537
53,decoder_cross,1,0,<SOS>,4,<EOS>,0.1819600760936737
53,decoder_cross,1,1,선생님은,0,The,0.2137003391981125
53,decoder_cross,1,1,선생님은,1,teacher,0.2172008752822876
53,decoder_cross,1,1,선생님은,2,likes,0.12293533980846405
53,decoder_cross,1,1,선생님은,3,robots,0.23886336386203766
53,decoder_cross,1,1,선생님은,4,<EOS>,0.20730014145374298
53,decoder_cross,1,2,로봇을,0,The,0.20002734661102295
53,decoder_cross,1,2,로봇을,1,teacher,0.1808093935251236
53,decoder_cross,1,2,로봇을,2,likes,0.24266335368156433
53,decoder_cross,1,2,로봇을,3,robots,0.196516752243042
53,decoder_cross,1,2,로봇을,4,<EOS>,0.17998310923576355
53,decoder_cross,1,3,좋아한다,0,The,0.2102707028388977
53,decoder_cross,1,3,좋아한다,1,teacher,0.21764028072357178
53,decoder_cross,1,3,좋아한다,2,likes,0.15412192046642303
53,decoder_cross,1,3,좋아한다,3,robots,0.20662562549114227
53,decoder_cross,1,3,좋아한다,4,<EOS>,0.21134138107299805
54,encoder_self,0,0,The,0,The,0.32370296120643616
54,encoder_self,0,0,The,1,teacher,0.014803798869252205
54,encoder_self,0,0,The,2,likes,0.006777831353247166
54,encoder_self,0,0,The,3,robots,0.06379947811365128
54,encoder_self,0,0,The,4,<EOS>,0.5909159779548645
54,encoder_self,0,1,teacher,0,The,0.04356938600540161
54,encoder_self,0,1,teacher,1,teacher,0.3174798786640167
54,encoder_self,0,1,teacher,2,likes,0.42860180139541626
54,encoder_self,0,1,teacher,3,robots,0.04077325761318207
54,encoder_self,0,1,teacher,4,<EOS>,0.16957561671733856
54,encoder_self,0,2,likes,0,The,0.12483133375644684
54,encoder_self,0,2,likes,1,teacher,0.38791441917419434
54,encoder_self,0,2,likes,2,likes,0.10429364442825317
54,encoder_self,0,2,likes,3,robots,0.20267868041992188
54,encoder_self,0,2,likes,4,<EOS>,0.18028198182582855
54,encoder_self,0,3,robots,0,The,0.004188524559140205
54,encoder_self,0,3,robots,1,teacher,0.08775056898593903
54,encoder_self,0,3,robots,2,likes,0.6621788144111633
54,encoder_self,0,3,robots,3,robots,0.23498477041721344
54,encoder_self,0,3,robots,4,<EOS>,0.0108973179012537
54,encoder_self,0,4,<EOS>,0,The,0.13937783241271973
54,encoder_self,0,4,<EOS>,1,teacher,0.1395050436258316
54,encoder_self,0,4,<EOS>,2,likes,0.06380587071180344
54,encoder_self,0,4,<EOS>,3,robots,0.1262933611869812
54,encoder_self,0,4,<EOS>,4,<EOS>,0.5310178399085999
54,encoder_self,1,0,The,0,The,0.01722399704158306
54,encoder_self,1,0,The,1,teacher,0.0001256385730812326
54,encoder_self,1,0,The,2,likes,8.134403469739482e-05
54,encoder_self,1,0,The,3,robots,0.9713034629821777
54,encoder_self,1,0,The,4,<EOS>,0.01126556470990181
54,encoder_self,1,1,teacher,0,The,0.1801118701696396
54,encoder_self,1,1,teacher,1,teacher,0.1738787591457367
54,encoder_self,1,1,teacher,2,likes,0.3073720335960388
54,encoder_self,1,1,teacher,3,robots,0.07819800823926926
54,encoder_self,1,1,teacher,4,<EOS>,0.26043930649757385
54,encoder_self,1,2,likes,0,The,0.08031199872493744
54,encoder_self,1,2,likes,1,teacher,0.29625481367111206
54,encoder_self,1,2,likes,2,likes,0.4988555312156677
54,encoder_self,1,2,likes,3,robots,0.037815555930137634
54,encoder_self,1,2,likes,4,<EOS>,0.08676211535930634
54,encoder_self,1,3,robots,0,The,0.06786129623651505
54,encoder_self,1,3,robots,1,teacher,0.285019189119339
54,encoder_self,1,3,robots,2,likes,0.3276078701019287
54,encoder_self,1,3,robots,3,robots,0.0016374855767935514
54,encoder_self,1,3,robots,4,<EOS>,0.31787413358688354
54,encoder_self,1,4,<EOS>,0,The,0.021833276376128197
54,encoder_self,1,4,<EOS>,1,teacher,0.00035879117785952985
54,encoder_self,1,4,<EOS>,2,likes,0.00040420773439109325
54,encoder_self,1,4,<EOS>,3,robots,0.9679324626922607
54,encoder_self,1,4,<EOS>,4,<EOS>,0.00947121623903513
54,decoder_masked,0,0,<SOS>,0,<SOS>,1.0
54,decoder_masked,0,0,<SOS>,1,선생님은,0.0
54,decoder_masked,0,0,<SOS>,2,로봇을,0.0
54,decoder_masked,0,0,<SOS>,3,좋아한다,0.0
54,decoder_masked,0,1,선생님은,0,<SOS>,0.8191190361976624
54,decoder_masked,0,1,선생님은,1,선생님은,0.18088099360466003
54,decoder_masked,0,1,선생님은,2,로봇을,0.0
54,decoder_masked,0,1,선생님은,3,좋아한다,0.0
54,decoder_masked,0,2,로봇을,0,<SOS>,0.2159254550933838
54,decoder_masked,0,2,로봇을,1,선생님은,0.6486223340034485
54,decoder_masked,0,2,로봇을,2,로봇을,0.13545221090316772
54,decoder_masked,0,2,로봇을,3,좋아한다,0.0
54,decoder_masked,0,3,좋아한다,0,<SOS>,0.9601766467094421
54,decoder_masked,0,3,좋아한다,1,선생님은,0.011919599957764149
54,decoder_masked,0,3,좋아한다,2,로봇을,0.01630569063127041
54,decoder_masked,0,3,좋아한다,3,좋아한다,0.011598056182265282
54,decoder_masked,1,0,<SOS>,0,<SOS>,1.0
54,decoder_masked,1,0,<SOS>,1,선생님은,0.0
54,decoder_masked,1,0,<SOS>,2,로봇을,0.0
54,decoder_masked,1,0,<SOS>,3,좋아한다,0.0
54,decoder_masked,1,1,선생님은,0,<SOS>,0.8685095310211182
54,decoder_masked,1,1,선생님은,1,선생님은,0.13149045407772064
54,decoder_masked,1,1,선생님은,2,로봇을,0.0
54,decoder_masked,1,1,선생님은,3,좋아한다,0.0
54,decoder_masked,1,2,로봇을,0,<SOS>,0.6719167828559875
54,decoder_masked,1,2,로봇을,1,선생님은,0.22592385113239288
54,decoder_masked,1,2,로봇을,2,로봇을,0.10215931385755539
54,decoder_masked,1,2,로봇을,3,좋아한다,0.0
54,decoder_masked,1,3,좋아한다,0,<SOS>,0.47523602843284607
54,decoder_masked,1,3,좋아한다,1,선생님은,0.06515876203775406
54,decoder_masked,1,3,좋아한다,2,로봇을,0.3660418391227722
54,decoder_masked,1,3,좋아한다,3,좋아한다,0.09356338530778885
54,decoder_cross,0,0,<SOS>,0,The,0.17014066874980927
54,decoder_cross,0,0,<SOS>,1,teacher,0.09633347392082214
54,decoder_cross,0,0,<SOS>,2,likes,0.46096277236938477
54,decoder_cross,0,0,<SOS>,3,robots,0.1814010888338089
54,decoder_cross,0,0,<SOS>,4,<EOS>,0.09116191416978836
54,decoder_cross,0,1,선생님은,0,The,0.2265978306531906
54,decoder_cross,0,1,선생님은,1,teacher,0.15108351409435272
54,decoder_cross,0,1,선생님은,2,likes,0.26628345251083374
54,decoder_cross,0,1,선생님은,3,robots,0.19251921772956848
54,decoder_cross,0,1,선생님은,4,<EOS>,0.16351597011089325
54,decoder_cross,0,2,로봇을,0,The,0.1449621021747589
54,decoder_cross,0,2,로봇을,1,teacher,0.16485676169395447
54,decoder_cross,0,2,로봇을,2,likes,0.31941545009613037
54,decoder_cross,0,2,로봇을,3,robots,0.2794700860977173
54,decoder_cross,0,2,로봇을,4,<EOS>,0.09129554778337479
54,decoder_cross,0,3,좋아한다,0,The,0.19777359068393707
54,decoder_cross,0,3,좋아한다,1,teacher,0.14319826662540436
54,decoder_cross,0,3,좋아한다,2,likes,0.31480783224105835
54,decoder_cross,0,3,좋아한다,3,robots,0.2081001251935959
54,decoder_cross,0,3,좋아한다,4,<EOS>,0.13612021505832672
54,decoder_cross,1,0,<SOS>,0,The,0.17638802528381348
54,decoder_cross,1,0,<SOS>,1,teacher,0.19399496912956238
54,decoder_cross,1,0,<SOS>,2,likes,0.21396107971668243
54,decoder_cross,1,0,<SOS>,3,robots,0.23371876776218414
54,decoder_cross,1,0,<SOS>,4,<EOS>,0.1819370985031128
54,decoder_cross,1,1,선생님은,0,The,0.21339817345142365
54,decoder_cross,1,1,선생님은,1,teacher,0.2173265963792801
54,decoder_cross,1,1,선생님은,2,likes,0.12307977676391602
54,decoder_cross,1,1,선생님은,3,robots,0.23854726552963257
54,decoder_cross,1,1,선생님은,4,<EOS>,0.20764824748039246
54,decoder_cross,1,2,로봇을,0,The,0.19972239434719086
54,decoder_cross,1,2,로봇을,1,teacher,0.1809791773557663
54,decoder_cross,1,2,로봇을,2,likes,0.24371883273124695
54,decoder_cross,1,2,로봇을,3,robots,0.19538748264312744
54,decoder_cross,1,2,로봇을,4,<EOS>,0.18019217252731323
54,decoder_cross,1,3,좋아한다,0,The,0.20945890247821808
54,decoder_cross,1,3,좋아한다,1,teacher,0.2174372375011444
54,decoder_cross,1,3,좋아한다,2,likes,0.15582585334777832
54,decoder_cross,1,3,좋아한다,3,robots,0.20589931309223175
54,decoder_cross,1,3,좋아한다,4,<EOS>,0.21137860417366028
55,encoder_self,0,0,The,0,The,0.323533296585083
55,encoder_self,0,0,The,1,teacher,0.014796901494264603
55,encoder_self,0,0,The,2,likes,0.006864037364721298
55,encoder_self,0,0,The,3,robots,0.06422238796949387
55,encoder_self,0,0,The,4,<EOS>,0.590583324432373
55,encoder_self,0,1,teacher,0,The,0.04292144253849983
55,encoder_self,0,1,teacher,1,teacher,0.3160724937915802
55,encoder_self,0,1,teacher,2,likes,0.4325737953186035
55,encoder_self,0,1,teacher,3,robots,0.040920983999967575
55,encoder_self,0,1,teacher,4,<EOS>,0.1675112247467041
55,encoder_self,0,2,likes,0,The,0.1246037557721138
55,encoder_self,0,2,likes,1,teacher,0.38812774419784546
55,encoder_self,0,2,likes,2,likes,0.10426732152700424
55,encoder_self,0,2,likes,3,robots,0.20292769372463226
55,encoder_self,0,2,likes,4,<EOS>,0.18007348477840424
55,encoder_self,0,3,robots,0,The,0.004202086012810469
55,encoder_self,0,3,robots,1,teacher,0.08755995333194733
55,encoder_self,0,3,robots,2,likes,0.6625183820724487
55,encoder_self,0,3,robots,3,robots,0.23480218648910522
55,encoder_self,0,3,robots,4,<EOS>,0.010917404666543007
55,encoder_self,0,4,<EOS>,0,The,0.1388005018234253
55,encoder_self,0,4,<EOS>,1,teacher,0.1395384669303894
55,encoder_self,0,4,<EOS>,2,likes,0.06472111493349075
55,encoder_self,0,4,<EOS>,3,robots,0.12739033997058868
55,encoder_self,0,4,<EOS>,4,<EOS>,0.5295495390892029
55,encoder_self,1,0,The,0,The,0.016923287883400917
55,encoder_self,1,0,The,1,teacher,0.00012656922626774758
55,encoder_self,1,0,The,2,likes,8.251284452853724e-05
55,encoder_self,1,0,The,3,robots,0.9716717004776001
55,encoder_self,1,0,The,4,<EOS>,0.011195937171578407
55,encoder_self,1,1,teacher,0,The,0.17935240268707275
55,encoder_self,1,1,teacher,1,teacher,0.17417919635772705
55,encoder_self,1,1,teacher,2,likes,0.3083648085594177
55,encoder_self,1,1,teacher,3,robots,0.078196682035923
55,encoder_self,1,1,teacher,4,<EOS>,0.2599068582057953
55,encoder_self,1,2,likes,0,The,0.08073766529560089
55,encoder_self,1,2,likes,1,teacher,0.29628121852874756
55,encoder_self,1,2,likes,2,likes,0.498114675283432
55,encoder_self,1,2,likes,3,robots,0.037858400493860245
55,encoder_self,1,2,likes,4,<EOS>,0.08700796216726303
55,encoder_self,1,3,robots,0,The,0.06756266206502914
55,encoder_self,1,3,robots,1,teacher,0.2851833403110504
55,encoder_self,1,3,robots,2,likes,0.3285674452781677
55,encoder_self,1,3,robots,3,robots,0.0016387921059504151
55,encoder_self,1,3,robots,4,<EOS>,0.31704777479171753
55,encoder_self,1,4,<EOS>,0,The,0.02155371755361557
55,encoder_self,1,4,<EOS>,1,teacher,0.0003610867715906352
55,encoder_self,1,4,<EOS>,2,likes,0.00040876789717003703
55,encoder_self,1,4,<EOS>,3,robots,0.9682464003562927
55,encoder_self,1,4,<EOS>,4,<EOS>,0.009429965168237686
55,decoder_masked,0,0,<SOS>,0,<SOS>,1.0
55,decoder_masked,0,0,<SOS>,1,선생님은,0.0
55,decoder_masked,0,0,<SOS>,2,로봇을,0.0
55,decoder_masked,0,0,<SOS>,3,좋아한다,0.0
55,decoder_masked,0,1,선생님은,0,<SOS>,0.7997056841850281
55,decoder_masked,0,1,선생님은,1,선생님은,0.20029431581497192
55,decoder_masked,0,1,선생님은,2,로봇을,0.0
55,decoder_masked,0,1,선생님은,3,좋아한다,0.0
55,decoder_masked,0,2,로봇을,0,<SOS>,0.21547198295593262
55,decoder_masked,0,2,로봇을,1,선생님은,0.64899080991745
55,decoder_masked,0,2,로봇을,2,로봇을,0.13553720712661743
55,decoder_masked,0,2,로봇을,3,좋아한다,0.0
55,decoder_masked,0,3,좋아한다,0,<SOS>,0.9572709202766418
55,decoder_masked,0,3,좋아한다,1,선생님은,0.012969463132321835
55,decoder_masked,0,3,좋아한다,2,로봇을,0.0172197874635458
55,decoder_masked,0,3,좋아한다,3,좋아한다,0.012539830058813095
55,decoder_masked,1,0,<SOS>,0,<SOS>,1.0
55,decoder_masked,1,0,<SOS>,1,선생님은,0.0
55,decoder_masked,1,0,<SOS>,2,로봇을,0.0
55,decoder_masked,1,0,<SOS>,3,좋아한다,0.0
55,decoder_masked,1,1,선생님은,0,<SOS>,0.8784933090209961
55,decoder_masked,1,1,선생님은,1,선생님은,0.12150662392377853
55,decoder_masked,1,1,선생님은,2,로봇을,0.0
55,decoder_masked,1,1,선생님은,3,좋아한다,0.0
55,decoder_masked,1,2,로봇을,0,<SOS>,0.6695969104766846
55,decoder_masked,1,2,로봇을,1,선생님은,0.22784848511219025
55,decoder_masked,1,2,로봇을,2,로봇을,0.10255459696054459
55,decoder_masked,1,2,로봇을,3,좋아한다,0.0
55,decoder_masked,1,3,좋아한다,0,<SOS>,0.4931115210056305
55,decoder_masked,1,3,좋아한다,1,선생님은,0.061459045857191086
55,decoder_masked,1,3,좋아한다,2,로봇을,0.35466891527175903
55,decoder_masked,1,3,좋아한다,3,좋아한다,0.09076050668954849
55,decoder_cross,0,0,<SOS>,0,The,0.17038795351982117
55,decoder_cross,0,0,<SOS>,1,teacher,0.09610644727945328
55,decoder_cross,0,0,<SOS>,2,likes,0.46148136258125305
55,decoder_cross,0,0,<SOS>,3,robots,0.18058188259601593
55,decoder_cross,0,0,<SOS>,4,<EOS>,0.09144236892461777
55,decoder_cross,0,1,선생님은,0,The,0.2276586890220642
55,decoder_cross,0,1,선생님은,1,teacher,0.14986318349838257
55,decoder_cross,0,1,선생님은,2,likes,0.26730239391326904
55,decoder_cross,0,1,선생님은,3,robots,0.19051027297973633
55,decoder_cross,0,1,선생님은,4,<EOS>,0.16466538608074188
55,decoder_cross,0,2,로봇을,0,The,0.14462345838546753
55,decoder_cross,0,2,로봇을,1,teacher,0.16426986455917358
55,decoder_cross,0,2,로봇을,2,likes,0.320962518453598
55,decoder_cross,0,2,로봇을,3,robots,0.27916717529296875
55,decoder_cross,0,2,로봇을,4,<EOS>,0.09097698330879211
55,decoder_cross,0,3,좋아한다,0,The,0.19775770604610443
55,decoder_cross,0,3,좋아한다,1,teacher,0.14285238087177277
55,decoder_cross,0,3,좋아한다,2,likes,0.31565582752227783
55,decoder_cross,0,3,좋아한다,3,robots,0.20730046927928925
55,decoder_cross,0,3,좋아한다,4,<EOS>,0.13643361628055573
55,decoder_cross,1,0,<SOS>,0,The,0.17641162872314453
55,decoder_cross,1,0,<SOS>,1,teacher,0.19413577020168304
55,decoder_cross,1,0,<SOS>,2,likes,0.21392890810966492
55,decoder_cross,1,0,<SOS>,3,robots,0.23337700963020325
55,decoder_cross,1,0,<SOS>,4,<EOS>,0.18214672803878784
55,decoder_cross,1,1,선생님은,0,The,0.2133641242980957
55,decoder_cross,1,1,선생님은,1,teacher,0.21775604784488678
55,decoder_cross,1,1,선생님은,2,likes,0.12284571677446365
55,decoder_cross,1,1,선생님은,3,robots,0.23783761262893677
55,decoder_cross,1,1,선생님은,4,<EOS>,0.20819644629955292
55,decoder_cross,1,2,로봇을,0,The,0.19965562224388123
55,decoder_cross,1,2,로봇을,1,teacher,0.1809443235397339
55,decoder_cross,1,2,로봇을,2,likes,0.24396677315235138
55,decoder_cross,1,2,로봇을,3,robots,0.19524261355400085
55,decoder_cross,1,2,로봇을,4,<EOS>,0.18019069731235504
55,decoder_cross,1,3,좋아한다,0,The,0.20938432216644287
55,decoder_cross,1,3,좋아한다,1,teacher,0.21779240667819977
55,decoder_cross,1,3,좋아한다,2,likes,0.1554422676563263
55,decoder_cross,1,3,좋아한다,3,robots,0.20561964809894562
55,decoder_cross,1,3,좋아한다,4,<EOS>,0.21176132559776306
56,encoder_self,0,0,The,0,The,0.32393351197242737
56,encoder_self,0,0,The,1,teacher,0.014767599292099476
56,encoder_self,0,0,The,2,likes,0.006843152921646833
56,encoder_self,0,0,The,3,robots,0.06367652863264084
56,encoder_self,0,0,The,4,<EOS>,0.590779185295105
56,encoder_self,0,1,teacher,0,The,0.043165236711502075
56,encoder_self,0,1,teacher,1,teacher,0.3167397379875183
56,encoder_self,0,1,teacher,2,likes,0.4307350814342499
56,encoder_self,0,1,teacher,3,robots,0.040992625057697296
56,encoder_self,0,1,teacher,4,<EOS>,0.16836729645729065
56,encoder_self,0,2,likes,0,The,0.12439209222793579
56,encoder_self,0,2,likes,1,teacher,0.38813111186027527
56,encoder_self,0,2,likes,2,likes,0.10399401932954788
56,encoder_self,0,2,likes,3,robots,0.20365102589130402
56,encoder_self,0,2,likes,4,<EOS>,0.17983175814151764
56,encoder_self,0,3,robots,0,The,0.0042143454775214195
56,encoder_self,0,3,robots,1,teacher,0.08710847795009613
56,encoder_self,0,3,robots,2,likes,0.6672418117523193
56,encoder_self,0,3,robots,3,robots,0.2305016964673996
56,encoder_self,0,3,robots,4,<EOS>,0.010933777317404747
56,encoder_self,0,4,<EOS>,0,The,0.1392977088689804
56,encoder_self,0,4,<EOS>,1,teacher,0.13914869725704193
56,encoder_self,0,4,<EOS>,2,likes,0.06429534405469894
56,encoder_self,0,4,<EOS>,3,robots,0.12649162113666534
56,encoder_self,0,4,<EOS>,4,<EOS>,0.5307666659355164
56,encoder_self,1,0,The,0,The,0.016736330464482307
56,encoder_self,1,0,The,1,teacher,0.00012730386515613645
56,encoder_self,1,0,The,2,likes,8.442573016509414e-05
56,encoder_self,1,0,The,3,robots,0.971916913986206
56,encoder_self,1,0,The,4,<EOS>,0.01113500352948904
56,encoder_self,1,1,teacher,0,The,0.1789192259311676
56,encoder_self,1,1,teacher,1,teacher,0.17437344789505005
56,encoder_self,1,1,teacher,2,likes,0.30908235907554626
56,encoder_self,1,1,teacher,3,robots,0.07791987806558609
56,encoder_self,1,1,teacher,4,<EOS>,0.2597050368785858
56,encoder_self,1,2,likes,0,The,0.08122319728136063
56,encoder_self,1,2,likes,1,teacher,0.29675135016441345
56,encoder_self,1,2,likes,2,likes,0.4966794550418854
56,encoder_self,1,2,likes,3,robots,0.03795342147350311
56,encoder_self,1,2,likes,4,<EOS>,0.08739259093999863
56,encoder_self,1,3,robots,0,The,0.06748554110527039
56,encoder_self,1,3,robots,1,teacher,0.28525763750076294
56,encoder_self,1,3,robots,2,likes,0.32865408062934875
56,encoder_self,1,3,robots,3,robots,0.0016426575602963567
56,encoder_self,1,3,robots,4,<EOS>,0.3169601261615753
56,encoder_self,1,4,<EOS>,0,The,0.021413637325167656
56,encoder_self,1,4,<EOS>,1,teacher,0.000362799852155149
56,encoder_self,1,4,<EOS>,2,likes,0.0004153682093601674
56,encoder_self,1,4,<EOS>,3,robots,0.968404233455658
56,encoder_self,1,4,<EOS>,4,<EOS>,0.009403970092535019
56,decoder_masked,0,0,<SOS>,0,<SOS>,1.0
56,decoder_masked,0,0,<SOS>,1,선생님은,0.0
56,decoder_masked,0,0,<SOS>,2,로봇을,0.0
56,decoder_masked,0,0,<SOS>,3,좋아한다,0.0
56,decoder_masked,0,1,선생님은,0,<SOS>,0.817188560962677
56,decoder_masked,0,1,선생님은,1,선생님은,0.18281148374080658
56,decoder_masked,0,1,선생님은,2,로봇을,0.0
56,decoder_masked,0,1,선생님은,3,좋아한다,0.0
56,decoder_masked,0,2,로봇을,0,<SOS>,0.20755715668201447
56,decoder_masked,0,2,로봇을,1,선생님은,0.6529572010040283
56,decoder_masked,0,2,로봇을,2,로봇을,0.13948559761047363
56,decoder_masked,0,2,로봇을,3,좋아한다,0.0
56,decoder_masked,0,3,좋아한다,0,<SOS>,0.9574344754219055
56,decoder_masked,0,3,좋아한다,1,선생님은,0.012839440256357193
56,decoder_masked,0,3,좋아한다,2,로봇을,0.017296956852078438
56,decoder_masked,0,3,좋아한다,3,좋아한다,0.012429200112819672
56,decoder_masked,1,0,<SOS>,0,<SOS>,1.0
56,decoder_masked,1,0,<SOS>,1,선생님은,0.0
56,decoder_masked,1,0,<SOS>,2,로봇을,0.0
56,decoder_masked,1,0,<SOS>,3,좋아한다,0.0
56,decoder_masked,1,1,선생님은,0,<SOS>,0.8779041767120361
56,decoder_masked,1,1,선생님은,1,선생님은,0.12209583818912506
56,decoder_masked,1,1,선생님은,2,로봇을,0.0
56,decoder_masked,1,1,선생님은,3,좋아한다,0.0
56,decoder_masked,1,2,로봇을,0,<SOS>,0.6385735273361206
56,decoder_masked,1,2,로봇을,1,선생님은,0.24976696074008942
56,decoder_masked,1,2,로봇을,2,로봇을,0.11165960878133774
56,decoder_masked,1,2,로봇을,3,좋아한다,0.0
56,decoder_masked,1,3,좋아한다,0,<SOS>,0.4979434907436371
56,decoder_masked,1,3,좋아한다,1,선생님은,0.061532337218523026
56,decoder_masked,1,3,좋아한다,2,로봇을,0.35097774863243103
56,decoder_masked,1,3,좋아한다,3,좋아한다,0.08954644203186035
56,decoder_cross,0,0,<SOS>,0,The,0.1699388325214386
56,decoder_cross,0,0,<SOS>,1,teacher,0.09579029679298401
56,decoder_cross,0,0,<SOS>,2,likes,0.46281710267066956
56,decoder_cross,0,0,<SOS>,3,robots,0.18025584518909454
56,decoder_cross,0,0,<SOS>,4,<EOS>,0.09119793027639389
56,decoder_cross,0,1,선생님은,0,The,0.22736865282058716
56,decoder_cross,0,1,선생님은,1,teacher,0.1499052792787552
56,decoder_cross,0,1,선생님은,2,likes,0.26743823289871216
56,decoder_cross,0,1,선생님은,3,robots,0.1909390389919281
56,decoder_cross,0,1,선생님은,4,<EOS>,0.164348766207695
56,decoder_cross,0,2,로봇을,0,The,0.14582520723342896
56,decoder_cross,0,2,로봇을,1,teacher,0.1663377285003662
56,decoder_cross,0,2,로봇을,2,likes,0.3160705268383026
56,decoder_cross,0,2,로봇을,3,robots,0.27920836210250854
56,decoder_cross,0,2,로봇을,4,<EOS>,0.0925581306219101
56,decoder_cross,0,3,좋아한다,0,The,0.19712567329406738
56,decoder_cross,0,3,좋아한다,1,teacher,0.14345082640647888
56,decoder_cross,0,3,좋아한다,2,likes,0.3150247037410736
56,decoder_cross,0,3,좋아한다,3,robots,0.20773769915103912
56,decoder_cross,0,3,좋아한다,4,<EOS>,0.1366611123085022
56,decoder_cross,1,0,<SOS>,0,The,0.1756156086921692
56,decoder_cross,1,0,<SOS>,1,teacher,0.1935434341430664
56,decoder_cross,1,0,<SOS>,2,likes,0.21664512157440186
56,decoder_cross,1,0,<SOS>,3,robots,0.23267312347888947
56,decoder_cross,1,0,<SOS>,4,<EOS>,0.18152272701263428
56,decoder_cross,1,1,선생님은,0,The,0.21288755536079407
56,decoder_cross,1,1,선생님은,1,teacher,0.21789558231830597
56,decoder_cross,1,1,선생님은,2,likes,0.12350057810544968
56,decoder_cross,1,1,선생님은,3,robots,0.23787404596805573
56,decoder_cross,1,1,선생님은,4,<EOS>,0.20784223079681396
56,decoder_cross,1,2,로봇을,0,The,0.19938625395298004
56,decoder_cross,1,2,로봇을,1,teacher,0.18037422001361847
56,decoder_cross,1,2,로봇을,2,likes,0.24582365155220032
56,decoder_cross,1,2,로봇을,3,robots,0.19455359876155853
56,decoder_cross,1,2,로봇을,4,<EOS>,0.17986224591732025
56,decoder_cross,1,3,좋아한다,0,The,0.20886150002479553
56,decoder_cross,1,3,좋아한다,1,teacher,0.2175981104373932
56,decoder_cross,1,3,좋아한다,2,likes,0.15729179978370667
56,decoder_cross,1,3,좋아한다,3,robots,0.2047417312860489
56,decoder_cross,1,3,좋아한다,4,<EOS>,0.21150684356689453
57,encoder_self,0,0,The,0,The,0.32449015974998474
57,encoder_self,0,0,The,1,teacher,0.014718416146934032
57,encoder_self,0,0,The,2,likes,0.0067482516169548035
57,encoder_self,0,0,The,3,robots,0.0636497512459755
57,encoder_self,0,0,The,4,<EOS>,0.5903933644294739
57,encoder_self,0,1,teacher,0,The,0.0432136245071888
57,encoder_self,0,1,teacher,1,teacher,0.3171042799949646
57,encoder_self,0,1,teacher,2,likes,0.43009552359580994
57,encoder_self,0,1,teacher,3,robots,0.0410415455698967
57,encoder_self,0,1,teacher,4,<EOS>,0.16854503750801086
57,encoder_self,0,2,likes,0,The,0.12385337054729462
57,encoder_self,0,2,likes,1,teacher,0.38862183690071106
57,encoder_self,0,2,likes,2,likes,0.10453192889690399
57,encoder_self,0,2,likes,3,robots,0.2036653608083725
57,encoder_self,0,2,likes,4,<EOS>,0.1793275624513626
57,encoder_self,0,3,robots,0,The,0.004244397860020399
57,encoder_self,0,3,robots,1,teacher,0.0873478502035141
57,encoder_self,0,3,robots,2,likes,0.6661722660064697
57,encoder_self,0,3,robots,3,robots,0.23124293982982635
57,encoder_self,0,3,robots,4,<EOS>,0.010992549359798431
57,encoder_self,0,4,<EOS>,0,The,0.1397012323141098
57,encoder_self,0,4,<EOS>,1,teacher,0.138839453458786
57,encoder_self,0,4,<EOS>,2,likes,0.06357886642217636
57,encoder_self,0,4,<EOS>,3,robots,0.12655960023403168
57,encoder_self,0,4,<EOS>,4,<EOS>,0.5313208699226379
57,encoder_self,1,0,The,0,The,0.01641508750617504
57,encoder_self,1,0,The,1,teacher,0.00012842676369473338
57,encoder_self,1,0,The,2,likes,8.560223795939237e-05
57,encoder_self,1,0,The,3,robots,0.9723605513572693
57,encoder_self,1,0,The,4,<EOS>,0.01101037859916687
57,encoder_self,1,1,teacher,0,The,0.1783430278301239
57,encoder_self,1,1,teacher,1,teacher,0.174643412232399
57,encoder_self,1,1,teacher,2,likes,0.3099710941314697
57,encoder_self,1,1,teacher,3,robots,0.07780395448207855
57,encoder_self,1,1,teacher,4,<EOS>,0.2592385411262512
57,encoder_self,1,2,likes,0,The,0.08176536858081818
57,encoder_self,1,2,likes,1,teacher,0.29660508036613464
57,encoder_self,1,2,likes,2,likes,0.4958219826221466
57,encoder_self,1,2,likes,3,robots,0.03800089284777641
57,encoder_self,1,2,likes,4,<EOS>,0.08780670911073685
57,encoder_self,1,3,robots,0,The,0.06721010059118271
57,encoder_self,1,3,robots,1,teacher,0.28557759523391724
57,encoder_self,1,3,robots,2,likes,0.32954493165016174
57,encoder_self,1,3,robots,3,robots,0.001641949638724327
57,encoder_self,1,3,robots,4,<EOS>,0.31602540612220764
57,encoder_self,1,4,<EOS>,0,The,0.021162953227758408
57,encoder_self,1,4,<EOS>,1,teacher,0.00036528182681649923
57,encoder_self,1,4,<EOS>,2,likes,0.00041924064862541854
57,encoder_self,1,4,<EOS>,3,robots,0.9687058329582214
57,encoder_self,1,4,<EOS>,4,<EOS>,0.009346699342131615
57,decoder_masked,0,0,<SOS>,0,<SOS>,1.0
57,decoder_masked,0,0,<SOS>,1,선생님은,0.0
57,decoder_masked,0,0,<SOS>,2,로봇을,0.0
57,decoder_masked,0,0,<SOS>,3,좋아한다,0.0
57,decoder_masked,0,1,선생님은,0,<SOS>,0.8239865899085999
57,decoder_masked,0,1,선생님은,1,선생님은,0.17601336538791656
57,decoder_masked,0,1,선생님은,2,로봇을,0.0
57,decoder_masked,0,1,선생님은,3,좋아한다,0.0
57,decoder_masked,0,2,로봇을,0,<SOS>,0.2186003476381302
57,decoder_masked,0,2,로봇을,1,선생님은,0.6416934132575989
57,decoder_masked,0,2,로봇을,2,로봇을,0.13970617949962616
57,decoder_masked,0,2,로봇을,3,좋아한다,0.0
57,decoder_masked,0,3,좋아한다,0,<SOS>,0.9582242965698242
57,decoder_masked,0,3,좋아한다,1,선생님은,0.012586782686412334
57,decoder_masked,0,3,좋아한다,2,로봇을,0.01702255941927433
57,decoder_masked,0,3,좋아한다,3,좋아한다,0.01216631568968296
57,decoder_masked,1,0,<SOS>,0,<SOS>,1.0
57,decoder_masked,1,0,<SOS>,1,선생님은,0.0
57,decoder_masked,1,0,<SOS>,2,로봇을,0.0
57,decoder_masked,1,0,<SOS>,3,좋아한다,0.0
57,decoder_masked,1,1,선생님은,0,<SOS>,0.87469083070755
57,decoder_masked,1,1,선생님은,1,선생님은,0.12530916929244995
57,decoder_masked,1,1,선생님은,2,로봇을,0.0
57,decoder_masked,1,1,선생님은,3,좋아한다,0.0
57,decoder_masked,1,2,로봇을,0,<SOS>,0.6303257346153259
57,decoder_masked,1,2,로봇을,1,선생님은,0.2558794617652893
57,decoder_masked,1,2,로봇을,2,로봇을,0.11379485577344894
57,decoder_masked,1,2,로봇을,3,좋아한다,0.0
57,decoder_masked,1,3,좋아한다,0,<SOS>,0.49655991792678833
57,decoder_masked,1,3,좋아한다,1,선생님은,0.06200918182730675
57,decoder_masked,1,3,좋아한다,2,로봇을,0.3519456386566162
57,decoder_masked,1,3,좋아한다,3,좋아한다,0.08948526531457901
57,decoder_cross,0,0,<SOS>,0,The,0.16949927806854248
57,decoder_cross,0,0,<SOS>,1,teacher,0.095972940325737
57,decoder_cross,0,0,<SOS>,2,likes,0.462893009185791
57,decoder_cross,0,0,<SOS>,3,robots,0.18057696521282196
57,decoder_cross,0,0,<SOS>,4,<EOS>,0.09105787426233292
57,decoder_cross,0,1,선생님은,0,The,0.2264944612979889
57,decoder_cross,0,1,선생님은,1,teacher,0.15145915746688843
57,decoder_cross,0,1,선생님은,2,likes,0.265298068523407
57,decoder_cross,0,1,선생님은,3,robots,0.192086324095726
57,decoder_cross,0,1,선생님은,4,<EOS>,0.16466203331947327
57,decoder_cross,0,2,로봇을,0,The,0.14551487565040588
57,decoder_cross,0,2,로봇을,1,teacher,0.1681954264640808
57,decoder_cross,0,2,로봇을,2,likes,0.3128160536289215
57,decoder_cross,0,2,로봇을,3,robots,0.2804841697216034
57,decoder_cross,0,2,로봇을,4,<EOS>,0.09298954159021378
57,decoder_cross,0,3,좋아한다,0,The,0.1963101476430893
57,decoder_cross,0,3,좋아한다,1,teacher,0.14458926022052765
57,decoder_cross,0,3,좋아한다,2,likes,0.313547819852829
57,decoder_cross,0,3,좋아한다,3,robots,0.20865528285503387
57,decoder_cross,0,3,좋아한다,4,<EOS>,0.1368975043296814
57,decoder_cross,1,0,<SOS>,0,The,0.17505857348442078
57,decoder_cross,1,0,<SOS>,1,teacher,0.1930125504732132
57,decoder_cross,1,0,<SOS>,2,likes,0.21890226006507874
57,decoder_cross,1,0,<SOS>,3,robots,0.23198232054710388
57,decoder_cross,1,0,<SOS>,4,<EOS>,0.18104425072669983
57,decoder_cross,1,1,선생님은,0,The,0.21267548203468323
57,decoder_cross,1,1,선생님은,1,teacher,0.2180013805627823
57,decoder_cross,1,1,선생님은,2,likes,0.12386782467365265
57,decoder_cross,1,1,선생님은,3,robots,0.23774732649326324
57,decoder_cross,1,1,선생님은,4,<EOS>,0.20770801603794098
57,decoder_cross,1,2,로봇을,0,The,0.1990395039319992
57,decoder_cross,1,2,로봇을,1,teacher,0.18014608323574066
57,decoder_cross,1,2,로봇을,2,likes,0.24702519178390503
57,decoder_cross,1,2,로봇을,3,robots,0.1942017823457718
57,decoder_cross,1,2,로봇을,4,<EOS>,0.1795874685049057
57,decoder_cross,1,3,좋아한다,0,The,0.20851536095142365
57,decoder_cross,1,3,좋아한다,1,teacher,0.21745002269744873
57,decoder_cross,1,3,좋아한다,2,likes,0.15861232578754425
57,decoder_cross,1,3,좋아한다,3,robots,0.20405544340610504
57,decoder_cross,1,3,좋아한다,4,<EOS>,0.21136686205863953
58,encoder_self,0,0,The,0,The,0.3247157633304596
58,encoder_self,0,0,The,1,teacher,0.014701923355460167
58,encoder_self,0,0,The,2,likes,0.006695902906358242
58,encoder_self,0,0,The,3,robots,0.06359061598777771
58,encoder_self,0,0,The,4,<EOS>,0.5902957320213318
58,encoder_self,0,1,teacher,0,The,0.0436740517616272
58,encoder_self,0,1,teacher,1,teacher,0.3179636597633362
58,encoder_self,0,1,teacher,2,likes,0.4272201955318451
58,encoder_self,0,1,teacher,3,robots,0.04117770120501518
58,encoder_self,0,1,teacher,4,<EOS>,0.16996434330940247
58,encoder_self,0,2,likes,0,The,0.12440146505832672
58,encoder_self,0,2,likes,1,teacher,0.38814491033554077
58,encoder_self,0,2,likes,2,likes,0.10389988869428635
58,encoder_self,0,2,likes,3,robots,0.2037002295255661
58,encoder_self,0,2,likes,4,<EOS>,0.17985357344150543
58,encoder_self,0,3,robots,0,The,0.004226024262607098
58,encoder_self,0,3,robots,1,teacher,0.08720099925994873
58,encoder_self,0,3,robots,2,likes,0.66682368516922
58,encoder_self,0,3,robots,3,robots,0.230797678232193
58,encoder_self,0,3,robots,4,<EOS>,0.010951602831482887
58,encoder_self,0,4,<EOS>,0,The,0.14017075300216675
58,encoder_self,0,4,<EOS>,1,teacher,0.13853663206100464
58,encoder_self,0,4,<EOS>,2,likes,0.06283193081617355
58,encoder_self,0,4,<EOS>,3,robots,0.12632451951503754
58,encoder_self,0,4,<EOS>,4,<EOS>,0.5321361422538757
58,encoder_self,1,0,The,0,The,0.016302036121487617
58,encoder_self,1,0,The,1,teacher,0.000128028288600035
58,encoder_self,1,0,The,2,likes,8.484908903483301e-05
58,encoder_self,1,0,The,3,robots,0.9725789427757263
58,encoder_self,1,0,The,4,<EOS>,0.010906139388680458
58,encoder_self,1,1,teacher,0,The,0.17835670709609985
58,encoder_self,1,1,teacher,1,teacher,0.17467135190963745
58,encoder_self,1,1,teacher,2,likes,0.30988261103630066
58,encoder_self,1,1,teacher,3,robots,0.07790310680866241
58,encoder_self,1,1,teacher,4,<EOS>,0.2591862380504608
58,encoder_self,1,2,likes,0,The,0.0817098394036293
58,encoder_self,1,2,likes,1,teacher,0.29634037613868713
58,encoder_self,1,2,likes,2,likes,0.49627530574798584
58,encoder_self,1,2,likes,3,robots,0.03786609321832657
58,encoder_self,1,2,likes,4,<EOS>,0.08780829608440399
58,encoder_self,1,3,robots,0,The,0.06718944013118744
58,encoder_self,1,3,robots,1,teacher,0.2854991853237152
58,encoder_self,1,3,robots,2,likes,0.3296141028404236
58,encoder_self,1,3,robots,3,robots,0.0016428957460448146
58,encoder_self,1,3,robots,4,<EOS>,0.3160543441772461
58,encoder_self,1,4,<EOS>,0,The,0.021064145490527153
58,encoder_self,1,4,<EOS>,1,teacher,0.0003647252160590142
58,encoder_self,1,4,<EOS>,2,likes,0.0004168690647929907
58,encoder_self,1,4,<EOS>,3,robots,0.9688684344291687
58,encoder_self,1,4,<EOS>,4,<EOS>,0.009285775944590569
58,decoder_masked,0,0,<SOS>,0,<SOS>,1.0
58,decoder_masked,0,0,<SOS>,1,선생님은,0.0
58,decoder_masked,0,0,<SOS>,2,로봇을,0.0
58,decoder_masked,0,0,<SOS>,3,좋아한다,0.0
58,decoder_masked,0,1,선생님은,0,<SOS>,0.8487573862075806
58,decoder_masked,0,1,선생님은,1,선생님은,0.15124256908893585
58,decoder_masked,0,1,선생님은,2,로봇을,0.0
58,decoder_masked,0,1,선생님은,3,좋아한다,0.0
58,decoder_masked,0,2,로봇을,0,<SOS>,0.20255449414253235
58,decoder_masked,0,2,로봇을,1,선생님은,0.6479019522666931
58,decoder_masked,0,2,로봇을,2,로봇을,0.1495436280965805
58,decoder_masked,0,2,로봇을,3,좋아한다,0.0
58,decoder_masked,0,3,좋아한다,0,<SOS>,0.9583767056465149
58,decoder_masked,0,3,좋아한다,1,선생님은,0.01235307939350605
58,decoder_masked,0,3,좋아한다,2,로봇을,0.017221570014953613
58,decoder_masked,0,3,좋아한다,3,좋아한다,0.012048683129251003
58,decoder_masked,1,0,<SOS>,0,<SOS>,1.0
58,decoder_masked,1,0,<SOS>,1,선생님은,0.0
58,decoder_masked,1,0,<SOS>,2,로봇을,0.0
58,decoder_masked,1,0,<SOS>,3,좋아한다,0.0
58,decoder_masked,1,1,선생님은,0,<SOS>,0.8734322786331177
58,decoder_masked,1,1,선생님은,1,선생님은,0.12656766176223755
58,decoder_masked,1,1,선생님은,2,로봇을,0.0
58,decoder_masked,1,1,선생님은,3,좋아한다,0.0
58,decoder_masked,1,2,로봇을,0,<SOS>,0.6032715439796448
58,decoder_masked,1,2,로봇을,1,선생님은,0.2769314646720886
58,decoder_masked,1,2,로봇을,2,로봇을,0.11979696899652481
58,decoder_masked,1,2,로봇을,3,좋아한다,0.0
58,decoder_masked,1,3,좋아한다,0,<SOS>,0.4876459240913391
58,decoder_masked,1,3,좋아한다,1,선생님은,0.06409874558448792
58,decoder_masked,1,3,좋아한다,2,로봇을,0.35766950249671936
58,decoder_masked,1,3,좋아한다,3,좋아한다,0.09058580547571182
58,decoder_cross,0,0,<SOS>,0,The,0.16994118690490723
58,decoder_cross,0,0,<SOS>,1,teacher,0.09672530740499496
58,decoder_cross,0,0,<SOS>,2,likes,0.46073177456855774
58,decoder_cross,0,0,<SOS>,3,robots,0.18076644837856293
58,decoder_cross,0,0,<SOS>,4,<EOS>,0.09183529019355774
58,decoder_cross,0,1,선생님은,0,The,0.22585885226726532
58,decoder_cross,0,1,선생님은,1,teacher,0.15282100439071655
58,decoder_cross,0,1,선생님은,2,likes,0.26324430108070374
58,decoder_cross,0,1,선생님은,3,robots,0.19283047318458557
58,decoder_cross,0,1,선생님은,4,<EOS>,0.16524530947208405
58,decoder_cross,0,2,로봇을,0,The,0.14714016020298004
58,decoder_cross,0,2,로봇을,1,teacher,0.17064131796360016
58,decoder_cross,0,2,로봇을,2,likes,0.3072097897529602
58,decoder_cross,0,2,로봇을,3,robots,0.2798210680484772
58,decoder_cross,0,2,로봇을,4,<EOS>,0.09518769383430481
58,decoder_cross,0,3,좋아한다,0,The,0.19671569764614105
58,decoder_cross,0,3,좋아한다,1,teacher,0.14574693143367767
58,decoder_cross,0,3,좋아한다,2,likes,0.3106488883495331
58,decoder_cross,0,3,좋아한다,3,robots,0.2087721973657608
58,decoder_cross,0,3,좋아한다,4,<EOS>,0.1381162852048874
58,decoder_cross,1,0,<SOS>,0,The,0.174879789352417
58,decoder_cross,1,0,<SOS>,1,teacher,0.19292877614498138
58,decoder_cross,1,0,<SOS>,2,likes,0.2197486013174057
58,decoder_cross,1,0,<SOS>,3,robots,0.23149099946022034
58,decoder_cross,1,0,<SOS>,4,<EOS>,0.18095184862613678
58,decoder_cross,1,1,선생님은,0,The,0.21214984357357025
58,decoder_cross,1,1,선생님은,1,teacher,0.21795262396335602
58,decoder_cross,1,1,선생님은,2,likes,0.12489502876996994
58,decoder_cross,1,1,선생님은,3,robots,0.23754119873046875
58,decoder_cross,1,1,선생님은,4,<EOS>,0.20746125280857086
58,decoder_cross,1,2,로봇을,0,The,0.1992434710264206
58,decoder_cross,1,2,로봇을,1,teacher,0.17991313338279724
58,decoder_cross,1,2,로봇을,2,likes,0.24784712493419647
58,decoder_cross,1,2,로봇을,3,robots,0.19341744482517242
58,decoder_cross,1,2,로봇을,4,<EOS>,0.17957879602909088
58,decoder_cross,1,3,좋아한다,0,The,0.20835694670677185
58,decoder_cross,1,3,좋아한다,1,teacher,0.217289000749588
58,decoder_cross,1,3,좋아한다,2,likes,0.15943105518817902
58,decoder_cross,1,3,좋아한다,3,robots,0.20369739830493927
58,decoder_cross,1,3,좋아한다,4,<EOS>,0.21122561395168304
59,encoder_self,0,0,The,0,The,0.32360902428627014
59,encoder_self,0,0,The,1,teacher,0.014903072267770767
59,encoder_self,0,0,The,2,likes,0.006795275490731001
59,encoder_self,0,0,The,3,robots,0.06422124803066254
59,encoder_self,0,0,The,4,<EOS>,0.5904713273048401
59,encoder_self,0,1,teacher,0,The,0.044486235827207565
59,encoder_self,0,1,teacher,1,teacher,0.3178216814994812
59,encoder_self,0,1,teacher,2,likes,0.4244445860385895
59,encoder_self,0,1,teacher,3,robots,0.04116731882095337
59,encoder_self,0,1,teacher,4,<EOS>,0.17208020389080048
59,encoder_self,0,2,likes,0,The,0.12548400461673737
59,encoder_self,0,2,likes,1,teacher,0.38682395219802856
59,encoder_self,0,2,likes,2,likes,0.10356125980615616
59,encoder_self,0,2,likes,3,robots,0.20331977307796478
59,encoder_self,0,2,likes,4,<EOS>,0.18081103265285492
59,encoder_self,0,3,robots,0,The,0.004199847113341093
59,encoder_self,0,3,robots,1,teacher,0.08727504312992096
59,encoder_self,0,3,robots,2,likes,0.6668075919151306
59,encoder_self,0,3,robots,3,robots,0.23080410063266754
59,encoder_self,0,3,robots,4,<EOS>,0.010913440957665443
59,encoder_self,0,4,<EOS>,0,The,0.14009329676628113
59,encoder_self,0,4,<EOS>,1,teacher,0.13897019624710083
59,encoder_self,0,4,<EOS>,2,likes,0.06292378902435303
59,encoder_self,0,4,<EOS>,3,robots,0.1264025866985321
59,encoder_self,0,4,<EOS>,4,<EOS>,0.5316100716590881
59,encoder_self,1,0,The,0,The,0.016194451600313187
59,encoder_self,1,0,The,1,teacher,0.00012783209967892617
59,encoder_self,1,0,The,2,likes,8.514616638422012e-05
59,encoder_self,1,0,The,3,robots,0.9727161526679993
59,encoder_self,1,0,The,4,<EOS>,0.010876411572098732
59,encoder_self,1,1,teacher,0,The,0.17834652960300446
59,encoder_self,1,1,teacher,1,teacher,0.1747320592403412
59,encoder_self,1,1,teacher,2,likes,0.30969202518463135
59,encoder_self,1,1,teacher,3,robots,0.07807369530200958
59,encoder_self,1,1,teacher,4,<EOS>,0.2591557204723358
59,encoder_self,1,2,likes,0,The,0.081908218562603
59,encoder_self,1,2,likes,1,teacher,0.29654446244239807
59,encoder_self,1,2,likes,2,likes,0.4957122802734375
59,encoder_self,1,2,likes,3,robots,0.037917256355285645
59,encoder_self,1,2,likes,4,<EOS>,0.08791782706975937
59,encoder_self,1,3,robots,0,The,0.06724755465984344
59,encoder_self,1,3,robots,1,teacher,0.2856927514076233
59,encoder_self,1,3,robots,2,likes,0.32922083139419556
59,encoder_self,1,3,robots,3,robots,0.001642997027374804
59,encoder_self,1,3,robots,4,<EOS>,0.31619587540626526
59,encoder_self,1,4,<EOS>,0,The,0.020937487483024597
59,encoder_self,1,4,<EOS>,1,teacher,0.00036426098085939884
59,encoder_self,1,4,<EOS>,2,likes,0.0004177899973001331
59,encoder_self,1,4,<EOS>,3,robots,0.9690199494361877
59,encoder_self,1,4,<EOS>,4,<EOS>,0.009260430000722408
59,decoder_masked,0,0,<SOS>,0,<SOS>,1.0
59,decoder_masked,0,0,<SOS>,1,선생님은,0.0
59,decoder_masked,0,0,<SOS>,2,로봇을,0.0
59,decoder_masked,0,0,<SOS>,3,좋아한다,0.0
59,decoder_masked,0,1,선생님은,0,<SOS>,0.8594891428947449
59,decoder_masked,0,1,선생님은,1,선생님은,0.14051088690757751
59,decoder_masked,0,1,선생님은,2,로봇을,0.0
59,decoder_masked,0,1,선생님은,3,좋아한다,0.0
59,decoder_masked,0,2,로봇을,0,<SOS>,0.20819038152694702
59,decoder_masked,0,2,로봇을,1,선생님은,0.642216145992279
59,decoder_masked,0,2,로봇을,2,로봇을,0.1495935320854187
59,decoder_masked,0,2,로봇을,3,좋아한다,0.0
59,decoder_masked,0,3,좋아한다,0,<SOS>,0.9598745703697205
59,decoder_masked,0,3,좋아한다,1,선생님은,0.01186293363571167
59,decoder_masked,0,3,좋아한다,2,로봇을,0.0167223010212183
59,decoder_masked,0,3,좋아한다,3,좋아한다,0.01154022105038166
59,decoder_masked,1,0,<SOS>,0,<SOS>,1.0
59,decoder_masked,1,0,<SOS>,1,선생님은,0.0
59,decoder_masked,1,0,<SOS>,2,로봇을,0.0
59,decoder_masked,1,0,<SOS>,3,좋아한다,0.0
59,decoder_masked,1,1,선생님은,0,<SOS>,0.876326858997345
59,decoder_masked,1,1,선생님은,1,선생님은,0.12367314845323563
59,decoder_masked,1,1,선생님은,2,로봇을,0.0
59,decoder_masked,1,1,선생님은,3,좋아한다,0.0
59,decoder_masked,1,2,로봇을,0,<SOS>,0.5893867015838623
59,decoder_masked,1,2,로봇을,1,선생님은,0.2879352867603302
59,decoder_masked,1,2,로봇을,2,로봇을,0.12267801910638809
59,decoder_masked,1,2,로봇을,3,좋아한다,0.0
59,decoder_masked,1,3,좋아한다,0,<SOS>,0.5010302066802979
59,decoder_masked,1,3,좋아한다,1,선생님은,0.06144724786281586
59,decoder_masked,1,3,좋아한다,2,로봇을,0.3496061861515045
59,decoder_masked,1,3,좋아한다,3,좋아한다,0.08791638165712357
59,decoder_cross,0,0,<SOS>,0,The,0.16940820217132568
59,decoder_cross,0,0,<SOS>,1,teacher,0.09815405309200287
59,decoder_cross,0,0,<SOS>,2,likes,0.457771897315979
59,decoder_cross,0,0,<SOS>,3,robots,0.1821206659078598
59,decoder_cross,0,0,<SOS>,4,<EOS>,0.09254518151283264
59,decoder_cross,0,1,선생님은,0,The,0.22415168583393097
59,decoder_cross,0,1,선생님은,1,teacher,0.15362191200256348
59,decoder_cross,0,1,선생님은,2,likes,0.2637101113796234
59,decoder_cross,0,1,선생님은,3,robots,0.19384680688381195
59,decoder_cross,0,1,선생님은,4,<EOS>,0.16466939449310303
59,decoder_cross,0,2,로봇을,0,The,0.14676952362060547
59,decoder_cross,0,2,로봇을,1,teacher,0.1720959097146988
59,decoder_cross,0,2,로봇을,2,likes,0.30471864342689514
59,decoder_cross,0,2,로봇을,3,robots,0.2808409631252289
59,decoder_cross,0,2,로봇을,4,<EOS>,0.0955749899148941
59,decoder_cross,0,3,좋아한다,0,The,0.19537997245788574
59,decoder_cross,0,3,좋아한다,1,teacher,0.14617285132408142
59,decoder_cross,0,3,좋아한다,2,likes,0.3112906813621521
59,decoder_cross,0,3,좋아한다,3,robots,0.20960992574691772
59,decoder_cross,0,3,좋아한다,4,<EOS>,0.13754655420780182
59,decoder_cross,1,0,<SOS>,0,The,0.1747535765171051
59,decoder_cross,1,0,<SOS>,1,teacher,0.1928955614566803
59,decoder_cross,1,0,<SOS>,2,likes,0.22012199461460114
59,decoder_cross,1,0,<SOS>,3,robots,0.23128464818000793
59,decoder_cross,1,0,<SOS>,4,<EOS>,0.18094420433044434
59,decoder_cross,1,1,선생님은,0,The,0.21131011843681335
59,decoder_cross,1,1,선생님은,1,teacher,0.21792015433311462
59,decoder_cross,1,1,선생님은,2,likes,0.1255643367767334
59,decoder_cross,1,1,선생님은,3,robots,0.23806221783161163
59,decoder_cross,1,1,선생님은,4,<EOS>,0.20714311301708221
59,decoder_cross,1,2,로봇을,0,The,0.19917789101600647
59,decoder_cross,1,2,로봇을,1,teacher,0.1798941045999527
59,decoder_cross,1,2,로봇을,2,likes,0.24794408679008484
59,decoder_cross,1,2,로봇을,3,robots,0.19350220263004303
59,decoder_cross,1,2,로봇을,4,<EOS>,0.17948172986507416
59,decoder_cross,1,3,좋아한다,0,The,0.20787061750888824
59,decoder_cross,1,3,좋아한다,1,teacher,0.21742983162403107
59,decoder_cross,1,3,좋아한다,2,likes,0.1594868302345276
59,decoder_cross,1,3,좋아한다,3,robots,0.20410992205142975
59,decoder_cross,1,3,좋아한다,4,<EOS>,0.21110288798809052
60,encoder_self,0,0,The,0,The,0.32258152961730957
60,encoder_self,0,0,The,1,teacher,0.015013853088021278
60,encoder_self,0,0,The,2,likes,0.006903704721480608
60,encoder_self,0,0,The,3,robots,0.06452636420726776
60,encoder_self,0,0,The,4,<EOS>,0.5909745097160339
60,encoder_self,0,1,teacher,0,The,0.04417790099978447
60,encoder_self,0,1,teacher,1,teacher,0.31759417057037354
60,encoder_self,0,1,teacher,2,likes,0.42689234018325806
60,encoder_self,0,1,teacher,3,robots,0.04098517820239067
60,encoder_self,0,1,teacher,4,<EOS>,0.17035040259361267
60,encoder_self,0,2,likes,0,The,0.12565745413303375
60,encoder_self,0,2,likes,1,teacher,0.3866358995437622
60,encoder_self,0,2,likes,2,likes,0.10335907340049744
60,encoder_self,0,2,likes,3,robots,0.20337063074111938
60,encoder_self,0,2,likes,4,<EOS>,0.18097694218158722
60,encoder_self,0,3,robots,0,The,0.0041779763996601105
60,encoder_self,0,3,robots,1,teacher,0.08718254417181015
60,encoder_self,0,3,robots,2,likes,0.6675347089767456
60,encoder_self,0,3,robots,3,robots,0.23025403916835785
60,encoder_self,0,3,robots,4,<EOS>,0.010850782506167889
60,encoder_self,0,4,<EOS>,0,The,0.13957521319389343
60,encoder_self,0,4,<EOS>,1,teacher,0.13966095447540283
60,encoder_self,0,4,<EOS>,2,likes,0.06386030465364456
60,encoder_self,0,4,<EOS>,3,robots,0.12656734883785248
60,encoder_self,0,4,<EOS>,4,<EOS>,0.5303362011909485
60,encoder_self,1,0,The,0,The,0.015884272754192352
60,encoder_self,1,0,The,1,teacher,0.00013144534023012966
60,encoder_self,1,0,The,2,likes,9.050506923813373e-05
60,encoder_self,1,0,The,3,robots,0.9730802774429321
60,encoder_self,1,0,The,4,<EOS>,0.010813534259796143
60,encoder_self,1,1,teacher,0,The,0.17763881385326385
60,encoder_self,1,1,teacher,1,teacher,0.17505870759487152
60,encoder_self,1,1,teacher,2,likes,0.31062954664230347
60,encoder_self,1,1,teacher,3,robots,0.07753410190343857
60,encoder_self,1,1,teacher,4,<EOS>,0.2591388523578644
60,encoder_self,1,2,likes,0,The,0.08331717550754547
60,encoder_self,1,2,likes,1,teacher,0.2971034049987793
60,encoder_self,1,2,likes,2,likes,0.49217262864112854
60,encoder_self,1,2,likes,3,robots,0.03841829299926758
60,encoder_self,1,2,likes,4,<EOS>,0.08898846060037613
60,encoder_self,1,3,robots,0,The,0.06683409214019775
60,encoder_self,1,3,robots,1,teacher,0.2860428988933563
60,encoder_self,1,3,robots,2,likes,0.3295415937900543
60,encoder_self,1,3,robots,3,robots,0.0016330271027982235
60,encoder_self,1,3,robots,4,<EOS>,0.31594833731651306
60,encoder_self,1,4,<EOS>,0,The,0.02073761448264122
60,encoder_self,1,4,<EOS>,1,teacher,0.0003728904703166336
60,encoder_self,1,4,<EOS>,2,likes,0.0004378464072942734
60,encoder_self,1,4,<EOS>,3,robots,0.9691928029060364
60,encoder_self,1,4,<EOS>,4,<EOS>,0.009258863516151905
60,decoder_masked,0,0,<SOS>,0,<SOS>,1.0
60,decoder_masked,0,0,<SOS>,1,선생님은,0.0
60,decoder_masked,0,0,<SOS>,2,로봇을,0.0
60,decoder_masked,0,0,<SOS>,3,좋아한다,0.0
60,decoder_masked,0,1,선생님은,0,<SOS>,0.861709475517273
60,decoder_masked,0,1,선생님은,1,선생님은,0.13829056918621063
60,decoder_masked,0,1,선생님은,2,로봇을,0.0
60,decoder_masked,0,1,선생님은,3,좋아한다,0.0
60,decoder_masked,0,2,로봇을,0,<SOS>,0.20853650569915771
60,decoder_masked,0,2,로봇을,1,선생님은,0.6409547328948975
60,decoder_masked,0,2,로봇을,2,로봇을,0.15050874650478363
60,decoder_masked,0,2,로봇을,3,좋아한다,0.0
60,decoder_masked,0,3,좋아한다,0,<SOS>,0.9609799981117249
60,decoder_masked,0,3,좋아한다,1,선생님은,0.011549434624612331
60,decoder_masked,0,3,좋아한다,2,로봇을,0.016275644302368164
60,decoder_masked,0,3,좋아한다,3,좋아한다,0.011194816790521145
60,decoder_masked,1,0,<SOS>,0,<SOS>,1.0
60,decoder_masked,1,0,<SOS>,1,선생님은,0.0
60,decoder_masked,1,0,<SOS>,2,로봇을,0.0
60,decoder_masked,1,0,<SOS>,3,좋아한다,0.0
60,decoder_masked,1,1,선생님은,0,<SOS>,0.8769221901893616
60,decoder_masked,1,1,선생님은,1,선생님은,0.12307781726121902
60,decoder_masked,1,1,선생님은,2,로봇을,0.0
60,decoder_masked,1,1,선생님은,3,좋아한다,0.0
60,decoder_masked,1,2,로봇을,0,<SOS>,0.582473635673523
60,decoder_masked,1,2,로봇을,1,선생님은,0.29128941893577576
60,decoder_masked,1,2,로봇을,2,로봇을,0.1262369006872177
60,decoder_masked,1,2,로봇을,3,좋아한다,0.0
60,decoder_masked,1,3,좋아한다,0,<SOS>,0.5021399855613708
60,decoder_masked,1,3,좋아한다,1,선생님은,0.061636924743652344
60,decoder_masked,1,3,좋아한다,2,로봇을,0.3483404219150543
60,decoder_masked,1,3,좋아한다,3,좋아한다,0.08788265287876129
60,decoder_cross,0,0,<SOS>,0,The,0.1697913110256195
60,decoder_cross,0,0,<SOS>,1,teacher,0.09797551482915878
60,decoder_cross,0,0,<SOS>,2,likes,0.4579167366027832
60,decoder_cross,0,0,<SOS>,3,robots,0.18154484033584595
60,decoder_cross,0,0,<SOS>,4,<EOS>,0.09277165681123734
60,decoder_cross,0,1,선생님은,0,The,0.22518755495548248
60,decoder_cross,0,1,선생님은,1,teacher,0.15375535190105438
60,decoder_cross,0,1,선생님은,2,likes,0.26198387145996094
60,decoder_cross,0,1,선생님은,3,robots,0.19294816255569458
60,decoder_cross,0,1,선생님은,4,<EOS>,0.16612502932548523
60,decoder_cross,0,2,로봇을,0,The,0.146797314286232
60,decoder_cross,0,2,로봇을,1,teacher,0.1722605973482132
60,decoder_cross,0,2,로봇을,2,likes,0.30461397767066956
60,decoder_cross,0,2,로봇을,3,robots,0.2806251049041748
60,decoder_cross,0,2,로봇을,4,<EOS>,0.09570300579071045
60,decoder_cross,0,3,좋아한다,0,The,0.19646313786506653
60,decoder_cross,0,3,좋아한다,1,teacher,0.1464264988899231
60,decoder_cross,0,3,좋아한다,2,likes,0.3095790445804596
60,decoder_cross,0,3,좋아한다,3,robots,0.20881740748882294
60,decoder_cross,0,3,좋아한다,4,<EOS>,0.13871382176876068
60,decoder_cross,1,0,<SOS>,0,The,0.17481645941734314
60,decoder_cross,1,0,<SOS>,1,teacher,0.19306498765945435
60,decoder_cross,1,0,<SOS>,2,likes,0.2196761518716812
60,decoder_cross,1,0,<SOS>,3,robots,0.23139320313930511
60,decoder_cross,1,0,<SOS>,4,<EOS>,0.18104921281337738
60,decoder_cross,1,1,선생님은,0,The,0.21171967685222626
60,decoder_cross,1,1,선생님은,1,teacher,0.2181793451309204
60,decoder_cross,1,1,선생님은,2,likes,0.12495141476392746
60,decoder_cross,1,1,선생님은,3,robots,0.23764336109161377
60,decoder_cross,1,1,선생님은,4,<EOS>,0.2075062096118927
60,decoder_cross,1,2,로봇을,0,The,0.19952714443206787
60,decoder_cross,1,2,로봇을,1,teacher,0.18011300265789032
60,decoder_cross,1,2,로봇을,2,likes,0.24715736508369446
60,decoder_cross,1,2,로봇을,3,robots,0.19339706003665924
60,decoder_cross,1,2,로봇을,4,<EOS>,0.17980539798736572
60,decoder_cross,1,3,좋아한다,0,The,0.20828783512115479
60,decoder_cross,1,3,좋아한다,1,teacher,0.21761898696422577
60,decoder_cross,1,3,좋아한다,2,likes,0.15858665108680725
60,decoder_cross,1,3,좋아한다,3,robots,0.20409676432609558
60,decoder_cross,1,3,좋아한다,4,<EOS>,0.21140974760055542
61,encoder_self,0,0,The,0,The,0.31991392374038696
61,encoder_self,0,0,The,1,teacher,0.015625808387994766
61,encoder_self,0,0,The,2,likes,0.007338691968470812
61,encoder_self,0,0,The,3,robots,0.06646858900785446
61,encoder_self,0,0,The,4,<EOS>,0.5906530618667603
61,encoder_self,0,1,teacher,0,The,0.04304342716932297
61,encoder_self,0,1,teacher,1,teacher,0.3176208436489105
61,encoder_self,0,1,teacher,2,likes,0.43206003308296204
61,encoder_self,0,1,teacher,3,robots,0.040817342698574066
61,encoder_self,0,1,teacher,4,<EOS>,0.16645842790603638
61,encoder_self,0,2,likes,0,The,0.12644900381565094
61,encoder_self,0,2,likes,1,teacher,0.3857007920742035
61,encoder_self,0,2,likes,2,likes,0.10297315567731857
61,encoder_self,0,2,likes,3,robots,0.20311830937862396
61,encoder_self,0,2,likes,4,<EOS>,0.18175873160362244
61,encoder_self,0,3,robots,0,The,0.0041432869620621204
61,encoder_self,0,3,robots,1,teacher,0.08719006925821304
61,encoder_self,0,3,robots,2,likes,0.6675075888633728
61,encoder_self,0,3,robots,3,robots,0.23037640750408173
61,encoder_self,0,3,robots,4,<EOS>,0.010782635770738125
61,encoder_self,0,4,<EOS>,0,The,0.13701818883419037
61,encoder_self,0,4,<EOS>,1,teacher,0.14333918690681458
61,encoder_self,0,4,<EOS>,2,likes,0.06680801510810852
61,encoder_self,0,4,<EOS>,3,robots,0.12875224649906158
61,encoder_self,0,4,<EOS>,4,<EOS>,0.5240823030471802
61,encoder_self,1,0,The,0,The,0.01602914184331894
61,encoder_self,1,0,The,1,teacher,0.00013154633052181453
61,encoder_self,1,0,The,2,likes,9.054101974470541e-05
61,encoder_self,1,0,The,3,robots,0.9728440046310425
61,encoder_self,1,0,The,4,<EOS>,0.010904691182076931
61,encoder_self,1,1,teacher,0,The,0.17756053805351257
61,encoder_self,1,1,teacher,1,teacher,0.17506195604801178
61,encoder_self,1,1,teacher,2,likes,0.31067171692848206
61,encoder_self,1,1,teacher,3,robots,0.07751673460006714
61,encoder_self,1,1,teacher,4,<EOS>,0.25918903946876526
61,encoder_self,1,2,likes,0,The,0.08317530900239944
61,encoder_self,1,2,likes,1,teacher,0.2971912622451782
61,encoder_self,1,2,likes,2,likes,0.49231594800949097
61,encoder_self,1,2,likes,3,robots,0.038451582193374634
61,encoder_self,1,2,likes,4,<EOS>,0.08886590600013733
61,encoder_self,1,3,robots,0,The,0.06676401942968369
61,encoder_self,1,3,robots,1,teacher,0.28608056902885437
61,encoder_self,1,3,robots,2,likes,0.32966265082359314
61,encoder_self,1,3,robots,3,robots,0.0016326053300872445
61,encoder_self,1,3,robots,4,<EOS>,0.3158600926399231
61,encoder_self,1,4,<EOS>,0,The,0.020854702219367027
61,encoder_self,1,4,<EOS>,1,teacher,0.00037279812386259437
61,encoder_self,1,4,<EOS>,2,likes,0.0004377711738925427
61,encoder_self,1,4,<EOS>,3,robots,0.9690299034118652
61,encoder_self,1,4,<EOS>,4,<EOS>,0.009304771199822426
61,decoder_masked,0,0,<SOS>,0,<SOS>,1.0
61,decoder_masked,0,0,<SOS>,1,선생님은,0.0
61,decoder_masked,0,0,<SOS>,2,로봇을,0.0
61,decoder_masked,0,0,<SOS>,3,좋아한다,0.0
61,decoder_masked,0,1,선생님은,0,<SOS>,0.8611090779304504
61,decoder_masked,0,1,선생님은,1,선생님은,0.1388908475637436
61,decoder_masked,0,1,선생님은,2,로봇을,0.0
61,decoder_masked,0,1,선생님은,3,좋아한다,0.0
61,decoder_masked,0,2,로봇을,0,<SOS>,0.20645175874233246
61,decoder_masked,0,2,로봇을,1,선생님은,0.6420301795005798
61,decoder_masked,0,2,로봇을,2,로봇을,0.1515180468559265
61,decoder_masked,0,2,로봇을,3,좋아한다,0.0
61,decoder_masked,0,3,좋아한다,0,<SOS>,0.9601618647575378
61,decoder_masked,0,3,좋아한다,1,선생님은,0.011754963546991348
61,decoder_masked,0,3,좋아한다,2,로봇을,0.01667911373078823
61,decoder_masked,0,3,좋아한다,3,좋아한다,0.011403976008296013
61,decoder_masked,1,0,<SOS>,0,<SOS>,1.0
61,decoder_masked,1,0,<SOS>,1,선생님은,0.0
61,decoder_masked,1,0,<SOS>,2,로봇을,0.0
61,decoder_masked,1,0,<SOS>,3,좋아한다,0.0
61,decoder_masked,1,1,선생님은,0,<SOS>,0.877184271812439
61,decoder_masked,1,1,선생님은,1,선생님은,0.12281575798988342
61,decoder_masked,1,1,선생님은,2,로봇을,0.0
61,decoder_masked,1,1,선생님은,3,좋아한다,0.0
61,decoder_masked,1,2,로봇을,0,<SOS>,0.5750790238380432
61,decoder_masked,1,2,로봇을,1,선생님은,0.29352280497550964
61,decoder_masked,1,2,로봇을,2,로봇을,0.13139812648296356
61,decoder_masked,1,2,로봇을,3,좋아한다,0.0
61,decoder_masked,1,3,좋아한다,0,<SOS>,0.509348452091217
61,decoder_masked,1,3,좋아한다,1,선생님은,0.06042417138814926
61,decoder_masked,1,3,좋아한다,2,로봇을,0.3441087603569031
61,decoder_masked,1,3,좋아한다,3,좋아한다,0.0861186683177948
61,decoder_cross,0,0,<SOS>,0,The,0.17112021148204803
61,decoder_cross,0,0,<SOS>,1,teacher,0.09789770841598511
61,decoder_cross,0,0,<SOS>,2,likes,0.4566606283187866
61,decoder_cross,0,0,<SOS>,3,robots,0.1807532161474228
61,decoder_cross,0,0,<SOS>,4,<EOS>,0.09356820583343506
61,decoder_cross,0,1,선생님은,0,The,0.2264523059129715
61,decoder_cross,0,1,선생님은,1,teacher,0.1531287133693695
61,decoder_cross,0,1,선생님은,2,likes,0.261588990688324
61,decoder_cross,0,1,선생님은,3,robots,0.1917026787996292
61,decoder_cross,0,1,선생님은,4,<EOS>,0.167127326130867
61,decoder_cross,0,2,로봇을,0,The,0.14727333188056946
61,decoder_cross,0,2,로봇을,1,teacher,0.17148081958293915
61,decoder_cross,0,2,로봇을,2,likes,0.3056063652038574
61,decoder_cross,0,2,로봇을,3,robots,0.27969199419021606
61,decoder_cross,0,2,로봇을,4,<EOS>,0.09594757109880447
61,decoder_cross,0,3,좋아한다,0,The,0.19757500290870667
61,decoder_cross,0,3,좋아한다,1,teacher,0.14592362940311432
61,decoder_cross,0,3,좋아한다,2,likes,0.3093782067298889
61,decoder_cross,0,3,좋아한다,3,robots,0.2078191190958023
61,decoder_cross,0,3,좋아한다,4,<EOS>,0.139304056763649
61,decoder_cross,1,0,<SOS>,0,The,0.17525714635849
61,decoder_cross,1,0,<SOS>,1,teacher,0.19350405037403107
61,decoder_cross,1,0,<SOS>,2,likes,0.21788820624351501
61,decoder_cross,1,0,<SOS>,3,robots,0.2318839579820633
61,decoder_cross,1,0,<SOS>,4,<EOS>,0.18146660923957825
61,decoder_cross,1,1,선생님은,0,The,0.21200509369373322
61,decoder_cross,1,1,선생님은,1,teacher,0.21823814511299133
61,decoder_cross,1,1,선생님은,2,likes,0.12465042620897293
61,decoder_cross,1,1,선생님은,3,robots,0.23754814267158508
61,decoder_cross,1,1,선생님은,4,<EOS>,0.20755824446678162
61,decoder_cross,1,2,로봇을,0,The,0.19977819919586182
61,decoder_cross,1,2,로봇을,1,teacher,0.18024525046348572
61,decoder_cross,1,2,로봇을,2,likes,0.24667149782180786
61,decoder_cross,1,2,로봇을,3,robots,0.19334591925144196
61,decoder_cross,1,2,로봇을,4,<EOS>,0.17995907366275787
61,decoder_cross,1,3,좋아한다,0,The,0.20868445932865143
61,decoder_cross,1,3,좋아한다,1,teacher,0.2178594172000885
61,decoder_cross,1,3,좋아한다,2,likes,0.157284677028656
61,decoder_cross,1,3,좋아한다,3,robots,0.20457038283348083
61,decoder_cross,1,3,좋아한다,4,<EOS>,0.21160103380680084
62,encoder_self,0,0,The,0,The,0.31528976559638977
62,encoder_self,0,0,The,1,teacher,0.016404371708631516
62,encoder_self,0,0,The,2,likes,0.007828700356185436
62,encoder_self,0,0,The,3,robots,0.06988563388586044
62,encoder_self,0,0,The,4,<EOS>,0.5905914902687073
62,encoder_self,0,1,teacher,0,The,0.0417952686548233
62,encoder_self,0,1,teacher,1,teacher,0.31818899512290955
62,encoder_self,0,1,teacher,2,likes,0.4359606206417084
62,encoder_self,0,1,teacher,3,robots,0.04101352393627167
62,encoder_self,0,1,teacher,4,<EOS>,0.16304156184196472
62,encoder_self,0,2,likes,0,The,0.12818193435668945
62,encoder_self,0,2,likes,1,teacher,0.38364675641059875
62,encoder_self,0,2,likes,2,likes,0.1020263284444809
62,encoder_self,0,2,likes,3,robots,0.20257140696048737
62,encoder_self,0,2,likes,4,<EOS>,0.18357355892658234
62,encoder_self,0,3,robots,0,The,0.003942789044231176
62,encoder_self,0,3,robots,1,teacher,0.08676890283823013
62,encoder_self,0,3,robots,2,likes,0.6703981161117554
62,encoder_self,0,3,robots,3,robots,0.22852936387062073
62,encoder_self,0,3,robots,4,<EOS>,0.010360775515437126
62,encoder_self,0,4,<EOS>,0,The,0.13284415006637573
62,encoder_self,0,4,<EOS>,1,teacher,0.14803959429264069
62,encoder_self,0,4,<EOS>,2,likes,0.07001391798257828
62,encoder_self,0,4,<EOS>,3,robots,0.13311193883419037
62,encoder_self,0,4,<EOS>,4,<EOS>,0.5159903764724731
62,encoder_self,1,0,The,0,The,0.015329738147556782
62,encoder_self,1,0,The,1,teacher,0.00012957256694789976
62,encoder_self,1,0,The,2,likes,8.978765254141763e-05
62,encoder_self,1,0,The,3,robots,0.973887026309967
62,encoder_self,1,0,The,4,<EOS>,0.010563894174993038
62,encoder_self,1,1,teacher,0,The,0.1777288168668747
62,encoder_self,1,1,teacher,1,teacher,0.1748315542936325
62,encoder_self,1,1,teacher,2,likes,0.3103170394897461
62,encoder_self,1,1,teacher,3,robots,0.07757626473903656
62,encoder_self,1,1,teacher,4,<EOS>,0.2595463693141937
62,encoder_self,1,2,likes,0,The,0.0837693139910698
62,encoder_self,1,2,likes,1,teacher,0.29723766446113586
62,encoder_self,1,2,likes,2,likes,0.4915160536766052
62,encoder_self,1,2,likes,3,robots,0.03826088458299637
62,encoder_self,1,2,likes,4,<EOS>,0.08921612054109573
62,encoder_self,1,3,robots,0,The,0.06706298887729645
62,encoder_self,1,3,robots,1,teacher,0.285442978143692
62,encoder_self,1,3,robots,2,likes,0.32870781421661377
62,encoder_self,1,3,robots,3,robots,0.0016331005608662963
62,encoder_self,1,3,robots,4,<EOS>,0.31715312600135803
62,encoder_self,1,4,<EOS>,0,The,0.020210441201925278
62,encoder_self,1,4,<EOS>,1,teacher,0.0003679071378428489
62,encoder_self,1,4,<EOS>,2,likes,0.00043409853242337704
62,encoder_self,1,4,<EOS>,3,robots,0.969900369644165
62,encoder_self,1,4,<EOS>,4,<EOS>,0.009087197482585907
62,decoder_masked,0,0,<SOS>,0,<SOS>,1.0
62,decoder_masked,0,0,<SOS>,1,선생님은,0.0
62,decoder_masked,0,0,<SOS>,2,로봇을,0.0
62,decoder_masked,0,0,<SOS>,3,좋아한다,0.0
62,decoder_masked,0,1,선생님은,0,<SOS>,0.8501320481300354
62,decoder_masked,0,1,선생님은,1,선생님은,0.1498679667711258
62,decoder_masked,0,1,선생님은,2,로봇을,0.0
62,decoder_masked,0,1,선생님은,3,좋아한다,0.0
62,decoder_masked,0,2,로봇을,0,<SOS>,0.20019681751728058
62,decoder_masked,0,2,로봇을,1,선생님은,0.6483315825462341
62,decoder_masked,0,2,로봇을,2,로봇을,0.1514715701341629
62,decoder_masked,0,2,로봇을,3,좋아한다,0.0
62,decoder_masked,0,3,좋아한다,0,<SOS>,0.9460440874099731
62,decoder_masked,0,3,좋아한다,1,선생님은,0.016864752396941185
62,decoder_masked,0,3,좋아한다,2,로봇을,0.020965881645679474
62,decoder_masked,0,3,좋아한다,3,좋아한다,0.016125380992889404
62,decoder_masked,1,0,<SOS>,0,<SOS>,1.0
62,decoder_masked,1,0,<SOS>,1,선생님은,0.0
62,decoder_masked,1,0,<SOS>,2,로봇을,0.0
62,decoder_masked,1,0,<SOS>,3,좋아한다,0.0
62,decoder_masked,1,1,선생님은,0,<SOS>,0.8798989057540894
62,decoder_masked,1,1,선생님은,1,선생님은,0.12010106444358826
62,decoder_masked,1,1,선생님은,2,로봇을,0.0
62,decoder_masked,1,1,선생님은,3,좋아한다,0.0
62,decoder_masked,1,2,로봇을,0,<SOS>,0.5677036643028259
62,decoder_masked,1,2,로봇을,1,선생님은,0.2980116009712219
62,decoder_masked,1,2,로봇을,2,로봇을,0.13428473472595215
62,decoder_masked,1,2,로봇을,3,좋아한다,0.0
62,decoder_masked,1,3,좋아한다,0,<SOS>,0.5189807415008545
62,decoder_masked,1,3,좋아한다,1,선생님은,0.0590984970331192
62,decoder_masked,1,3,좋아한다,2,로봇을,0.33823153376579285
62,decoder_masked,1,3,좋아한다,3,좋아한다,0.08368923515081406
62,decoder_cross,0,0,<SOS>,0,The,0.17166028916835785
62,decoder_cross,0,0,<SOS>,1,teacher,0.09726498275995255
62,decoder_cross,0,0,<SOS>,2,likes,0.4572980999946594
62,decoder_cross,0,0,<SOS>,3,robots,0.17985393106937408
62,decoder_cross,0,0,<SOS>,4,<EOS>,0.0939226746559143
62,decoder_cross,0,1,선생님은,0,The,0.22789523005485535
62,decoder_cross,0,1,선생님은,1,teacher,0.15194171667099
62,decoder_cross,0,1,선생님은,2,likes,0.26178479194641113
62,decoder_cross,0,1,선생님은,3,robots,0.1897418051958084
62,decoder_cross,0,1,선생님은,4,<EOS>,0.1686365306377411
62,decoder_cross,0,2,로봇을,0,The,0.14702807366847992
62,decoder_cross,0,2,로봇을,1,teacher,0.17066188156604767
62,decoder_cross,0,2,로봇을,2,likes,0.3067317605018616
62,decoder_cross,0,2,로봇을,3,robots,0.279781699180603
62,decoder_cross,0,2,로봇을,4,<EOS>,0.095796599984169
62,decoder_cross,0,3,좋아한다,0,The,0.19861745834350586
62,decoder_cross,0,3,좋아한다,1,teacher,0.145107239484787
62,decoder_cross,0,3,좋아한다,2,likes,0.30961403250694275
62,decoder_cross,0,3,좋아한다,3,robots,0.20633335411548615
62,decoder_cross,0,3,좋아한다,4,<EOS>,0.14032787084579468
62,decoder_cross,1,0,<SOS>,0,The,0.17540428042411804
62,decoder_cross,1,0,<SOS>,1,teacher,0.19410090148448944
62,decoder_cross,1,0,<SOS>,2,likes,0.2160152792930603
62,decoder_cross,1,0,<SOS>,3,robots,0.23250174522399902
62,decoder_cross,1,0,<SOS>,4,<EOS>,0.18197780847549438
62,decoder_cross,1,1,선생님은,0,The,0.21234406530857086
62,decoder_cross,1,1,선생님은,1,teacher,0.21885046362876892
62,decoder_cross,1,1,선생님은,2,likes,0.12326478213071823
62,decoder_cross,1,1,선생님은,3,robots,0.2374039888381958
62,decoder_cross,1,1,선생님은,4,<EOS>,0.20813670754432678
62,decoder_cross,1,2,로봇을,0,The,0.20014050602912903
62,decoder_cross,1,2,로봇을,1,teacher,0.18038929998874664
62,decoder_cross,1,2,로봇을,2,likes,0.24612824618816376
62,decoder_cross,1,2,로봇을,3,robots,0.19328296184539795
62,decoder_cross,1,2,로봇을,4,<EOS>,0.18005897104740143
62,decoder_cross,1,3,좋아한다,0,The,0.2090969830751419
62,decoder_cross,1,3,좋아한다,1,teacher,0.21849173307418823
62,decoder_cross,1,3,좋아한다,2,likes,0.15545490384101868
62,decoder_cross,1,3,좋아한다,3,robots,0.2046637237071991
62,decoder_cross,1,3,좋아한다,4,<EOS>,0.21229271590709686
63,encoder_self,0,0,The,0,The,0.31602925062179565
63,encoder_self,0,0,The,1,teacher,0.016380950808525085
63,encoder_self,0,0,The,2,likes,0.007765920367091894
63,encoder_self,0,0,The,3,robots,0.06780724227428436
63,encoder_self,0,0,The,4,<EOS>,0.5920166969299316
63,encoder_self,0,1,teacher,0,The,0.04171259328722954
63,encoder_self,0,1,teacher,1,teacher,0.3190010190010071
63,encoder_self,0,1,teacher,2,likes,0.43579936027526855
63,encoder_self,0,1,teacher,3,robots,0.04064575582742691
63,encoder_self,0,1,teacher,4,<EOS>,0.16284121572971344
63,encoder_self,0,2,likes,0,The,0.12783382833003998
63,encoder_self,0,2,likes,1,teacher,0.3833650052547455
63,encoder_self,0,2,likes,2,likes,0.10196977853775024
63,encoder_self,0,2,likes,3,robots,0.20371849834918976
63,encoder_self,0,2,likes,4,<EOS>,0.18311290442943573
63,encoder_self,0,3,robots,0,The,0.004000144079327583
63,encoder_self,0,3,robots,1,teacher,0.08768665045499802
63,encoder_self,0,3,robots,2,likes,0.6735386252403259
63,encoder_self,0,3,robots,3,robots,0.2242664396762848
63,encoder_self,0,3,robots,4,<EOS>,0.010508115403354168
63,encoder_self,0,4,<EOS>,0,The,0.13343210518360138
63,encoder_self,0,4,<EOS>,1,teacher,0.14839978516101837
63,encoder_self,0,4,<EOS>,2,likes,0.06980428844690323
63,encoder_self,0,4,<EOS>,3,robots,0.13016387820243835
63,encoder_self,0,4,<EOS>,4,<EOS>,0.5181999802589417
63,encoder_self,1,0,The,0,The,0.017159393057227135
63,encoder_self,1,0,The,1,teacher,0.0001372117840219289
63,encoder_self,1,0,The,2,likes,9.424385643796995e-05
63,encoder_self,1,0,The,3,robots,0.9708492159843445
63,encoder_self,1,0,The,4,<EOS>,0.01176002062857151
63,encoder_self,1,1,teacher,0,The,0.17791420221328735
63,encoder_self,1,1,teacher,1,teacher,0.17493762075901031
63,encoder_self,1,1,teacher,2,likes,0.31004008650779724
63,encoder_self,1,1,teacher,3,robots,0.07669740170240402
63,encoder_self,1,1,teacher,4,<EOS>,0.26041075587272644
63,encoder_self,1,2,likes,0,The,0.08268499374389648
63,encoder_self,1,2,likes,1,teacher,0.297355979681015
63,encoder_self,1,2,likes,2,likes,0.4929005801677704
63,encoder_self,1,2,likes,3,robots,0.03890443220734596
63,encoder_self,1,2,likes,4,<EOS>,0.08815402537584305
63,encoder_self,1,3,robots,0,The,0.06688448041677475
63,encoder_self,1,3,robots,1,teacher,0.2856496572494507
63,encoder_self,1,3,robots,2,likes,0.32888683676719666
63,encoder_self,1,3,robots,3,robots,0.0016268645413219929
63,encoder_self,1,3,robots,4,<EOS>,0.3169521689414978
63,encoder_self,1,4,<EOS>,0,The,0.021874448284506798
63,encoder_self,1,4,<EOS>,1,teacher,0.00038378385943360627
63,encoder_self,1,4,<EOS>,2,likes,0.0004501953662838787
63,encoder_self,1,4,<EOS>,3,robots,0.9674848318099976
63,encoder_self,1,4,<EOS>,4,<EOS>,0.009806757792830467
63,decoder_masked,0,0,<SOS>,0,<SOS>,1.0
63,decoder_masked,0,0,<SOS>,1,선생님은,0.0
63,decoder_masked,0,0,<SOS>,2,로봇을,0.0
63,decoder_masked,0,0,<SOS>,3,좋아한다,0.0
63,decoder_masked,0,1,선생님은,0,<SOS>,0.8738806247711182
63,decoder_masked,0,1,선생님은,1,선생님은,0.12611937522888184
63,decoder_masked,0,1,선생님은,2,로봇을,0.0
63,decoder_masked,0,1,선생님은,3,좋아한다,0.0
63,decoder_masked,0,2,로봇을,0,<SOS>,0.2492145448923111
63,decoder_masked,0,2,로봇을,1,선생님은,0.5984042286872864
63,decoder_masked,0,2,로봇을,2,로봇을,0.15238116681575775
63,decoder_masked,0,2,로봇을,3,좋아한다,0.0
63,decoder_masked,0,3,좋아한다,0,<SOS>,0.953841507434845
63,decoder_masked,0,3,좋아한다,1,선생님은,0.014077228493988514
63,decoder_masked,0,3,좋아한다,2,로봇을,0.01858821138739586
63,decoder_masked,0,3,좋아한다,3,좋아한다,0.013492973521351814
63,decoder_masked,1,0,<SOS>,0,<SOS>,1.0
63,decoder_masked,1,0,<SOS>,1,선생님은,0.0
63,decoder_masked,1,0,<SOS>,2,로봇을,0.0
63,decoder_masked,1,0,<SOS>,3,좋아한다,0.0
63,decoder_masked,1,1,선생님은,0,<SOS>,0.8861658573150635
63,decoder_masked,1,1,선생님은,1,선생님은,0.1138341873884201
63,decoder_masked,1,1,선생님은,2,로봇을,0.0
63,decoder_masked,1,1,선생님은,3,좋아한다,0.0
63,decoder_masked,1,2,로봇을,0,<SOS>,0.5433775186538696
63,decoder_masked,1,2,로봇을,1,선생님은,0.31301653385162354
63,decoder_masked,1,2,로봇을,2,로봇을,0.14360597729682922
63,decoder_masked,1,2,로봇을,3,좋아한다,0.0
63,decoder_masked,1,3,좋아한다,0,<SOS>,0.5351923108100891
63,decoder_masked,1,3,좋아한다,1,선생님은,0.05648238956928253
63,decoder_masked,1,3,좋아한다,2,로봇을,0.3284655511379242
63,decoder_masked,1,3,좋아한다,3,좋아한다,0.07985981553792953
63,decoder_cross,0,0,<SOS>,0,The,0.17461077868938446
63,decoder_cross,0,0,<SOS>,1,teacher,0.0972006693482399
63,decoder_cross,0,0,<SOS>,2,likes,0.45484426617622375
63,decoder_cross,0,0,<SOS>,3,robots,0.177720308303833
63,decoder_cross,0,0,<SOS>,4,<EOS>,0.09562405198812485
63,decoder_cross,0,1,선생님은,0,The,0.2297171950340271
63,decoder_cross,0,1,선생님은,1,teacher,0.14842115342617035
63,decoder_cross,0,1,선생님은,2,likes,0.2673131227493286
63,decoder_cross,0,1,선생님은,3,robots,0.18709996342658997
63,decoder_cross,0,1,선생님은,4,<EOS>,0.16744855046272278
63,decoder_cross,0,2,로봇을,0,The,0.14850780367851257
63,decoder_cross,0,2,로봇을,1,teacher,0.16954529285430908
63,decoder_cross,0,2,로봇을,2,likes,0.30860093235969543
63,decoder_cross,0,2,로봇을,3,robots,0.2773033380508423
63,decoder_cross,0,2,로봇을,4,<EOS>,0.09604257345199585
63,decoder_cross,0,3,좋아한다,0,The,0.2004643678665161
63,decoder_cross,0,3,좋아한다,1,teacher,0.14257380366325378
63,decoder_cross,0,3,좋아한다,2,likes,0.3133646845817566
63,decoder_cross,0,3,좋아한다,3,robots,0.20358841121196747
63,decoder_cross,0,3,좋아한다,4,<EOS>,0.14000867307186127
63,decoder_cross,1,0,<SOS>,0,The,0.17520104348659515
63,decoder_cross,1,0,<SOS>,1,teacher,0.19418638944625854
63,decoder_cross,1,0,<SOS>,2,likes,0.2159126251935959
63,decoder_cross,1,0,<SOS>,3,robots,0.23276565968990326
63,decoder_cross,1,0,<SOS>,4,<EOS>,0.18193425238132477
63,decoder_cross,1,1,선생님은,0,The,0.20990842580795288
63,decoder_cross,1,1,선생님은,1,teacher,0.2186214029788971
63,decoder_cross,1,1,선생님은,2,likes,0.12520378828048706
63,decoder_cross,1,1,선생님은,3,robots,0.23960280418395996
63,decoder_cross,1,1,선생님은,4,<EOS>,0.20666363835334778
63,decoder_cross,1,2,로봇을,0,The,0.1992948204278946
63,decoder_cross,1,2,로봇을,1,teacher,0.18037080764770508
63,decoder_cross,1,2,로봇을,2,likes,0.24610020220279694
63,decoder_cross,1,2,로봇을,3,robots,0.19451983273029327
63,decoder_cross,1,2,로봇을,4,<EOS>,0.17971432209014893
63,decoder_cross,1,3,좋아한다,0,The,0.20768266916275024
63,decoder_cross,1,3,좋아한다,1,teacher,0.2184196561574936
63,decoder_cross,1,3,좋아한다,2,likes,0.15597084164619446
63,decoder_cross,1,3,좋아한다,3,robots,0.20665262639522552
63,decoder_cross,1,3,좋아한다,4,<EOS>,0.21127423644065857
64,encoder_self,0,0,The,0,The,0.3157993257045746
64,encoder_self,0,0,The,1,teacher,0.016385214403271675
64,encoder_self,0,0,The,2,likes,0.007774782367050648
64,encoder_self,0,0,The,3,robots,0.0673716589808464
64,encoder_self,0,0,The,4,<EOS>,0.5926690697669983
64,encoder_self,0,1,teacher,0,The,0.041689638048410416
64,encoder_self,0,1,teacher,1,teacher,0.3187987506389618
64,encoder_self,0,1,teacher,2,likes,0.4360623061656952
64,encoder_self,0,1,teacher,3,robots,0.04051202908158302
64,encoder_self,0,1,teacher,4,<EOS>,0.16293732821941376
64,encoder_self,0,2,likes,0,The,0.12781639397144318
64,encoder_self,0,2,likes,1,teacher,0.3833083510398865
64,encoder_self,0,2,likes,2,likes,0.10188447684049606
64,encoder_self,0,2,likes,3,robots,0.20387044548988342
64,encoder_self,0,2,likes,4,<EOS>,0.18312038481235504
64,encoder_self,0,3,robots,0,The,0.004005229100584984
64,encoder_self,0,3,robots,1,teacher,0.08776255697011948
64,encoder_self,0,3,robots,2,likes,0.6737388372421265
64,encoder_self,0,3,robots,3,robots,0.22397175431251526
64,encoder_self,0,3,robots,4,<EOS>,0.010521618649363518
64,encoder_self,0,4,<EOS>,0,The,0.13338595628738403
64,encoder_self,0,4,<EOS>,1,teacher,0.14840452373027802
64,encoder_self,0,4,<EOS>,2,likes,0.0698755756020546
64,encoder_self,0,4,<EOS>,3,robots,0.1294104903936386
64,encoder_self,0,4,<EOS>,4,<EOS>,0.5189234614372253
64,encoder_self,1,0,The,0,The,0.016601528972387314
64,encoder_self,1,0,The,1,teacher,0.00013993274478707463
64,encoder_self,1,0,The,2,likes,0.00010544913675403222
64,encoder_self,1,0,The,3,robots,0.9713976383209229
64,encoder_self,1,0,The,4,<EOS>,0.011755458079278469
64,encoder_self,1,1,teacher,0,The,0.17594705522060394
64,encoder_self,1,1,teacher,1,teacher,0.17488552629947662
64,encoder_self,1,1,teacher,2,likes,0.3140149712562561
64,encoder_self,1,1,teacher,3,robots,0.07614506036043167
64,encoder_self,1,1,teacher,4,<EOS>,0.25900736451148987
64,encoder_self,1,2,likes,0,The,0.0845995619893074
64,encoder_self,1,2,likes,1,teacher,0.30021733045578003
64,encoder_self,1,2,likes,2,likes,0.4861920475959778
64,encoder_self,1,2,likes,3,robots,0.03952499106526375
64,encoder_self,1,2,likes,4,<EOS>,0.08946606516838074
64,encoder_self,1,3,robots,0,The,0.06644362211227417
64,encoder_self,1,3,robots,1,teacher,0.2854015827178955
64,encoder_self,1,3,robots,2,likes,0.3306846618652344
64,encoder_self,1,3,robots,3,robots,0.0016158550279214978
64,encoder_self,1,3,robots,4,<EOS>,0.3158542811870575
64,encoder_self,1,4,<EOS>,0,The,0.021334988996386528
64,encoder_self,1,4,<EOS>,1,teacher,0.00038975386996753514
64,encoder_self,1,4,<EOS>,2,likes,0.0004890313139185309
64,encoder_self,1,4,<EOS>,3,robots,0.9679852724075317
64,encoder_self,1,4,<EOS>,4,<EOS>,0.009800865314900875
64,decoder_masked,0,0,<SOS>,0,<SOS>,1.0
64,decoder_masked,0,0,<SOS>,1,선생님은,0.0
64,decoder_masked,0,0,<SOS>,2,로봇을,0.0
64,decoder_masked,0,0,<SOS>,3,좋아한다,0.0
64,decoder_masked,0,1,선생님은,0,<SOS>,0.8702588081359863
64,decoder_masked,0,1,선생님은,1,선생님은,0.12974119186401367
64,decoder_masked,0,1,선생님은,2,로봇을,0.0
64,decoder_masked,0,1,선생님은,3,좋아한다,0.0
64,decoder_masked,0,2,로봇을,0,<SOS>,0.24483419954776764
64,decoder_masked,0,2,로봇을,1,선생님은,0.60099858045578
64,decoder_masked,0,2,로봇을,2,로봇을,0.15416721999645233
64,decoder_masked,0,2,로봇을,3,좋아한다,0.0
64,decoder_masked,0,3,좋아한다,0,<SOS>,0.9505806565284729
64,decoder_masked,0,3,좋아한다,1,선생님은,0.015132052823901176
64,decoder_masked,0,3,좋아한다,2,로봇을,0.019870856776833534
64,decoder_masked,0,3,좋아한다,3,좋아한다,0.014416457153856754
64,decoder_masked,1,0,<SOS>,0,<SOS>,1.0
64,decoder_masked,1,0,<SOS>,1,선생님은,0.0
64,decoder_masked,1,0,<SOS>,2,로봇을,0.0
64,decoder_masked,1,0,<SOS>,3,좋아한다,0.0
64,decoder_masked,1,1,선생님은,0,<SOS>,0.8808590769767761
64,decoder_masked,1,1,선생님은,1,선생님은,0.11914090067148209
64,decoder_masked,1,1,선생님은,2,로봇을,0.0
64,decoder_masked,1,1,선생님은,3,좋아한다,0.0
64,decoder_masked,1,2,로봇을,0,<SOS>,0.5295342206954956
64,decoder_masked,1,2,로봇을,1,선생님은,0.32234492897987366
64,decoder_masked,1,2,로봇을,2,로봇을,0.1481209099292755
64,decoder_masked,1,2,로봇을,3,좋아한다,0.0
64,decoder_masked,1,3,좋아한다,0,<SOS>,0.5155709981918335
64,decoder_masked,1,3,좋아한다,1,선생님은,0.0589047372341156
64,decoder_masked,1,3,좋아한다,2,로봇을,0.3456971347332001
64,decoder_masked,1,3,좋아한다,3,좋아한다,0.07982707023620605
64,decoder_cross,0,0,<SOS>,0,The,0.17504000663757324
64,decoder_cross,0,0,<SOS>,1,teacher,0.09715365618467331
64,decoder_cross,0,0,<SOS>,2,likes,0.45443108677864075
64,decoder_cross,0,0,<SOS>,3,robots,0.17727847397327423
64,decoder_cross,0,0,<SOS>,4,<EOS>,0.09609673917293549
64,decoder_cross,0,1,선생님은,0,The,0.23128288984298706
64,decoder_cross,0,1,선생님은,1,teacher,0.1482623815536499
64,decoder_cross,0,1,선생님은,2,likes,0.2657468318939209
64,decoder_cross,0,1,선생님은,3,robots,0.1860053837299347
64,decoder_cross,0,1,선생님은,4,<EOS>,0.16870248317718506
64,decoder_cross,0,2,로봇을,0,The,0.1495344191789627
64,decoder_cross,0,2,로봇을,1,teacher,0.16981036961078644
64,decoder_cross,0,2,로봇을,2,likes,0.307298481464386
64,decoder_cross,0,2,로봇을,3,robots,0.27634894847869873
64,decoder_cross,0,2,로봇을,4,<EOS>,0.09700774401426315
64,decoder_cross,0,3,좋아한다,0,The,0.20222914218902588
64,decoder_cross,0,3,좋아한다,1,teacher,0.1421997845172882
64,decoder_cross,0,3,좋아한다,2,likes,0.3121541440486908
64,decoder_cross,0,3,좋아한다,3,robots,0.20215104520320892
64,decoder_cross,0,3,좋아한다,4,<EOS>,0.14126594364643097
64,decoder_cross,1,0,<SOS>,0,The,0.1754145622253418
64,decoder_cross,1,0,<SOS>,1,teacher,0.1941727101802826
64,decoder_cross,1,0,<SOS>,2,likes,0.21509794890880585
64,decoder_cross,1,0,<SOS>,3,robots,0.2333332896232605
64,decoder_cross,1,0,<SOS>,4,<EOS>,0.18198153376579285
64,decoder_cross,1,1,선생님은,0,The,0.21010394394397736
64,decoder_cross,1,1,선생님은,1,teacher,0.2184871882200241
64,decoder_cross,1,1,선생님은,2,likes,0.12445355951786041
64,decoder_cross,1,1,선생님은,3,robots,0.24057221412658691
64,decoder_cross,1,1,선생님은,4,<EOS>,0.20638304948806763
64,decoder_cross,1,2,로봇을,0,The,0.199782133102417
64,decoder_cross,1,2,로봇을,1,teacher,0.18029385805130005
64,decoder_cross,1,2,로봇을,2,likes,0.24529826641082764
64,decoder_cross,1,2,로봇을,3,robots,0.19482626020908356
64,decoder_cross,1,2,로봇을,4,<EOS>,0.17979951202869415
64,decoder_cross,1,3,좋아한다,0,The,0.20802289247512817
64,decoder_cross,1,3,좋아한다,1,teacher,0.21825262904167175
64,decoder_cross,1,3,좋아한다,2,likes,0.15542665123939514
64,decoder_cross,1,3,좋아한다,3,robots,0.2072141319513321
64,decoder_cross,1,3,좋아한다,4,<EOS>,0.21108368039131165
65,encoder_self,0,0,The,0,The,0.31515029072761536
65,encoder_self,0,0,The,1,teacher,0.016290850937366486
65,encoder_self,0,0,The,2,likes,0.007711529266089201
65,encoder_self,0,0,The,3,robots,0.06714172661304474
65,encoder_self,0,0,The,4,<EOS>,0.5937055945396423
65,encoder_self,0,1,teacher,0,The,0.04192604124546051
65,encoder_self,0,1,teacher,1,teacher,0.31839561462402344
65,encoder_self,0,1,teacher,2,likes,0.4352644383907318
65,encoder_self,0,1,teacher,3,robots,0.04052063450217247
65,encoder_self,0,1,teacher,4,<EOS>,0.16389316320419312
65,encoder_self,0,2,likes,0,The,0.12754014134407043
65,encoder_self,0,2,likes,1,teacher,0.38387006521224976
65,encoder_self,0,2,likes,2,likes,0.1020667776465416
65,encoder_self,0,2,likes,3,robots,0.20391128957271576
65,encoder_self,0,2,likes,4,<EOS>,0.18261176347732544
65,encoder_self,0,3,robots,0,The,0.004036883357912302
65,encoder_self,0,3,robots,1,teacher,0.08775269240140915
65,encoder_self,0,3,robots,2,likes,0.6734299063682556
65,encoder_self,0,3,robots,3,robots,0.22416594624519348
65,encoder_self,0,3,robots,4,<EOS>,0.010614532977342606
65,encoder_self,0,4,<EOS>,0,The,0.13331089913845062
65,encoder_self,0,4,<EOS>,1,teacher,0.14790837466716766
65,encoder_self,0,4,<EOS>,2,likes,0.06953618675470352
65,encoder_self,0,4,<EOS>,3,robots,0.1292070746421814
65,encoder_self,0,4,<EOS>,4,<EOS>,0.5200375318527222
65,encoder_self,1,0,The,0,The,0.015898071229457855
65,encoder_self,1,0,The,1,teacher,0.00013682935968972743
65,encoder_self,1,0,The,2,likes,0.00010257667599944398
65,encoder_self,1,0,The,3,robots,0.9725890755653381
65,encoder_self,1,0,The,4,<EOS>,0.011273512616753578
65,encoder_self,1,1,teacher,0,The,0.17601507902145386
65,encoder_self,1,1,teacher,1,teacher,0.17484796047210693
65,encoder_self,1,1,teacher,2,likes,0.3137993812561035
65,encoder_self,1,1,teacher,3,robots,0.0765819251537323
65,encoder_self,1,1,teacher,4,<EOS>,0.25875571370124817
65,encoder_self,1,2,likes,0,The,0.08479052037000656
65,encoder_self,1,2,likes,1,teacher,0.29984843730926514
65,encoder_self,1,2,likes,2,likes,0.4865437150001526
65,encoder_self,1,2,likes,3,robots,0.03908734396100044
65,encoder_self,1,2,likes,4,<EOS>,0.089729905128479
65,encoder_self,1,3,robots,0,The,0.06653808802366257
65,encoder_self,1,3,robots,1,teacher,0.2853204905986786
65,encoder_self,1,3,robots,2,likes,0.33051684498786926
65,encoder_self,1,3,robots,3,robots,0.0016195325879380107
65,encoder_self,1,3,robots,4,<EOS>,0.31600499153137207
65,encoder_self,1,4,<EOS>,0,The,0.020701155066490173
65,encoder_self,1,4,<EOS>,1,teacher,0.0003838206466753036
65,encoder_self,1,4,<EOS>,2,likes,0.0004798300506081432
65,encoder_self,1,4,<EOS>,3,robots,0.9689169526100159
65,encoder_self,1,4,<EOS>,4,<EOS>,0.009518256410956383
65,decoder_masked,0,0,<SOS>,0,<SOS>,1.0
65,decoder_masked,0,0,<SOS>,1,선생님은,0.0
65,decoder_masked,0,0,<SOS>,2,로봇을,0.0
65,decoder_masked,0,0,<SOS>,3,좋아한다,0.0
65,decoder_masked,0,1,선생님은,0,<SOS>,0.8947015404701233
65,decoder_masked,0,1,선생님은,1,선생님은,0.10529841482639313
65,decoder_masked,0,1,선생님은,2,로봇을,0.0
65,decoder_masked,0,1,선생님은,3,좋아한다,0.0
65,decoder_masked,0,2,로봇을,0,<SOS>,0.2912203073501587
65,decoder_masked,0,2,로봇을,1,선생님은,0.5602949261665344
65,decoder_masked,0,2,로봇을,2,로봇을,0.14848479628562927
65,decoder_masked,0,2,로봇을,3,좋아한다,0.0
65,decoder_masked,0,3,좋아한다,0,<SOS>,0.9610838294029236
65,decoder_masked,0,3,좋아한다,1,선생님은,0.011635133065283298
65,decoder_masked,0,3,좋아한다,2,로봇을,0.01610669307410717
65,decoder_masked,0,3,좋아한다,3,좋아한다,0.011174249462783337
65,decoder_masked,1,0,<SOS>,0,<SOS>,1.0
65,decoder_masked,1,0,<SOS>,1,선생님은,0.0
65,decoder_masked,1,0,<SOS>,2,로봇을,0.0
65,decoder_masked,1,0,<SOS>,3,좋아한다,0.0
65,decoder_masked,1,1,선생님은,0,<SOS>,0.878347635269165
65,decoder_masked,1,1,선생님은,1,선생님은,0.12165240943431854
65,decoder_masked,1,1,선생님은,2,로봇을,0.0
65,decoder_masked,1,1,선생님은,3,좋아한다,0.0
65,decoder_masked,1,2,로봇을,0,<SOS>,0.5283350348472595
65,decoder_masked,1,2,로봇을,1,선생님은,0.3229452967643738
65,decoder_masked,1,2,로봇을,2,로봇을,0.1487196832895279
65,decoder_masked,1,2,로봇을,3,좋아한다,0.0
65,decoder_masked,1,3,좋아한다,0,<SOS>,0.5106572508811951
65,decoder_masked,1,3,좋아한다,1,선생님은,0.059597138315439224
65,decoder_masked,1,3,좋아한다,2,로봇을,0.34991592168807983
65,decoder_masked,1,3,좋아한다,3,좋아한다,0.079829640686512
65,decoder_cross,0,0,<SOS>,0,The,0.17410385608673096
65,decoder_cross,0,0,<SOS>,1,teacher,0.09734391421079636
65,decoder_cross,0,0,<SOS>,2,likes,0.4543609023094177
65,decoder_cross,0,0,<SOS>,3,robots,0.17792855203151703
65,decoder_cross,0,0,<SOS>,4,<EOS>,0.0962628424167633
65,decoder_cross,0,1,선생님은,0,The,0.23012569546699524
65,decoder_cross,0,1,선생님은,1,teacher,0.14845287799835205
65,decoder_cross,0,1,선생님은,2,likes,0.266523540019989
65,decoder_cross,0,1,선생님은,3,robots,0.18673688173294067
65,decoder_cross,0,1,선생님은,4,<EOS>,0.16816098988056183
65,decoder_cross,0,2,로봇을,0,The,0.14830100536346436
65,decoder_cross,0,2,로봇을,1,teacher,0.16937364637851715
65,decoder_cross,0,2,로봇을,2,likes,0.3085746467113495
65,decoder_cross,0,2,로봇을,3,robots,0.2774684429168701
65,decoder_cross,0,2,로봇을,4,<EOS>,0.09628229588270187
65,decoder_cross,0,3,좋아한다,0,The,0.20114637911319733
65,decoder_cross,0,3,좋아한다,1,teacher,0.1420476883649826
65,decoder_cross,0,3,좋아한다,2,likes,0.3133813440799713
65,decoder_cross,0,3,좋아한다,3,robots,0.20263376832008362
65,decoder_cross,0,3,좋아한다,4,<EOS>,0.14079082012176514
65,decoder_cross,1,0,<SOS>,0,The,0.1754157543182373
65,decoder_cross,1,0,<SOS>,1,teacher,0.1941467970609665
65,decoder_cross,1,0,<SOS>,2,likes,0.21506644785404205
65,decoder_cross,1,0,<SOS>,3,robots,0.2332327514886856
65,decoder_cross,1,0,<SOS>,4,<EOS>,0.18213821947574615
65,decoder_cross,1,1,선생님은,0,The,0.20978650450706482
65,decoder_cross,1,1,선생님은,1,teacher,0.21855874359607697
65,decoder_cross,1,1,선생님은,2,likes,0.12453204393386841
65,decoder_cross,1,1,선생님은,3,robots,0.2408493310213089
65,decoder_cross,1,1,선생님은,4,<EOS>,0.20627336204051971
65,decoder_cross,1,2,로봇을,0,The,0.1993945837020874
65,decoder_cross,1,2,로봇을,1,teacher,0.1805417537689209
65,decoder_cross,1,2,로봇을,2,likes,0.24449452757835388
65,decoder_cross,1,2,로봇을,3,robots,0.1959686279296875
65,decoder_cross,1,2,로봇을,4,<EOS>,0.1796005219221115
65,decoder_cross,1,3,좋아한다,0,The,0.20787805318832397
65,decoder_cross,1,3,좋아한다,1,teacher,0.2183077484369278
65,decoder_cross,1,3,좋아한다,2,likes,0.15557298064231873
65,decoder_cross,1,3,좋아한다,3,robots,0.20715628564357758
65,decoder_cross,1,3,좋아한다,4,<EOS>,0.2110850065946579
66,encoder_self,0,0,The,0,The,0.31350821256637573
66,encoder_self,0,0,The,1,teacher,0.01645432412624359
66,encoder_self,0,0,The,2,likes,0.007798855192959309
66,encoder_self,0,0,The,3,robots,0.06799069046974182
66,encoder_self,0,0,The,4,<EOS>,0.5942479372024536
66,encoder_self,0,1,teacher,0,The,0.04167311266064644
66,encoder_self,0,1,teacher,1,teacher,0.3186071515083313
66,encoder_self,0,1,teacher,2,likes,0.4356043338775635
66,encoder_self,0,1,teacher,3,robots,0.040693916380405426
66,encoder_self,0,1,teacher,4,<EOS>,0.16342149674892426
66,encoder_self,0,2,likes,0,The,0.12784957885742188
66,encoder_self,0,2,likes,1,teacher,0.38339224457740784
66,encoder_self,0,2,likes,2,likes,0.10179263353347778
66,encoder_self,0,2,likes,3,robots,0.20405130088329315
66,encoder_self,0,2,likes,4,<EOS>,0.18291421234607697
66,encoder_self,0,3,robots,0,The,0.004007724113762379
66,encoder_self,0,3,robots,1,teacher,0.08761250227689743
66,encoder_self,0,3,robots,2,likes,0.674194872379303
66,encoder_self,0,3,robots,3,robots,0.22362837195396423
66,encoder_self,0,3,robots,4,<EOS>,0.010556560941040516
66,encoder_self,0,4,<EOS>,0,The,0.13227176666259766
66,encoder_self,0,4,<EOS>,1,teacher,0.14867150783538818
66,encoder_self,0,4,<EOS>,2,likes,0.06995100528001785
66,encoder_self,0,4,<EOS>,3,robots,0.13032880425453186
66,encoder_self,0,4,<EOS>,4,<EOS>,0.5187768936157227
66,encoder_self,1,0,The,0,The,0.015094544738531113
66,encoder_self,1,0,The,1,teacher,0.00013120652874931693
66,encoder_self,1,0,The,2,likes,9.973331179935485e-05
66,encoder_self,1,0,The,3,robots,0.9738788604736328
66,encoder_self,1,0,The,4,<EOS>,0.010795606300234795
66,encoder_self,1,1,teacher,0,The,0.17594648897647858
66,encoder_self,1,1,teacher,1,teacher,0.17466804385185242
66,encoder_self,1,1,teacher,2,likes,0.3140203356742859
66,encoder_self,1,1,teacher,3,robots,0.07675300538539886
66,encoder_self,1,1,teacher,4,<EOS>,0.25861212611198425
66,encoder_self,1,2,likes,0,The,0.08540911972522736
66,encoder_self,1,2,likes,1,teacher,0.300464391708374
66,encoder_self,1,2,likes,2,likes,0.4851122796535492
66,encoder_self,1,2,likes,3,robots,0.03893625736236572
66,encoder_self,1,2,likes,4,<EOS>,0.09007786214351654
66,encoder_self,1,3,robots,0,The,0.0663425400853157
66,encoder_self,1,3,robots,1,teacher,0.28506457805633545
66,encoder_self,1,3,robots,2,likes,0.3314061462879181
66,encoder_self,1,3,robots,3,robots,0.0016062259674072266
66,encoder_self,1,3,robots,4,<EOS>,0.3155805170536041
66,encoder_self,1,4,<EOS>,0,The,0.019965436309576035
66,encoder_self,1,4,<EOS>,1,teacher,0.000372778857126832
66,encoder_self,1,4,<EOS>,2,likes,0.00047060695942491293
66,encoder_self,1,4,<EOS>,3,robots,0.9699603319168091
66,encoder_self,1,4,<EOS>,4,<EOS>,0.00923087541013956
66,decoder_masked,0,0,<SOS>,0,<SOS>,1.0
66,decoder_masked,0,0,<SOS>,1,선생님은,0.0
66,decoder_masked,0,0,<SOS>,2,로봇을,0.0
66,decoder_masked,0,0,<SOS>,3,좋아한다,0.0
66,decoder_masked,0,1,선생님은,0,<SOS>,0.8903583288192749
66,decoder_masked,0,1,선생님은,1,선생님은,0.10964170843362808
66,decoder_masked,0,1,선생님은,2,로봇을,0.0
66,decoder_masked,0,1,선생님은,3,좋아한다,0.0
66,decoder_masked,0,2,로봇을,0,<SOS>,0.2854352593421936
66,decoder_masked,0,2,로봇을,1,선생님은,0.565636157989502
66,decoder_masked,0,2,로봇을,2,로봇을,0.14892859756946564
66,decoder_masked,0,2,로봇을,3,좋아한다,0.0
66,decoder_masked,0,3,좋아한다,0,<SOS>,0.9600192904472351
66,decoder_masked,0,3,좋아한다,1,선생님은,0.011996018700301647
66,decoder_masked,0,3,좋아한다,2,로봇을,0.016490215435624123
66,decoder_masked,0,3,좋아한다,3,좋아한다,0.011494495905935764
66,decoder_masked,1,0,<SOS>,0,<SOS>,1.0
66,decoder_masked,1,0,<SOS>,1,선생님은,0.0
66,decoder_masked,1,0,<SOS>,2,로봇을,0.0
66,decoder_masked,1,0,<SOS>,3,좋아한다,0.0
66,decoder_masked,1,1,선생님은,0,<SOS>,0.8757575154304504
66,decoder_masked,1,1,선생님은,1,선생님은,0.12424243241548538
66,decoder_masked,1,1,선생님은,2,로봇을,0.0
66,decoder_masked,1,1,선생님은,3,좋아한다,0.0
66,decoder_masked,1,2,로봇을,0,<SOS>,0.5213006138801575
66,decoder_masked,1,2,로봇을,1,선생님은,0.32820042967796326
66,decoder_masked,1,2,로봇을,2,로봇을,0.15049895644187927
66,decoder_masked,1,2,로봇을,3,좋아한다,0.0
66,decoder_masked,1,3,좋아한다,0,<SOS>,0.5070534348487854
66,decoder_masked,1,3,좋아한다,1,선생님은,0.060187097638845444
66,decoder_masked,1,3,좋아한다,2,로봇을,0.3526693284511566
66,decoder_masked,1,3,좋아한다,3,좋아한다,0.08009020984172821
66,decoder_cross,0,0,<SOS>,0,The,0.1742185801267624
66,decoder_cross,0,0,<SOS>,1,teacher,0.09731095284223557
66,decoder_cross,0,0,<SOS>,2,likes,0.4544801712036133
66,decoder_cross,0,0,<SOS>,3,robots,0.1776987463235855
66,decoder_cross,0,0,<SOS>,4,<EOS>,0.09629156440496445
66,decoder_cross,0,1,선생님은,0,The,0.23090508580207825
66,decoder_cross,0,1,선생님은,1,teacher,0.14830660820007324
66,decoder_cross,0,1,선생님은,2,likes,0.26608237624168396
66,decoder_cross,0,1,선생님은,3,robots,0.18626894056797028
66,decoder_cross,0,1,선생님은,4,<EOS>,0.1684369593858719
66,decoder_cross,0,2,로봇을,0,The,0.1486649513244629
66,decoder_cross,0,2,로봇을,1,teacher,0.16939100623130798
66,decoder_cross,0,2,로봇을,2,likes,0.3084195852279663
66,decoder_cross,0,2,로봇을,3,robots,0.2770059406757355
66,decoder_cross,0,2,로봇을,4,<EOS>,0.09651858359575272
66,decoder_cross,0,3,좋아한다,0,The,0.20179049670696259
66,decoder_cross,0,3,좋아한다,1,teacher,0.1417815238237381
66,decoder_cross,0,3,좋아한다,2,likes,0.3133365511894226
66,decoder_cross,0,3,좋아한다,3,robots,0.20209424197673798
66,decoder_cross,0,3,좋아한다,4,<EOS>,0.14099721610546112
66,decoder_cross,1,0,<SOS>,0,The,0.17559145390987396
66,decoder_cross,1,0,<SOS>,1,teacher,0.19426530599594116
66,decoder_cross,1,0,<SOS>,2,likes,0.21385420858860016
66,decoder_cross,1,0,<SOS>,3,robots,0.23408100008964539
66,decoder_cross,1,0,<SOS>,4,<EOS>,0.18220804631710052
66,decoder_cross,1,1,선생님은,0,The,0.20991143584251404
66,decoder_cross,1,1,선생님은,1,teacher,0.2185346633195877
66,decoder_cross,1,1,선생님은,2,likes,0.12345188856124878
66,decoder_cross,1,1,선생님은,3,robots,0.2420622706413269
66,decoder_cross,1,1,선생님은,4,<EOS>,0.20603975653648376
66,decoder_cross,1,2,로봇을,0,The,0.19966007769107819
66,decoder_cross,1,2,로봇을,1,teacher,0.18061448633670807
66,decoder_cross,1,2,로봇을,2,likes,0.2435758411884308
66,decoder_cross,1,2,로봇을,3,robots,0.19655317068099976
66,decoder_cross,1,2,로봇을,4,<EOS>,0.17959639430046082
66,decoder_cross,1,3,좋아한다,0,The,0.20805276930332184
66,decoder_cross,1,3,좋아한다,1,teacher,0.21839427947998047
66,decoder_cross,1,3,좋아한다,2,likes,0.15456059575080872
66,decoder_cross,1,3,좋아한다,3,robots,0.20799513161182404
66,decoder_cross,1,3,좋아한다,4,<EOS>,0.21099726855754852
67,encoder_self,0,0,The,0,The,0.3127133548259735
67,encoder_self,0,0,The,1,teacher,0.016521265730261803
67,encoder_self,0,0,The,2,likes,0.007814113982021809
67,encoder_self,0,0,The,3,robots,0.06841792166233063
67,encoder_self,0,0,The,4,<EOS>,0.594533383846283
67,encoder_self,0,1,teacher,0,The,0.04167049378156662
67,encoder_self,0,1,teacher,1,teacher,0.3187781870365143
67,encoder_self,0,1,teacher,2,likes,0.4353819191455841
67,encoder_self,0,1,teacher,3,robots,0.04075639322400093
67,encoder_self,0,1,teacher,4,<EOS>,0.1634129285812378
67,encoder_self,0,2,likes,0,The,0.1282280683517456
67,encoder_self,0,2,likes,1,teacher,0.38309019804000854
67,encoder_self,0,2,likes,2,likes,0.10170853137969971
67,encoder_self,0,2,likes,3,robots,0.2038028985261917
67,encoder_self,0,2,likes,4,<EOS>,0.18317021429538727
67,encoder_self,0,3,robots,0,The,0.003994472790509462
67,encoder_self,0,3,robots,1,teacher,0.08762243390083313
67,encoder_self,0,3,robots,2,likes,0.6740609407424927
67,encoder_self,0,3,robots,3,robots,0.22378075122833252
67,encoder_self,0,3,robots,4,<EOS>,0.010541386902332306
67,encoder_self,0,4,<EOS>,0,The,0.131949320435524
67,encoder_self,0,4,<EOS>,1,teacher,0.14892444014549255
67,encoder_self,0,4,<EOS>,2,likes,0.0699492022395134
67,encoder_self,0,4,<EOS>,3,robots,0.13079452514648438
67,encoder_self,0,4,<EOS>,4,<EOS>,0.5183824896812439
67,encoder_self,1,0,The,0,The,0.015219535678625107
67,encoder_self,1,0,The,1,teacher,0.00013067337567918003
67,encoder_self,1,0,The,2,likes,9.822235733736306e-05
67,encoder_self,1,0,The,3,robots,0.9737289547920227
67,encoder_self,1,0,The,4,<EOS>,0.01082259975373745
67,encoder_self,1,1,teacher,0,The,0.175608828663826
67,encoder_self,1,1,teacher,1,teacher,0.17480029165744781
67,encoder_self,1,1,teacher,2,likes,0.3143341541290283
67,encoder_self,1,1,teacher,3,robots,0.07686632871627808
67,encoder_self,1,1,teacher,4,<EOS>,0.2583903670310974
67,encoder_self,1,2,likes,0,The,0.08497950434684753
67,encoder_self,1,2,likes,1,teacher,0.3001796007156372
67,encoder_self,1,2,likes,2,likes,0.48621347546577454
67,encoder_self,1,2,likes,3,robots,0.03883562982082367
67,encoder_self,1,2,likes,4,<EOS>,0.08979186415672302
67,encoder_self,1,3,robots,0,The,0.06615249067544937
67,encoder_self,1,3,robots,1,teacher,0.285239040851593
67,encoder_self,1,3,robots,2,likes,0.331928014755249
67,encoder_self,1,3,robots,3,robots,0.0016080091008916497
67,encoder_self,1,3,robots,4,<EOS>,0.31507256627082825
67,encoder_self,1,4,<EOS>,0,The,0.02004930004477501
67,encoder_self,1,4,<EOS>,1,teacher,0.0003720187523867935
67,encoder_self,1,4,<EOS>,2,likes,0.00046640317304991186
67,encoder_self,1,4,<EOS>,3,robots,0.9698708653450012
67,encoder_self,1,4,<EOS>,4,<EOS>,0.009241390973329544
67,decoder_masked,0,0,<SOS>,0,<SOS>,1.0
67,decoder_masked,0,0,<SOS>,1,선생님은,0.0
67,decoder_masked,0,0,<SOS>,2,로봇을,0.0
67,decoder_masked,0,0,<SOS>,3,좋아한다,0.0
67,decoder_masked,0,1,선생님은,0,<SOS>,0.8920378684997559
67,decoder_masked,0,1,선생님은,1,선생님은,0.10796219855546951
67,decoder_masked,0,1,선생님은,2,로봇을,0.0
67,decoder_masked,0,1,선생님은,3,좋아한다,0.0
67,decoder_masked,0,2,로봇을,0,<SOS>,0.28461596369743347
67,decoder_masked,0,2,로봇을,1,선생님은,0.566484272480011
67,decoder_masked,0,2,로봇을,2,로봇을,0.14889974892139435
67,decoder_masked,0,2,로봇을,3,좋아한다,0.0
67,decoder_masked,0,3,좋아한다,0,<SOS>,0.9601881504058838
67,decoder_masked,0,3,좋아한다,1,선생님은,0.01194783579558134
67,decoder_masked,0,3,좋아한다,2,로봇을,0.0164179690182209
67,decoder_masked,0,3,좋아한다,3,좋아한다,0.011446155607700348
67,decoder_masked,1,0,<SOS>,0,<SOS>,1.0
67,decoder_masked,1,0,<SOS>,1,선생님은,0.0
67,decoder_masked,1,0,<SOS>,2,로봇을,0.0
67,decoder_masked,1,0,<SOS>,3,좋아한다,0.0
67,decoder_masked,1,1,선생님은,0,<SOS>,0.8776764869689941
67,decoder_masked,1,1,선생님은,1,선생님은,0.12232352048158646
67,decoder_masked,1,1,선생님은,2,로봇을,0.0
67,decoder_masked,1,1,선생님은,3,좋아한다,0.0
67,decoder_masked,1,2,로봇을,0,<SOS>,0.5217316746711731
67,decoder_masked,1,2,로봇을,1,선생님은,0.3278287947177887
67,decoder_masked,1,2,로봇을,2,로봇을,0.15043950080871582
67,decoder_masked,1,2,로봇을,3,좋아한다,0.0
67,decoder_masked,1,3,좋아한다,0,<SOS>,0.510205864906311
67,decoder_masked,1,3,좋아한다,1,선생님은,0.05970516800880432
67,decoder_masked,1,3,좋아한다,2,로봇을,0.3500831723213196
67,decoder_masked,1,3,좋아한다,3,좋아한다,0.08000580221414566
67,decoder_cross,0,0,<SOS>,0,The,0.17345210909843445
67,decoder_cross,0,0,<SOS>,1,teacher,0.09735221415758133
67,decoder_cross,0,0,<SOS>,2,likes,0.4550780653953552
67,decoder_cross,0,0,<SOS>,3,robots,0.17796553671360016
67,decoder_cross,0,0,<SOS>,4,<EOS>,0.09615202248096466
67,decoder_cross,0,1,선생님은,0,The,0.23039808869361877
67,decoder_cross,0,1,선생님은,1,teacher,0.1479368656873703
67,decoder_cross,0,1,선생님은,2,likes,0.26741722226142883
67,decoder_cross,0,1,선생님은,3,robots,0.1863408088684082
67,decoder_cross,0,1,선생님은,4,<EOS>,0.1679069995880127
67,decoder_cross,0,2,로봇을,0,The,0.1483633667230606
67,decoder_cross,0,2,로봇을,1,teacher,0.16896696388721466
67,decoder_cross,0,2,로봇을,2,likes,0.30924367904663086
67,decoder_cross,0,2,로봇을,3,robots,0.2770340144634247
67,decoder_cross,0,2,로봇을,4,<EOS>,0.09639200568199158
67,decoder_cross,0,3,좋아한다,0,The,0.20114360749721527
67,decoder_cross,0,3,좋아한다,1,teacher,0.14167843759059906
67,decoder_cross,0,3,좋아한다,2,likes,0.31421011686325073
67,decoder_cross,0,3,좋아한다,3,robots,0.20224499702453613
67,decoder_cross,0,3,좋아한다,4,<EOS>,0.14072279632091522
67,decoder_cross,1,0,<SOS>,0,The,0.17549103498458862
67,decoder_cross,1,0,<SOS>,1,teacher,0.19413401186466217
67,decoder_cross,1,0,<SOS>,2,likes,0.214322030544281
67,decoder_cross,1,0,<SOS>,3,robots,0.2338540405035019
67,decoder_cross,1,0,<SOS>,4,<EOS>,0.18219895660877228
67,decoder_cross,1,1,선생님은,0,The,0.20956799387931824
67,decoder_cross,1,1,선생님은,1,teacher,0.2185548096895218
67,decoder_cross,1,1,선생님은,2,likes,0.1238565444946289
67,decoder_cross,1,1,선생님은,3,robots,0.24198992550373077
67,decoder_cross,1,1,선생님은,4,<EOS>,0.2060306817293167
67,decoder_cross,1,2,로봇을,0,The,0.19934429228305817
67,decoder_cross,1,2,로봇을,1,teacher,0.18048478662967682
67,decoder_cross,1,2,로봇을,2,likes,0.2442830353975296
67,decoder_cross,1,2,로봇을,3,robots,0.1964649260044098
67,decoder_cross,1,2,로봇을,4,<EOS>,0.17942295968532562
67,decoder_cross,1,3,좋아한다,0,The,0.20784148573875427
67,decoder_cross,1,3,좋아한다,1,teacher,0.21837760508060455
67,decoder_cross,1,3,좋아한다,2,likes,0.1550220251083374
67,decoder_cross,1,3,좋아한다,3,robots,0.20774143934249878
67,decoder_cross,1,3,좋아한다,4,<EOS>,0.21101748943328857
68,encoder_self,0,0,The,0,The,0.31269535422325134
68,encoder_self,0,0,The,1,teacher,0.01647743210196495
68,encoder_self,0,0,The,2,likes,0.00781099172309041
68,encoder_self,0,0,The,3,robots,0.06847413629293442
68,encoder_self,0,0,The,4,<EOS>,0.5945421457290649
68,encoder_self,0,1,teacher,0,The,0.04170510545372963
68,encoder_self,0,1,teacher,1,teacher,0.31822553277015686
68,encoder_self,0,1,teacher,2,likes,0.4356367290019989
68,encoder_self,0,1,teacher,3,robots,0.04084755480289459
68,encoder_self,0,1,teacher,4,<EOS>,0.16358502209186554
68,encoder_self,0,2,likes,0,The,0.12824226915836334
68,encoder_self,0,2,likes,1,teacher,0.3830556869506836
68,encoder_self,0,2,likes,2,likes,0.1017022579908371
68,encoder_self,0,2,likes,3,robots,0.20380795001983643
68,encoder_self,0,2,likes,4,<EOS>,0.18319171667099
68,encoder_self,0,3,robots,0,The,0.004007140640169382
68,encoder_self,0,3,robots,1,teacher,0.0876104086637497
68,encoder_self,0,3,robots,2,likes,0.6738948225975037
68,encoder_self,0,3,robots,3,robots,0.22392617166042328
68,encoder_self,0,3,robots,4,<EOS>,0.010561416856944561
68,encoder_self,0,4,<EOS>,0,The,0.13207755982875824
68,encoder_self,0,4,<EOS>,1,teacher,0.14841216802597046
68,encoder_self,0,4,<EOS>,2,likes,0.06987130641937256
68,encoder_self,0,4,<EOS>,3,robots,0.13090920448303223
68,encoder_self,0,4,<EOS>,4,<EOS>,0.5187296867370605
68,encoder_self,1,0,The,0,The,0.015278810635209084
68,encoder_self,1,0,The,1,teacher,0.0001316327106906101
68,encoder_self,1,0,The,2,likes,9.892702655633911e-05
68,encoder_self,1,0,The,3,robots,0.9736267328262329
68,encoder_self,1,0,The,4,<EOS>,0.010863952338695526
68,encoder_self,1,1,teacher,0,The,0.1759185642004013
68,encoder_self,1,1,teacher,1,teacher,0.17468388378620148
68,encoder_self,1,1,teacher,2,likes,0.3139882981777191
68,encoder_self,1,1,teacher,3,robots,0.07667002826929092
68,encoder_self,1,1,teacher,4,<EOS>,0.2587392032146454
68,encoder_self,1,2,likes,0,The,0.08502889424562454
68,encoder_self,1,2,likes,1,teacher,0.3000427186489105
68,encoder_self,1,2,likes,2,likes,0.4862058162689209
68,encoder_self,1,2,likes,3,robots,0.03888222202658653
68,encoder_self,1,2,likes,4,<EOS>,0.08984032273292542
68,encoder_self,1,3,robots,0,The,0.06634792685508728
68,encoder_self,1,3,robots,1,teacher,0.2850322425365448
68,encoder_self,1,3,robots,2,likes,0.3311499357223511
68,encoder_self,1,3,robots,3,robots,0.0016055492451414466
68,encoder_self,1,3,robots,4,<EOS>,0.31586432456970215
68,encoder_self,1,4,<EOS>,0,The,0.020134709775447845
68,encoder_self,1,4,<EOS>,1,teacher,0.0003736445214599371
68,encoder_self,1,4,<EOS>,2,likes,0.00046811564243398607
68,encoder_self,1,4,<EOS>,3,robots,0.9697505831718445
68,encoder_self,1,4,<EOS>,4,<EOS>,0.009272973984479904
68,decoder_masked,0,0,<SOS>,0,<SOS>,1.0
68,decoder_masked,0,0,<SOS>,1,선생님은,0.0
68,decoder_masked,0,0,<SOS>,2,로봇을,0.0
68,decoder_masked,0,0,<SOS>,3,좋아한다,0.0
68,decoder_masked,0,1,선생님은,0,<SOS>,0.90450519323349
68,decoder_masked,0,1,선생님은,1,선생님은,0.0954948142170906
68,decoder_masked,0,1,선생님은,2,로봇을,0.0
68,decoder_masked,0,1,선생님은,3,좋아한다,0.0
68,decoder_masked,0,2,로봇을,0,<SOS>,0.3038715124130249
68,decoder_masked,0,2,로봇을,1,선생님은,0.555915355682373
68,decoder_masked,0,2,로봇을,2,로봇을,0.14021311700344086
68,decoder_masked,0,2,로봇을,3,좋아한다,0.0
68,decoder_masked,0,3,좋아한다,0,<SOS>,0.9699714779853821
68,decoder_masked,0,3,좋아한다,1,선생님은,0.00924716331064701
68,decoder_masked,0,3,좋아한다,2,로봇을,0.012072750367224216
68,decoder_masked,0,3,좋아한다,3,좋아한다,0.008708675391972065
68,decoder_masked,1,0,<SOS>,0,<SOS>,1.0
68,decoder_masked,1,0,<SOS>,1,선생님은,0.0
68,decoder_masked,1,0,<SOS>,2,로봇을,0.0
68,decoder_masked,1,0,<SOS>,3,좋아한다,0.0
68,decoder_masked,1,1,선생님은,0,<SOS>,0.8623819947242737
68,decoder_masked,1,1,선생님은,1,선생님은,0.1376180201768875
68,decoder_masked,1,1,선생님은,2,로봇을,0.0
68,decoder_masked,1,1,선생님은,3,좋아한다,0.0
68,decoder_masked,1,2,로봇을,0,<SOS>,0.4961630702018738
68,decoder_masked,1,2,로봇을,1,선생님은,0.34531593322753906
68,decoder_masked,1,2,로봇을,2,로봇을,0.15852105617523193
68,decoder_masked,1,2,로봇을,3,좋아한다,0.0
68,decoder_masked,1,3,좋아한다,0,<SOS>,0.45198825001716614
68,decoder_masked,1,3,좋아한다,1,선생님은,0.06733737885951996
68,decoder_masked,1,3,좋아한다,2,로봇을,0.3946242332458496
68,decoder_masked,1,3,좋아한다,3,좋아한다,0.08605008572340012
68,decoder_cross,0,0,<SOS>,0,The,0.17348670959472656
68,decoder_cross,0,0,<SOS>,1,teacher,0.09767626225948334
68,decoder_cross,0,0,<SOS>,2,likes,0.45425868034362793
68,decoder_cross,0,0,<SOS>,3,robots,0.17877283692359924
68,decoder_cross,0,0,<SOS>,4,<EOS>,0.09580548107624054
68,decoder_cross,0,1,선생님은,0,The,0.23015251755714417
68,decoder_cross,0,1,선생님은,1,teacher,0.1498943269252777
68,decoder_cross,0,1,선생님은,2,likes,0.26394134759902954
68,decoder_cross,0,1,선생님은,3,robots,0.1880801022052765
68,decoder_cross,0,1,선생님은,4,<EOS>,0.1679316908121109
68,decoder_cross,0,2,로봇을,0,The,0.15029855072498322
68,decoder_cross,0,2,로봇을,1,teacher,0.16998204588890076
68,decoder_cross,0,2,로봇을,2,likes,0.3055472671985626
68,decoder_cross,0,2,로봇을,3,robots,0.27644169330596924
68,decoder_cross,0,2,로봇을,4,<EOS>,0.09773048758506775
68,decoder_cross,0,3,좋아한다,0,The,0.20363087952136993
68,decoder_cross,0,3,좋아한다,1,teacher,0.1423729509115219
68,decoder_cross,0,3,좋아한다,2,likes,0.30987927317619324
68,decoder_cross,0,3,좋아한다,3,robots,0.2021242380142212
68,decoder_cross,0,3,좋아한다,4,<EOS>,0.1419927030801773
68,decoder_cross,1,0,<SOS>,0,The,0.176028311252594
68,decoder_cross,1,0,<SOS>,1,teacher,0.19421905279159546
68,decoder_cross,1,0,<SOS>,2,likes,0.21273557841777802
68,decoder_cross,1,0,<SOS>,3,robots,0.23490352928638458
68,decoder_cross,1,0,<SOS>,4,<EOS>,0.18211351335048676
68,decoder_cross,1,1,선생님은,0,The,0.21032625436782837
68,decoder_cross,1,1,선생님은,1,teacher,0.21839460730552673
68,decoder_cross,1,1,선생님은,2,likes,0.12280285358428955
68,decoder_cross,1,1,선생님은,3,robots,0.242911234498024
68,decoder_cross,1,1,선생님은,4,<EOS>,0.20556503534317017
68,decoder_cross,1,2,로봇을,0,The,0.20008841156959534
68,decoder_cross,1,2,로봇을,1,teacher,0.18068267405033112
68,decoder_cross,1,2,로봇을,2,likes,0.24205642938613892
68,decoder_cross,1,2,로봇을,3,robots,0.19764238595962524
68,decoder_cross,1,2,로봇을,4,<EOS>,0.17953002452850342
68,decoder_cross,1,3,좋아한다,0,The,0.20879584550857544
68,decoder_cross,1,3,좋아한다,1,teacher,0.21804003417491913
68,decoder_cross,1,3,좋아한다,2,likes,0.1539091169834137
68,decoder_cross,1,3,좋아한다,3,robots,0.20869053900241852
68,decoder_cross,1,3,좋아한다,4,<EOS>,0.21056441962718964
69,encoder_self,0,0,The,0,The,0.31149864196777344
69,encoder_self,0,0,The,1,teacher,0.01666918769478798
69,encoder_self,0,0,The,2,likes,0.00793254841119051
69,encoder_self,0,0,The,3,robots,0.06924711167812347
69,encoder_self,0,0,The,4,<EOS>,0.5946524739265442
69,encoder_self,0,1,teacher,0,The,0.04102136194705963
69,encoder_self,0,1,teacher,1,teacher,0.31847384572029114
69,encoder_self,0,1,teacher,2,likes,0.4380273222923279
69,encoder_self,0,1,teacher,3,robots,0.040883321315050125
69,encoder_self,0,1,teacher,4,<EOS>,0.16159415245056152
69,encoder_self,0,2,likes,0,The,0.12827709317207336
69,encoder_self,0,2,likes,1,teacher,0.38301602005958557
69,encoder_self,0,2,likes,2,likes,0.10169226676225662
69,encoder_self,0,2,likes,3,robots,0.20380984246730804
69,encoder_self,0,2,likes,4,<EOS>,0.18320472538471222
69,encoder_self,0,3,robots,0,The,0.0039924681186676025
69,encoder_self,0,3,robots,1,teacher,0.08756158500909805
69,encoder_self,0,3,robots,2,likes,0.6740818619728088
69,encoder_self,0,3,robots,3,robots,0.22382423281669617
69,encoder_self,0,3,robots,4,<EOS>,0.010539843700826168
69,encoder_self,0,4,<EOS>,0,The,0.1309329867362976
69,encoder_self,0,4,<EOS>,1,teacher,0.14969705045223236
69,encoder_self,0,4,<EOS>,2,likes,0.07079408317804337
69,encoder_self,0,4,<EOS>,3,robots,0.13205242156982422
69,encoder_self,0,4,<EOS>,4,<EOS>,0.5165234804153442
69,encoder_self,1,0,The,0,The,0.015139325521886349
69,encoder_self,1,0,The,1,teacher,0.00012869339843746275
69,encoder_self,1,0,The,2,likes,9.745892020873725e-05
69,encoder_self,1,0,The,3,robots,0.9739111065864563
69,encoder_self,1,0,The,4,<EOS>,0.010723401792347431
69,encoder_self,1,1,teacher,0,The,0.1745038628578186
69,encoder_self,1,1,teacher,1,teacher,0.17474666237831116
69,encoder_self,1,1,teacher,2,likes,0.31631234288215637
69,encoder_self,1,1,teacher,3,robots,0.07705606520175934
69,encoder_self,1,1,teacher,4,<EOS>,0.2573812007904053
69,encoder_self,1,2,likes,0,The,0.08484050631523132
69,encoder_self,1,2,likes,1,teacher,0.3006286919116974
69,encoder_self,1,2,likes,2,likes,0.4860008955001831
69,encoder_self,1,2,likes,3,robots,0.038742270320653915
69,encoder_self,1,2,likes,4,<EOS>,0.08978761732578278
69,encoder_self,1,3,robots,0,The,0.06566549837589264
69,encoder_self,1,3,robots,1,teacher,0.28522318601608276
69,encoder_self,1,3,robots,2,likes,0.3339304029941559
69,encoder_self,1,3,robots,3,robots,0.00161044264677912
69,encoder_self,1,3,robots,4,<EOS>,0.313570499420166
69,encoder_self,1,4,<EOS>,0,The,0.01990186609327793
69,encoder_self,1,4,<EOS>,1,teacher,0.0003677784698083997
69,encoder_self,1,4,<EOS>,2,likes,0.00046490738168358803
69,encoder_self,1,4,<EOS>,3,robots,0.9701078534126282
69,encoder_self,1,4,<EOS>,4,<EOS>,0.009157512336969376
69,decoder_masked,0,0,<SOS>,0,<SOS>,1.0
69,decoder_masked,0,0,<SOS>,1,선생님은,0.0
69,decoder_masked,0,0,<SOS>,2,로봇을,0.0
69,decoder_masked,0,0,<SOS>,3,좋아한다,0.0
69,decoder_masked,0,1,선생님은,0,<SOS>,0.8991551995277405
69,decoder_masked,0,1,선생님은,1,선생님은,0.10084480792284012
69,decoder_masked,0,1,선생님은,2,로봇을,0.0
69,decoder_masked,0,1,선생님은,3,좋아한다,0.0
69,decoder_masked,0,2,로봇을,0,<SOS>,0.3022783696651459
69,decoder_masked,0,2,로봇을,1,선생님은,0.5577592253684998
69,decoder_masked,0,2,로봇을,2,로봇을,0.13996241986751556
69,decoder_masked,0,2,로봇을,3,좋아한다,0.0
69,decoder_masked,0,3,좋아한다,0,<SOS>,0.9686298966407776
69,decoder_masked,0,3,좋아한다,1,선생님은,0.009552200324833393
69,decoder_masked,0,3,좋아한다,2,로봇을,0.01241560559719801
69,decoder_masked,0,3,좋아한다,3,좋아한다,0.009402286261320114
69,decoder_masked,1,0,<SOS>,0,<SOS>,1.0
69,decoder_masked,1,0,<SOS>,1,선생님은,0.0
69,decoder_masked,1,0,<SOS>,2,로봇을,0.0
69,decoder_masked,1,0,<SOS>,3,좋아한다,0.0
69,decoder_masked,1,1,선생님은,0,<SOS>,0.8682628870010376
69,decoder_masked,1,1,선생님은,1,선생님은,0.1317371428012848
69,decoder_masked,1,1,선생님은,2,로봇을,0.0
69,decoder_masked,1,1,선생님은,3,좋아한다,0.0
69,decoder_masked,1,2,로봇을,0,<SOS>,0.49498251080513
69,decoder_masked,1,2,로봇을,1,선생님은,0.3461202085018158
69,decoder_masked,1,2,로봇을,2,로봇을,0.1588973104953766
69,decoder_masked,1,2,로봇을,3,좋아한다,0.0
69,decoder_masked,1,3,좋아한다,0,<SOS>,0.4668791890144348
69,decoder_masked,1,3,좋아한다,1,선생님은,0.06554295122623444
69,decoder_masked,1,3,좋아한다,2,로봇을,0.3844113051891327
69,decoder_masked,1,3,좋아한다,3,좋아한다,0.08316651731729507
69,decoder_cross,0,0,<SOS>,0,The,0.17116974294185638
69,decoder_cross,0,0,<SOS>,1,teacher,0.09777043014764786
69,decoder_cross,0,0,<SOS>,2,likes,0.45666876435279846
69,decoder_cross,0,0,<SOS>,3,robots,0.17989042401313782
69,decoder_cross,0,0,<SOS>,4,<EOS>,0.09450065344572067
69,decoder_cross,0,1,선생님은,0,The,0.22808612883090973
69,decoder_cross,0,1,선생님은,1,teacher,0.14989207684993744
69,decoder_cross,0,1,선생님은,2,likes,0.26676884293556213
69,decoder_cross,0,1,선생님은,3,robots,0.18940266966819763
69,decoder_cross,0,1,선생님은,4,<EOS>,0.16585029661655426
69,decoder_cross,0,2,로봇을,0,The,0.14968906342983246
69,decoder_cross,0,2,로봇을,1,teacher,0.1700376272201538
69,decoder_cross,0,2,로봇을,2,likes,0.3061921000480652
69,decoder_cross,0,2,로봇을,3,robots,0.2767162322998047
69,decoder_cross,0,2,로봇을,4,<EOS>,0.09736509621143341
69,decoder_cross,0,3,좋아한다,0,The,0.20121274888515472
69,decoder_cross,0,3,좋아한다,1,teacher,0.1426129937171936
69,decoder_cross,0,3,좋아한다,2,likes,0.3123554587364197
69,decoder_cross,0,3,좋아한다,3,robots,0.20355640351772308
69,decoder_cross,0,3,좋아한다,4,<EOS>,0.1402624547481537
69,decoder_cross,1,0,<SOS>,0,The,0.175850972533226
69,decoder_cross,1,0,<SOS>,1,teacher,0.19404448568820953
69,decoder_cross,1,0,<SOS>,2,likes,0.2136283665895462
69,decoder_cross,1,0,<SOS>,3,robots,0.23449942469596863
69,decoder_cross,1,0,<SOS>,4,<EOS>,0.18197672069072723
69,decoder_cross,1,1,선생님은,0,The,0.209896981716156
69,decoder_cross,1,1,선생님은,1,teacher,0.21832670271396637
69,decoder_cross,1,1,선생님은,2,likes,0.12343640625476837
69,decoder_cross,1,1,선생님은,3,robots,0.2428952157497406
69,decoder_cross,1,1,선생님은,4,<EOS>,0.20544472336769104
69,decoder_cross,1,2,로봇을,0,The,0.19998684525489807
69,decoder_cross,1,2,로봇을,1,teacher,0.18061691522598267
69,decoder_cross,1,2,로봇을,2,likes,0.2424512356519699
69,decoder_cross,1,2,로봇을,3,robots,0.1975213885307312
69,decoder_cross,1,2,로봇을,4,<EOS>,0.1794237196445465
69,decoder_cross,1,3,좋아한다,0,The,0.20843632519245148
69,decoder_cross,1,3,좋아한다,1,teacher,0.2180544137954712
69,decoder_cross,1,3,좋아한다,2,likes,0.15458813309669495
69,decoder_cross,1,3,좋아한다,3,robots,0.208342045545578
69,decoder_cross,1,3,좋아한다,4,<EOS>,0.21057912707328796
70,encoder_self,0,0,The,0,The,0.31078025698661804
70,encoder_self,0,0,The,1,teacher,0.01669963449239731
70,encoder_self,0,0,The,2,likes,0.007911489345133305
70,encoder_self,0,0,The,3,robots,0.0698586106300354
70,encoder_self,0,0,The,4,<EOS>,0.5947500467300415
70,encoder_self,0,1,teacher,0,The,0.040868133306503296
70,encoder_self,0,1,teacher,1,teacher,0.31941160559654236
70,encoder_self,0,1,teacher,2,likes,0.43701159954071045
70,encoder_self,0,1,teacher,3,robots,0.041339535266160965
70,encoder_self,0,1,teacher,4,<EOS>,0.16136914491653442
70,encoder_self,0,2,likes,0,The,0.12856143712997437
70,encoder_self,0,2,likes,1,teacher,0.38255006074905396
70,encoder_self,0,2,likes,2,likes,0.10193442553281784
70,encoder_self,0,2,likes,3,robots,0.2034880816936493
70,encoder_self,0,2,likes,4,<EOS>,0.18346600234508514
70,encoder_self,0,3,robots,0,The,0.003976131789386272
70,encoder_self,0,3,robots,1,teacher,0.087919682264328
70,encoder_self,0,3,robots,2,likes,0.6710168123245239
70,encoder_self,0,3,robots,3,robots,0.22657732665538788
70,encoder_self,0,3,robots,4,<EOS>,0.010510015301406384
70,encoder_self,0,4,<EOS>,0,The,0.13022133708000183
70,encoder_self,0,4,<EOS>,1,teacher,0.15016517043113708
70,encoder_self,0,4,<EOS>,2,likes,0.07040354609489441
70,encoder_self,0,4,<EOS>,3,robots,0.1338701993227005
70,encoder_self,0,4,<EOS>,4,<EOS>,0.515339732170105
70,encoder_self,1,0,The,0,The,0.015039745718240738
70,encoder_self,1,0,The,1,teacher,0.00013073525042273104
70,encoder_self,1,0,The,2,likes,0.00010072681470774114
70,encoder_self,1,0,The,3,robots,0.9739614129066467
70,encoder_self,1,0,The,4,<EOS>,0.01076736580580473
70,encoder_self,1,1,teacher,0,The,0.176066055893898
70,encoder_self,1,1,teacher,1,teacher,0.17448464035987854
70,encoder_self,1,1,teacher,2,likes,0.3131140470504761
70,encoder_self,1,1,teacher,3,robots,0.07772078365087509
70,encoder_self,1,1,teacher,4,<EOS>,0.25861451029777527
70,encoder_self,1,2,likes,0,The,0.08555937558412552
70,encoder_self,1,2,likes,1,teacher,0.3012332618236542
70,encoder_self,1,2,likes,2,likes,0.4839472472667694
70,encoder_self,1,2,likes,3,robots,0.03895025700330734
70,encoder_self,1,2,likes,4,<EOS>,0.09030993282794952
70,encoder_self,1,3,robots,0,The,0.06618235260248184
70,encoder_self,1,3,robots,1,teacher,0.2850339710712433
70,encoder_self,1,3,robots,2,likes,0.33229899406433105
70,encoder_self,1,3,robots,3,robots,0.001622891053557396
70,encoder_self,1,3,robots,4,<EOS>,0.31486186385154724
70,encoder_self,1,4,<EOS>,0,The,0.019744304940104485
70,encoder_self,1,4,<EOS>,1,teacher,0.0003649989084806293
70,encoder_self,1,4,<EOS>,2,likes,0.00046160208876244724
70,encoder_self,1,4,<EOS>,3,robots,0.9703387022018433
70,encoder_self,1,4,<EOS>,4,<EOS>,0.009090420790016651
70,decoder_masked,0,0,<SOS>,0,<SOS>,1.0
70,decoder_masked,0,0,<SOS>,1,선생님은,0.0
70,decoder_masked,0,0,<SOS>,2,로봇을,0.0
70,decoder_masked,0,0,<SOS>,3,좋아한다,0.0
70,decoder_masked,0,1,선생님은,0,<SOS>,0.8990790247917175
70,decoder_masked,0,1,선생님은,1,선생님은,0.10092095285654068
70,decoder_masked,0,1,선생님은,2,로봇을,0.0
70,decoder_masked,0,1,선생님은,3,좋아한다,0.0
70,decoder_masked,0,2,로봇을,0,<SOS>,0.30283164978027344
70,decoder_masked,0,2,로봇을,1,선생님은,0.5577580332756042
70,decoder_masked,0,2,로봇을,2,로봇을,0.13941030204296112
70,decoder_masked,0,2,로봇을,3,좋아한다,0.0
70,decoder_masked,0,3,좋아한다,0,<SOS>,0.9687133431434631
70,decoder_masked,0,3,좋아한다,1,선생님은,0.009544745087623596
70,decoder_masked,0,3,좋아한다,2,로봇을,0.012363355606794357
70,decoder_masked,0,3,좋아한다,3,좋아한다,0.009378575719892979
70,decoder_masked,1,0,<SOS>,0,<SOS>,1.0
70,decoder_masked,1,0,<SOS>,1,선생님은,0.0
70,decoder_masked,1,0,<SOS>,2,로봇을,0.0
70,decoder_masked,1,0,<SOS>,3,좋아한다,0.0
70,decoder_masked,1,1,선생님은,0,<SOS>,0.8662287592887878
70,decoder_masked,1,1,선생님은,1,선생님은,0.13377121090888977
70,decoder_masked,1,1,선생님은,2,로봇을,0.0
70,decoder_masked,1,1,선생님은,3,좋아한다,0.0
70,decoder_masked,1,2,로봇을,0,<SOS>,0.4898222088813782
70,decoder_masked,1,2,로봇을,1,선생님은,0.3502674400806427
70,decoder_masked,1,2,로봇을,2,로봇을,0.15991029143333435
70,decoder_masked,1,2,로봇을,3,좋아한다,0.0
70,decoder_masked,1,3,좋아한다,0,<SOS>,0.4660016894340515
70,decoder_masked,1,3,좋아한다,1,선생님은,0.0659196674823761
70,decoder_masked,1,3,좋아한다,2,로봇을,0.3847561776638031
70,decoder_masked,1,3,좋아한다,3,좋아한다,0.08332248777151108
70,decoder_cross,0,0,<SOS>,0,The,0.1681477427482605
70,decoder_cross,0,0,<SOS>,1,teacher,0.09727843850851059
70,decoder_cross,0,0,<SOS>,2,likes,0.4614192843437195
70,decoder_cross,0,0,<SOS>,3,robots,0.1803947538137436
70,decoder_cross,0,0,<SOS>,4,<EOS>,0.09275972843170166
70,decoder_cross,0,1,선생님은,0,The,0.22616438567638397
70,decoder_cross,0,1,선생님은,1,teacher,0.14969635009765625
70,decoder_cross,0,1,선생님은,2,likes,0.26968684792518616
70,decoder_cross,0,1,선생님은,3,robots,0.19046932458877563
70,decoder_cross,0,1,선생님은,4,<EOS>,0.1639830470085144
70,decoder_cross,0,2,로봇을,0,The,0.1479000449180603
70,decoder_cross,0,2,로봇을,1,teacher,0.16974319517612457
70,decoder_cross,0,2,로봇을,2,likes,0.3085019886493683
70,decoder_cross,0,2,로봇을,3,robots,0.2778031826019287
70,decoder_cross,0,2,로봇을,4,<EOS>,0.09605152159929276
70,decoder_cross,0,3,좋아한다,0,The,0.19958356022834778
70,decoder_cross,0,3,좋아한다,1,teacher,0.14218568801879883
70,decoder_cross,0,3,좋아한다,2,likes,0.3152610659599304
70,decoder_cross,0,3,좋아한다,3,robots,0.20411525666713715
70,decoder_cross,0,3,좋아한다,4,<EOS>,0.1388544887304306
70,decoder_cross,1,0,<SOS>,0,The,0.17565912008285522
70,decoder_cross,1,0,<SOS>,1,teacher,0.19431142508983612
70,decoder_cross,1,0,<SOS>,2,likes,0.21267388761043549
70,decoder_cross,1,0,<SOS>,3,robots,0.23539146780967712
70,decoder_cross,1,0,<SOS>,4,<EOS>,0.18196408450603485
70,decoder_cross,1,1,선생님은,0,The,0.20989558100700378
70,decoder_cross,1,1,선생님은,1,teacher,0.2185497134923935
70,decoder_cross,1,1,선생님은,2,likes,0.12220394611358643
70,decoder_cross,1,1,선생님은,3,robots,0.2438870668411255
70,decoder_cross,1,1,선생님은,4,<EOS>,0.2054636925458908
70,decoder_cross,1,2,로봇을,0,The,0.20000888407230377
70,decoder_cross,1,2,로봇을,1,teacher,0.1808377355337143
70,decoder_cross,1,2,로봇을,2,likes,0.24173523485660553
70,decoder_cross,1,2,로봇을,3,robots,0.19802124798297882
70,decoder_cross,1,2,로봇을,4,<EOS>,0.17939695715904236
70,decoder_cross,1,3,좋아한다,0,The,0.20847928524017334
70,decoder_cross,1,3,좋아한다,1,teacher,0.21826978027820587
70,decoder_cross,1,3,좋아한다,2,likes,0.15372063219547272
70,decoder_cross,1,3,좋아한다,3,robots,0.20882071554660797
70,decoder_cross,1,3,좋아한다,4,<EOS>,0.21070954203605652
71,encoder_self,0,0,The,0,The,0.31040775775909424
71,encoder_self,0,0,The,1,teacher,0.01675419509410858
71,encoder_self,0,0,The,2,likes,0.007968779653310776
71,encoder_self,0,0,The,3,robots,0.06997917592525482
71,encoder_self,0,0,The,4,<EOS>,0.5948900580406189
71,encoder_self,0,1,teacher,0,The,0.040602948516607285
71,encoder_self,0,1,teacher,1,teacher,0.31921452283859253
71,encoder_self,0,1,teacher,2,likes,0.4381864070892334
71,encoder_self,0,1,teacher,3,robots,0.041375380009412766
71,encoder_self,0,1,teacher,4,<EOS>,0.16062073409557343
71,encoder_self,0,2,likes,0,The,0.12832681834697723
71,encoder_self,0,2,likes,1,teacher,0.3826775848865509
71,encoder_self,0,2,likes,2,likes,0.10197392851114273
71,encoder_self,0,2,likes,3,robots,0.2037857472896576
71,encoder_self,0,2,likes,4,<EOS>,0.18323586881160736
71,encoder_self,0,3,robots,0,The,0.003989156801253557
71,encoder_self,0,3,robots,1,teacher,0.08793879300355911
71,encoder_self,0,3,robots,2,likes,0.6711609363555908
71,encoder_self,0,3,robots,3,robots,0.22636890411376953
71,encoder_self,0,3,robots,4,<EOS>,0.010542210191488266
71,encoder_self,0,4,<EOS>,0,The,0.1297111213207245
71,encoder_self,0,4,<EOS>,1,teacher,0.15062518417835236
71,encoder_self,0,4,<EOS>,2,likes,0.07095582038164139
71,encoder_self,0,4,<EOS>,3,robots,0.13427281379699707
71,encoder_self,0,4,<EOS>,4,<EOS>,0.5144350528717041
71,encoder_self,1,0,The,0,The,0.01509462483227253
71,encoder_self,1,0,The,1,teacher,0.00013237616803962737
71,encoder_self,1,0,The,2,likes,0.00010382073378423229
71,encoder_self,1,0,The,3,robots,0.973812997341156
71,encoder_self,1,0,The,4,<EOS>,0.010856159962713718
71,encoder_self,1,1,teacher,0,The,0.17582574486732483
71,encoder_self,1,1,teacher,1,teacher,0.1744990199804306
71,encoder_self,1,1,teacher,2,likes,0.31328460574150085
71,encoder_self,1,1,teacher,3,robots,0.07821692526340485
71,encoder_self,1,1,teacher,4,<EOS>,0.2581736743450165
71,encoder_self,1,2,likes,0,The,0.08589944988489151
71,encoder_self,1,2,likes,1,teacher,0.3018825054168701
71,encoder_self,1,2,likes,2,likes,0.4824998378753662
71,encoder_self,1,2,likes,3,robots,0.03910406306385994
71,encoder_self,1,2,likes,4,<EOS>,0.09061412513256073
71,encoder_self,1,3,robots,0,The,0.066075898706913
71,encoder_self,1,3,robots,1,teacher,0.2854021191596985
71,encoder_self,1,3,robots,2,likes,0.3327533006668091
71,encoder_self,1,3,robots,3,robots,0.0016408096998929977
71,encoder_self,1,3,robots,4,<EOS>,0.31412795186042786
71,encoder_self,1,4,<EOS>,0,The,0.01972602680325508
71,encoder_self,1,4,<EOS>,1,teacher,0.0003661105874925852
71,encoder_self,1,4,<EOS>,2,likes,0.0004683358420152217
71,encoder_self,1,4,<EOS>,3,robots,0.9703437089920044
71,encoder_self,1,4,<EOS>,4,<EOS>,0.009095797315239906
71,decoder_masked,0,0,<SOS>,0,<SOS>,1.0
71,decoder_masked,0,0,<SOS>,1,선생님은,0.0
71,decoder_masked,0,0,<SOS>,2,로봇을,0.0
71,decoder_masked,0,0,<SOS>,3,좋아한다,0.0
71,decoder_masked,0,1,선생님은,0,<SOS>,0.8993737101554871
71,decoder_masked,0,1,선생님은,1,선생님은,0.10062632709741592
71,decoder_masked,0,1,선생님은,2,로봇을,0.0
71,decoder_masked,0,1,선생님은,3,좋아한다,0.0
71,decoder_masked,0,2,로봇을,0,<SOS>,0.30211421847343445
71,decoder_masked,0,2,로봇을,1,선생님은,0.5577227473258972
71,decoder_masked,0,2,로봇을,2,로봇을,0.14016303420066833
71,decoder_masked,0,2,로봇을,3,좋아한다,0.0
71,decoder_masked,0,3,좋아한다,0,<SOS>,0.9685199856758118
71,decoder_masked,0,3,좋아한다,1,선생님은,0.00957997515797615
71,decoder_masked,0,3,좋아한다,2,로봇을,0.012461608275771141
71,decoder_masked,0,3,좋아한다,3,좋아한다,0.009438456036150455
71,decoder_masked,1,0,<SOS>,0,<SOS>,1.0
71,decoder_masked,1,0,<SOS>,1,선생님은,0.0
71,decoder_masked,1,0,<SOS>,2,로봇을,0.0
71,decoder_masked,1,0,<SOS>,3,좋아한다,0.0
71,decoder_masked,1,1,선생님은,0,<SOS>,0.8664249181747437
71,decoder_masked,1,1,선생님은,1,선생님은,0.13357515633106232
71,decoder_masked,1,1,선생님은,2,로봇을,0.0
71,decoder_masked,1,1,선생님은,3,좋아한다,0.0
71,decoder_masked,1,2,로봇을,0,<SOS>,0.4891921281814575
71,decoder_masked,1,2,로봇을,1,선생님은,0.35072061419487
71,decoder_masked,1,2,로봇을,2,로봇을,0.1600871980190277
71,decoder_masked,1,2,로봇을,3,좋아한다,0.0
71,decoder_masked,1,3,좋아한다,0,<SOS>,0.46625277400016785
71,decoder_masked,1,3,좋아한다,1,선생님은,0.06581505388021469
71,decoder_masked,1,3,좋아한다,2,로봇을,0.3846988081932068
71,decoder_masked,1,3,좋아한다,3,좋아한다,0.08323345333337784
71,decoder_cross,0,0,<SOS>,0,The,0.16587913036346436
71,decoder_cross,0,0,<SOS>,1,teacher,0.09689363092184067
71,decoder_cross,0,0,<SOS>,2,likes,0.46516793966293335
71,decoder_cross,0,0,<SOS>,3,robots,0.18052807450294495
71,decoder_cross,0,0,<SOS>,4,<EOS>,0.09153113514184952
71,decoder_cross,0,1,선생님은,0,The,0.22434118390083313
71,decoder_cross,0,1,선생님은,1,teacher,0.14903803169727325
71,decoder_cross,0,1,선생님은,2,likes,0.2734701335430145
71,decoder_cross,0,1,선생님은,3,robots,0.1910419911146164
71,decoder_cross,0,1,선생님은,4,<EOS>,0.16210854053497314
71,decoder_cross,0,2,로봇을,0,The,0.1468048393726349
71,decoder_cross,0,2,로봇을,1,teacher,0.1693677008152008
71,decoder_cross,0,2,로봇을,2,likes,0.3107334077358246
71,decoder_cross,0,2,로봇을,3,robots,0.2778206765651703
71,decoder_cross,0,2,로봇을,4,<EOS>,0.09527333080768585
71,decoder_cross,0,3,좋아한다,0,The,0.19795122742652893
71,decoder_cross,0,3,좋아한다,1,teacher,0.14181876182556152
71,decoder_cross,0,3,좋아한다,2,likes,0.31812790036201477
71,decoder_cross,0,3,좋아한다,3,robots,0.2043846696615219
71,decoder_cross,0,3,좋아한다,4,<EOS>,0.13771750032901764
71,decoder_cross,1,0,<SOS>,0,The,0.17513877153396606
71,decoder_cross,1,0,<SOS>,1,teacher,0.19399771094322205
71,decoder_cross,1,0,<SOS>,2,likes,0.21441568434238434
71,decoder_cross,1,0,<SOS>,3,robots,0.23474030196666718
71,decoder_cross,1,0,<SOS>,4,<EOS>,0.18170753121376038
71,decoder_cross,1,1,선생님은,0,The,0.20930030941963196
71,decoder_cross,1,1,선생님은,1,teacher,0.21861965954303741
71,decoder_cross,1,1,선생님은,2,likes,0.12289495766162872
71,decoder_cross,1,1,선생님은,3,robots,0.24375049769878387
71,decoder_cross,1,1,선생님은,4,<EOS>,0.20543457567691803
71,decoder_cross,1,2,로봇을,0,The,0.19963039457798004
71,decoder_cross,1,2,로봇을,1,teacher,0.18058393895626068
71,decoder_cross,1,2,로봇을,2,likes,0.2430218905210495
71,decoder_cross,1,2,로봇을,3,robots,0.19757698476314545
71,decoder_cross,1,2,로봇을,4,<EOS>,0.1791868805885315
71,decoder_cross,1,3,좋아한다,0,The,0.20795440673828125
71,decoder_cross,1,3,좋아한다,1,teacher,0.21811877191066742
71,decoder_cross,1,3,좋아한다,2,likes,0.15513397753238678
71,decoder_cross,1,3,좋아한다,3,robots,0.2081173062324524
71,decoder_cross,1,3,좋아한다,4,<EOS>,0.21067553758621216
72,encoder_self,0,0,The,0,The,0.3199561834335327
72,encoder_self,0,0,The,1,teacher,0.015173868276178837
72,encoder_self,0,0,The,2,likes,0.0066941771656274796
72,encoder_self,0,0,The,3,robots,0.06451946496963501
72,encoder_self,0,0,The,4,<EOS>,0.5936563611030579
72,encoder_self,0,1,teacher,0,The,0.04431462287902832
72,encoder_self,0,1,teacher,1,teacher,0.32044097781181335
72,encoder_self,0,1,teacher,2,likes,0.42116430401802063
72,encoder_self,0,1,teacher,3,robots,0.04170681908726692
72,encoder_self,0,1,teacher,4,<EOS>,0.17237335443496704
72,encoder_self,0,2,likes,0,The,0.12602484226226807
72,encoder_self,0,2,likes,1,teacher,0.38542965054512024
72,encoder_self,0,2,likes,2,likes,0.10404310375452042
72,encoder_self,0,2,likes,3,robots,0.20302654802799225
72,encoder_self,0,2,likes,4,<EOS>,0.1814759075641632
72,encoder_self,0,3,robots,0,The,0.004154407884925604
72,encoder_self,0,3,robots,1,teacher,0.08875516802072525
72,encoder_self,0,3,robots,2,likes,0.6662941575050354
72,encoder_self,0,3,robots,3,robots,0.22990885376930237
72,encoder_self,0,3,robots,4,<EOS>,0.010887403041124344
72,encoder_self,0,4,<EOS>,0,The,0.13828910887241364
72,encoder_self,0,4,<EOS>,1,teacher,0.14069370925426483
72,encoder_self,0,4,<EOS>,2,likes,0.06155623868107796
72,encoder_self,0,4,<EOS>,3,robots,0.12742219865322113
72,encoder_self,0,4,<EOS>,4,<EOS>,0.532038688659668
72,encoder_self,1,0,The,0,The,0.015663981437683105
72,encoder_self,1,0,The,1,teacher,0.0001349108206341043
72,encoder_self,1,0,The,2,likes,0.00011168085620738566
72,encoder_self,1,0,The,3,robots,0.9731118083000183
72,encoder_self,1,0,The,4,<EOS>,0.010977695696055889
72,encoder_self,1,1,teacher,0,The,0.17561273276805878
72,encoder_self,1,1,teacher,1,teacher,0.17430351674556732
72,encoder_self,1,1,teacher,2,likes,0.3146703839302063
72,encoder_self,1,1,teacher,3,robots,0.07808944582939148
72,encoder_self,1,1,teacher,4,<EOS>,0.25732383131980896
72,encoder_self,1,2,likes,0,The,0.08606930077075958
72,encoder_self,1,2,likes,1,teacher,0.30391305685043335
72,encoder_self,1,2,likes,2,likes,0.47912365198135376
72,encoder_self,1,2,likes,3,robots,0.03949762135744095
72,encoder_self,1,2,likes,4,<EOS>,0.09139633923768997
72,encoder_self,1,3,robots,0,The,0.06607040017843246
72,encoder_self,1,3,robots,1,teacher,0.2856859564781189
72,encoder_self,1,3,robots,2,likes,0.33305275440216064
72,encoder_self,1,3,robots,3,robots,0.0016447550151497126
72,encoder_self,1,3,robots,4,<EOS>,0.31354615092277527
72,encoder_self,1,4,<EOS>,0,The,0.02028331346809864
72,encoder_self,1,4,<EOS>,1,teacher,0.00037296529626473784
72,encoder_self,1,4,<EOS>,2,likes,0.0004961473168805242
72,encoder_self,1,4,<EOS>,3,robots,0.9696332216262817
72,encoder_self,1,4,<EOS>,4,<EOS>,0.009214400313794613
72,decoder_masked,0,0,<SOS>,0,<SOS>,1.0
72,decoder_masked,0,0,<SOS>,1,선생님은,0.0
72,decoder_masked,0,0,<SOS>,2,로봇을,0.0
72,decoder_masked,0,0,<SOS>,3,좋아한다,0.0
72,decoder_masked,0,1,선생님은,0,<SOS>,0.8997125625610352
72,decoder_masked,0,1,선생님은,1,선생님은,0.10028742253780365
72,decoder_masked,0,1,선생님은,2,로봇을,0.0
72,decoder_masked,0,1,선생님은,3,좋아한다,0.0
72,decoder_masked,0,2,로봇을,0,<SOS>,0.30169060826301575
72,decoder_masked,0,2,로봇을,1,선생님은,0.5581072568893433
72,decoder_masked,0,2,로봇을,2,로봇을,0.1402021199464798
72,decoder_masked,0,2,로봇을,3,좋아한다,0.0
72,decoder_masked,0,3,좋아한다,0,<SOS>,0.9672149419784546
72,decoder_masked,0,3,좋아한다,1,선생님은,0.009863084182143211
72,decoder_masked,0,3,좋아한다,2,로봇을,0.01300673745572567
72,decoder_masked,0,3,좋아한다,3,좋아한다,0.00991514790803194
72,decoder_masked,1,0,<SOS>,0,<SOS>,1.0
72,decoder_masked,1,0,<SOS>,1,선생님은,0.0
72,decoder_masked,1,0,<SOS>,2,로봇을,0.0
72,decoder_masked,1,0,<SOS>,3,좋아한다,0.0
72,decoder_masked,1,1,선생님은,0,<SOS>,0.8660666346549988
72,decoder_masked,1,1,선생님은,1,선생님은,0.1339333951473236
72,decoder_masked,1,1,선생님은,2,로봇을,0.0
72,decoder_masked,1,1,선생님은,3,좋아한다,0.0
72,decoder_masked,1,2,로봇을,0,<SOS>,0.4885163903236389
72,decoder_masked,1,2,로봇을,1,선생님은,0.3511959910392761
72,decoder_masked,1,2,로봇을,2,로봇을,0.16028760373592377
72,decoder_masked,1,2,로봇을,3,좋아한다,0.0
72,decoder_masked,1,3,좋아한다,0,<SOS>,0.46594735980033875
72,decoder_masked,1,3,좋아한다,1,선생님은,0.06583483517169952
72,decoder_masked,1,3,좋아한다,2,로봇을,0.3849027156829834
72,decoder_masked,1,3,좋아한다,3,좋아한다,0.08331508934497833
72,decoder_cross,0,0,<SOS>,0,The,0.16873472929000854
72,decoder_cross,0,0,<SOS>,1,teacher,0.09589593857526779
72,decoder_cross,0,0,<SOS>,2,likes,0.4646194279193878
72,decoder_cross,0,0,<SOS>,3,robots,0.17830300331115723
72,decoder_cross,0,0,<SOS>,4,<EOS>,0.09244687855243683
72,decoder_cross,0,1,선생님은,0,The,0.22929564118385315
72,decoder_cross,0,1,선생님은,1,teacher,0.14707496762275696
72,decoder_cross,0,1,선생님은,2,likes,0.27143988013267517
72,decoder_cross,0,1,선생님은,3,robots,0.18711920082569122
72,decoder_cross,0,1,선생님은,4,<EOS>,0.1650703102350235
72,decoder_cross,0,2,로봇을,0,The,0.14943459630012512
72,decoder_cross,0,2,로봇을,1,teacher,0.1684676557779312
72,decoder_cross,0,2,로봇을,2,likes,0.3104645311832428
72,decoder_cross,0,2,로봇을,3,robots,0.2754288911819458
72,decoder_cross,0,2,로봇을,4,<EOS>,0.09620439261198044
72,decoder_cross,0,3,좋아한다,0,The,0.20049509406089783
72,decoder_cross,0,3,좋아한다,1,teacher,0.14057473838329315
72,decoder_cross,0,3,좋아한다,2,likes,0.31787165999412537
72,decoder_cross,0,3,좋아한다,3,robots,0.20180431008338928
72,decoder_cross,0,3,좋아한다,4,<EOS>,0.13925421237945557
72,decoder_cross,1,0,<SOS>,0,The,0.17521382868289948
72,decoder_cross,1,0,<SOS>,1,teacher,0.19352449476718903
72,decoder_cross,1,0,<SOS>,2,likes,0.2154323309659958
72,decoder_cross,1,0,<SOS>,3,robots,0.2344280630350113
72,decoder_cross,1,0,<SOS>,4,<EOS>,0.1814013123512268
72,decoder_cross,1,1,선생님은,0,The,0.20949605107307434
72,decoder_cross,1,1,선생님은,1,teacher,0.2183278352022171
72,decoder_cross,1,1,선생님은,2,likes,0.12285356968641281
72,decoder_cross,1,1,선생님은,3,robots,0.2438989281654358
72,decoder_cross,1,1,선생님은,4,<EOS>,0.20542359352111816
72,decoder_cross,1,2,로봇을,0,The,0.19965095818042755
72,decoder_cross,1,2,로봇을,1,teacher,0.1804182231426239
72,decoder_cross,1,2,로봇을,2,likes,0.2429964542388916
72,decoder_cross,1,2,로봇을,3,robots,0.1975947618484497
72,decoder_cross,1,2,로봇을,4,<EOS>,0.17933963239192963
72,decoder_cross,1,3,좋아한다,0,The,0.2078385055065155
72,decoder_cross,1,3,좋아한다,1,teacher,0.2178013175725937
72,decoder_cross,1,3,좋아한다,2,likes,0.15625900030136108
72,decoder_cross,1,3,좋아한다,3,robots,0.20741066336631775
72,decoder_cross,1,3,좋아한다,4,<EOS>,0.21069055795669556
73,encoder_self,0,0,The,0,The,0.32020899653434753
73,encoder_self,0,0,The,1,teacher,0.015009289607405663
73,encoder_self,0,0,The,2,likes,0.006568821147084236
73,encoder_self,0,0,The,3,robots,0.06323466449975967
73,encoder_self,0,0,The,4,<EOS>,0.5949781537055969
73,encoder_self,0,1,teacher,0,The,0.04491440951824188
73,encoder_self,0,1,teacher,1,teacher,0.3203289210796356
73,encoder_self,0,1,teacher,2,likes,0.41910064220428467
73,encoder_self,0,1,teacher,3,robots,0.04142457991838455
73,encoder_self,0,1,teacher,4,<EOS>,0.17423145473003387
73,encoder_self,0,2,likes,0,The,0.12679286301136017
73,encoder_self,0,2,likes,1,teacher,0.38488006591796875
73,encoder_self,0,2,likes,2,likes,0.10349802672863007
73,encoder_self,0,2,likes,3,robots,0.20258665084838867
73,encoder_self,0,2,likes,4,<EOS>,0.18224233388900757
73,encoder_self,0,3,robots,0,The,0.004119935445487499
73,encoder_self,0,3,robots,1,teacher,0.08857779204845428
73,encoder_self,0,3,robots,2,likes,0.6686987280845642
73,encoder_self,0,3,robots,3,robots,0.22778159379959106
73,encoder_self,0,3,robots,4,<EOS>,0.010821969248354435
73,encoder_self,0,4,<EOS>,0,The,0.13925664126873016
73,encoder_self,0,4,<EOS>,1,teacher,0.13958419859409332
73,encoder_self,0,4,<EOS>,2,likes,0.06066673621535301
73,encoder_self,0,4,<EOS>,3,robots,0.12515737116336823
73,encoder_self,0,4,<EOS>,4,<EOS>,0.535335123538971
73,encoder_self,1,0,The,0,The,0.015417449176311493
73,encoder_self,1,0,The,1,teacher,0.00013634178321808577
73,encoder_self,1,0,The,2,likes,0.00011168260971317068
73,encoder_self,1,0,The,3,robots,0.9734092354774475
73,encoder_self,1,0,The,4,<EOS>,0.010925302281975746
73,encoder_self,1,1,teacher,0,The,0.17546036839485168
73,encoder_self,1,1,teacher,1,teacher,0.17416410148143768
73,encoder_self,1,1,teacher,2,likes,0.3154543340206146
73,encoder_self,1,1,teacher,3,robots,0.07786199450492859
73,encoder_self,1,1,teacher,4,<EOS>,0.2570592164993286
73,encoder_self,1,2,likes,0,The,0.08661213517189026
73,encoder_self,1,2,likes,1,teacher,0.30320432782173157
73,encoder_self,1,2,likes,2,likes,0.47890257835388184
73,encoder_self,1,2,likes,3,robots,0.03966381773352623
73,encoder_self,1,2,likes,4,<EOS>,0.09161709249019623
73,encoder_self,1,3,robots,0,The,0.0658121258020401
73,encoder_self,1,3,robots,1,teacher,0.2846822440624237
73,encoder_self,1,3,robots,2,likes,0.33543452620506287
73,encoder_self,1,3,robots,3,robots,0.0016345418989658356
73,encoder_self,1,3,robots,4,<EOS>,0.3124365210533142
73,encoder_self,1,4,<EOS>,0,The,0.02008625864982605
73,encoder_self,1,4,<EOS>,1,teacher,0.0003760692779906094
73,encoder_self,1,4,<EOS>,2,likes,0.0004963118117302656
73,encoder_self,1,4,<EOS>,3,robots,0.9698506593704224
73,encoder_self,1,4,<EOS>,4,<EOS>,0.009190692566335201
73,decoder_masked,0,0,<SOS>,0,<SOS>,1.0
73,decoder_masked,0,0,<SOS>,1,선생님은,0.0
73,decoder_masked,0,0,<SOS>,2,로봇을,0.0
73,decoder_masked,0,0,<SOS>,3,좋아한다,0.0
73,decoder_masked,0,1,선생님은,0,<SOS>,0.9025078415870667
73,decoder_masked,0,1,선생님은,1,선생님은,0.09749212861061096
73,decoder_masked,0,1,선생님은,2,로봇을,0.0
73,decoder_masked,0,1,선생님은,3,좋아한다,0.0
73,decoder_masked,0,2,로봇을,0,<SOS>,0.31567174196243286
73,decoder_masked,0,2,로봇을,1,선생님은,0.5482606887817383
73,decoder_masked,0,2,로봇을,2,로봇을,0.13606761395931244
73,decoder_masked,0,2,로봇을,3,좋아한다,0.0
73,decoder_masked,0,3,좋아한다,0,<SOS>,0.9708706736564636
73,decoder_masked,0,3,좋아한다,1,선생님은,0.00859143491834402
73,decoder_masked,0,3,좋아한다,2,로봇을,0.011858707293868065
73,decoder_masked,0,3,좋아한다,3,좋아한다,0.00867906492203474
73,decoder_masked,1,0,<SOS>,0,<SOS>,1.0
73,decoder_masked,1,0,<SOS>,1,선생님은,0.0
73,decoder_masked,1,0,<SOS>,2,로봇을,0.0
73,decoder_masked,1,0,<SOS>,3,좋아한다,0.0
73,decoder_masked,1,1,선생님은,0,<SOS>,0.8627214431762695
73,decoder_masked,1,1,선생님은,1,선생님은,0.13727860152721405
73,decoder_masked,1,1,선생님은,2,로봇을,0.0
73,decoder_masked,1,1,선생님은,3,좋아한다,0.0
73,decoder_masked,1,2,로봇을,0,<SOS>,0.5119027495384216
73,decoder_masked,1,2,로봇을,1,선생님은,0.3363041281700134
73,decoder_masked,1,2,로봇을,2,로봇을,0.15179312229156494
73,decoder_masked,1,2,로봇을,3,좋아한다,0.0
73,decoder_masked,1,3,좋아한다,0,<SOS>,0.43550723791122437
73,decoder_masked,1,3,좋아한다,1,선생님은,0.0689522996544838
73,decoder_masked,1,3,좋아한다,2,로봇을,0.40729156136512756
73,decoder_masked,1,3,좋아한다,3,좋아한다,0.08824896812438965
73,decoder_cross,0,0,<SOS>,0,The,0.1682654172182083
73,decoder_cross,0,0,<SOS>,1,teacher,0.09591437131166458
73,decoder_cross,0,0,<SOS>,2,likes,0.46553942561149597
73,decoder_cross,0,0,<SOS>,3,robots,0.17812207341194153
73,decoder_cross,0,0,<SOS>,4,<EOS>,0.0921587198972702
73,decoder_cross,0,1,선생님은,0,The,0.2279992401599884
73,decoder_cross,0,1,선생님은,1,teacher,0.14583706855773926
73,decoder_cross,0,1,선생님은,2,likes,0.27613723278045654
73,decoder_cross,0,1,선생님은,3,robots,0.18745847046375275
73,decoder_cross,0,1,선생님은,4,<EOS>,0.16256797313690186
73,decoder_cross,0,2,로봇을,0,The,0.14787885546684265
73,decoder_cross,0,2,로봇을,1,teacher,0.16710995137691498
73,decoder_cross,0,2,로봇을,2,likes,0.3150639235973358
73,decoder_cross,0,2,로봇을,3,robots,0.2753485441207886
73,decoder_cross,0,2,로봇을,4,<EOS>,0.09459873288869858
73,decoder_cross,0,3,좋아한다,0,The,0.20152676105499268
73,decoder_cross,0,3,좋아한다,1,teacher,0.1393096148967743
73,decoder_cross,0,3,좋아한다,2,likes,0.3198201060295105
73,decoder_cross,0,3,좋아한다,3,robots,0.2005864381790161
73,decoder_cross,0,3,좋아한다,4,<EOS>,0.13875702023506165
73,decoder_cross,1,0,<SOS>,0,The,0.17487619817256927
73,decoder_cross,1,0,<SOS>,1,teacher,0.1935076266527176
73,decoder_cross,1,0,<SOS>,2,likes,0.21569271385669708
73,decoder_cross,1,0,<SOS>,3,robots,0.23467211425304413
73,decoder_cross,1,0,<SOS>,4,<EOS>,0.18125131726264954
73,decoder_cross,1,1,선생님은,0,The,0.2088588923215866
73,decoder_cross,1,1,선생님은,1,teacher,0.21820124983787537
73,decoder_cross,1,1,선생님은,2,likes,0.12317752093076706
73,decoder_cross,1,1,선생님은,3,robots,0.24470512568950653
73,decoder_cross,1,1,선생님은,4,<EOS>,0.20505723357200623
73,decoder_cross,1,2,로봇을,0,The,0.19853369891643524
73,decoder_cross,1,2,로봇을,1,teacher,0.1804124414920807
73,decoder_cross,1,2,로봇을,2,likes,0.24391061067581177
73,decoder_cross,1,2,로봇을,3,robots,0.19808141887187958
73,decoder_cross,1,2,로봇을,4,<EOS>,0.17906181514263153
73,decoder_cross,1,3,좋아한다,0,The,0.2074802964925766
73,decoder_cross,1,3,좋아한다,1,teacher,0.21747031807899475
73,decoder_cross,1,3,좋아한다,2,likes,0.15660150349140167
73,decoder_cross,1,3,좋아한다,3,robots,0.20832787454128265
73,decoder_cross,1,3,좋아한다,4,<EOS>,0.21012002229690552
74,encoder_self,0,0,The,0,The,0.31738367676734924
74,encoder_self,0,0,The,1,teacher,0.015346965752542019
74,encoder_self,0,0,The,2,likes,0.006762409582734108
74,encoder_self,0,0,The,3,robots,0.0645061507821083
74,encoder_self,0,0,The,4,<EOS>,0.5960007905960083
74,encoder_self,0,1,teacher,0,The,0.04479705169796944
74,encoder_self,0,1,teacher,1,teacher,0.32027187943458557
74,encoder_self,0,1,teacher,2,likes,0.4194835424423218
74,encoder_self,0,1,teacher,3,robots,0.04139992967247963
74,encoder_self,0,1,teacher,4,<EOS>,0.1740475296974182
74,encoder_self,0,2,likes,0,The,0.12716014683246613
74,encoder_self,0,2,likes,1,teacher,0.3846456706523895
74,encoder_self,0,2,likes,2,likes,0.10320870578289032
74,encoder_self,0,2,likes,3,robots,0.20238640904426575
74,encoder_self,0,2,likes,4,<EOS>,0.18259906768798828
74,encoder_self,0,3,robots,0,The,0.004097175318747759
74,encoder_self,0,3,robots,1,teacher,0.08853787183761597
74,encoder_self,0,3,robots,2,likes,0.6689001321792603
74,encoder_self,0,3,robots,3,robots,0.22768007218837738
74,encoder_self,0,3,robots,4,<EOS>,0.010784607380628586
74,encoder_self,0,4,<EOS>,0,The,0.137958824634552
74,encoder_self,0,4,<EOS>,1,teacher,0.14074911177158356
74,encoder_self,0,4,<EOS>,2,likes,0.06140446290373802
74,encoder_self,0,4,<EOS>,3,robots,0.12605224549770355
74,encoder_self,0,4,<EOS>,4,<EOS>,0.5338352918624878
74,encoder_self,1,0,The,0,The,0.015105119906365871
74,encoder_self,1,0,The,1,teacher,0.00013635728100780398
74,encoder_self,1,0,The,2,likes,0.00011096282833022997
74,encoder_self,1,0,The,3,robots,0.9738476872444153
74,encoder_self,1,0,The,4,<EOS>,0.01079984288662672
74,encoder_self,1,1,teacher,0,The,0.1755639761686325
74,encoder_self,1,1,teacher,1,teacher,0.1740666627883911
74,encoder_self,1,1,teacher,2,likes,0.3153843879699707
74,encoder_self,1,1,teacher,3,robots,0.07786960899829865
74,encoder_self,1,1,teacher,4,<EOS>,0.25711533427238464
74,encoder_self,1,2,likes,0,The,0.08702213317155838
74,encoder_self,1,2,likes,1,teacher,0.3026539385318756
74,encoder_self,1,2,likes,2,likes,0.47883543372154236
74,encoder_self,1,2,likes,3,robots,0.03968489170074463
74,encoder_self,1,2,likes,4,<EOS>,0.09180359542369843
74,encoder_self,1,3,robots,0,The,0.06584575027227402
74,encoder_self,1,3,robots,1,teacher,0.2843792140483856
74,encoder_self,1,3,robots,2,likes,0.335736483335495
74,encoder_self,1,3,robots,3,robots,0.0016322084702551365
74,encoder_self,1,3,robots,4,<EOS>,0.3124063313007355
74,encoder_self,1,4,<EOS>,0,The,0.01981879025697708
74,encoder_self,1,4,<EOS>,1,teacher,0.00037569893174804747
74,encoder_self,1,4,<EOS>,2,likes,0.0004933883901685476
74,encoder_self,1,4,<EOS>,3,robots,0.9701942205429077
74,encoder_self,1,4,<EOS>,4,<EOS>,0.0091178510338068
74,decoder_masked,0,0,<SOS>,0,<SOS>,1.0
74,decoder_masked,0,0,<SOS>,1,선생님은,0.0
74,decoder_masked,0,0,<SOS>,2,로봇을,0.0
74,decoder_masked,0,0,<SOS>,3,좋아한다,0.0
74,decoder_masked,0,1,선생님은,0,<SOS>,0.8961473107337952
74,decoder_masked,0,1,선생님은,1,선생님은,0.10385268926620483
74,decoder_masked,0,1,선생님은,2,로봇을,0.0
74,decoder_masked,0,1,선생님은,3,좋아한다,0.0
74,decoder_masked,0,2,로봇을,0,<SOS>,0.3117561936378479
74,decoder_masked,0,2,로봇을,1,선생님은,0.552226722240448
74,decoder_masked,0,2,로봇을,2,로봇을,0.13601714372634888
74,decoder_masked,0,2,로봇을,3,좋아한다,0.0
74,decoder_masked,0,3,좋아한다,0,<SOS>,0.963478147983551
74,decoder_masked,0,3,좋아한다,1,선생님은,0.011186639778316021
74,decoder_masked,0,3,좋아한다,2,로봇을,0.01413496769964695
74,decoder_masked,0,3,좋아한다,3,좋아한다,0.011200415901839733
74,decoder_masked,1,0,<SOS>,0,<SOS>,1.0
74,decoder_masked,1,0,<SOS>,1,선생님은,0.0
74,decoder_masked,1,0,<SOS>,2,로봇을,0.0
74,decoder_masked,1,0,<SOS>,3,좋아한다,0.0
74,decoder_masked,1,1,선생님은,0,<SOS>,0.8496655821800232
74,decoder_masked,1,1,선생님은,1,선생님은,0.1503344476222992
74,decoder_masked,1,1,선생님은,2,로봇을,0.0
74,decoder_masked,1,1,선생님은,3,좋아한다,0.0
74,decoder_masked,1,2,로봇을,0,<SOS>,0.5217370390892029
74,decoder_masked,1,2,로봇을,1,선생님은,0.3281000554561615
74,decoder_masked,1,2,로봇을,2,로봇을,0.150162935256958
74,decoder_masked,1,2,로봇을,3,좋아한다,0.0
74,decoder_masked,1,3,좋아한다,0,<SOS>,0.37303149700164795
74,decoder_masked,1,3,좋아한다,1,선생님은,0.08054286241531372
74,decoder_masked,1,3,좋아한다,2,로봇을,0.4428626298904419
74,decoder_masked,1,3,좋아한다,3,좋아한다,0.10356295108795166
74,decoder_cross,0,0,<SOS>,0,The,0.16919611394405365
74,decoder_cross,0,0,<SOS>,1,teacher,0.09565893560647964
74,decoder_cross,0,0,<SOS>,2,likes,0.46513399481773376
74,decoder_cross,0,0,<SOS>,3,robots,0.17776502668857574
74,decoder_cross,0,0,<SOS>,4,<EOS>,0.0922459289431572
74,decoder_cross,0,1,선생님은,0,The,0.23098091781139374
74,decoder_cross,0,1,선생님은,1,teacher,0.14644382894039154
74,decoder_cross,0,1,선생님은,2,likes,0.2712685465812683
74,decoder_cross,0,1,선생님은,3,robots,0.18654514849185944
74,decoder_cross,0,1,선생님은,4,<EOS>,0.1647615283727646
74,decoder_cross,0,2,로봇을,0,The,0.14890775084495544
74,decoder_cross,0,2,로봇을,1,teacher,0.16734579205513
74,decoder_cross,0,2,로봇을,2,likes,0.313478946685791
74,decoder_cross,0,2,로봇을,3,robots,0.2749153971672058
74,decoder_cross,0,2,로봇을,4,<EOS>,0.09535212069749832
74,decoder_cross,0,3,좋아한다,0,The,0.20722506940364838
74,decoder_cross,0,3,좋아한다,1,teacher,0.1400638222694397
74,decoder_cross,0,3,좋아한다,2,likes,0.31139451265335083
74,decoder_cross,0,3,좋아한다,3,robots,0.19854186475276947
74,decoder_cross,0,3,좋아한다,4,<EOS>,0.14277483522891998
74,decoder_cross,1,0,<SOS>,0,The,0.17535017430782318
74,decoder_cross,1,0,<SOS>,1,teacher,0.193648099899292
74,decoder_cross,1,0,<SOS>,2,likes,0.21403220295906067
74,decoder_cross,1,0,<SOS>,3,robots,0.23567292094230652
74,decoder_cross,1,0,<SOS>,4,<EOS>,0.18129664659500122
74,decoder_cross,1,1,선생님은,0,The,0.21026714146137238
74,decoder_cross,1,1,선생님은,1,teacher,0.21777744591236115
74,decoder_cross,1,1,선생님은,2,likes,0.1218985840678215
74,decoder_cross,1,1,선생님은,3,robots,0.2448273003101349
74,decoder_cross,1,1,선생님은,4,<EOS>,0.2052294760942459
74,decoder_cross,1,2,로봇을,0,The,0.1990218609571457
74,decoder_cross,1,2,로봇을,1,teacher,0.18059970438480377
74,decoder_cross,1,2,로봇을,2,likes,0.2427213490009308
74,decoder_cross,1,2,로봇을,3,robots,0.19843444228172302
74,decoder_cross,1,2,로봇을,4,<EOS>,0.1792227029800415
74,decoder_cross,1,3,좋아한다,0,The,0.20916567742824554
74,decoder_cross,1,3,좋아한다,1,teacher,0.21695159375667572
74,decoder_cross,1,3,좋아한다,2,likes,0.15493029356002808
74,decoder_cross,1,3,좋아한다,3,robots,0.20883148908615112
74,decoder_cross,1,3,좋아한다,4,<EOS>,0.21012088656425476
75,encoder_self,0,0,The,0,The,0.31559035181999207
75,encoder_self,0,0,The,1,teacher,0.015575890429317951
75,encoder_self,0,0,The,2,likes,0.006883305963128805
75,encoder_self,0,0,The,3,robots,0.06532399356365204
75,encoder_self,0,0,The,4,<EOS>,0.5966264009475708
75,encoder_self,0,1,teacher,0,The,0.04480964317917824
75,encoder_self,0,1,teacher,1,teacher,0.3202369511127472
75,encoder_self,0,1,teacher,2,likes,0.4195445477962494
75,encoder_self,0,1,teacher,3,robots,0.04138653352856636
75,encoder_self,0,1,teacher,4,<EOS>,0.17402227222919464
75,encoder_self,0,2,likes,0,The,0.12804768979549408
75,encoder_self,0,2,likes,1,teacher,0.38377997279167175
75,encoder_self,0,2,likes,2,likes,0.10259710997343063
75,encoder_self,0,2,likes,3,robots,0.20215943455696106
75,encoder_self,0,2,likes,4,<EOS>,0.18341587483882904
75,encoder_self,0,3,robots,0,The,0.004059746861457825
75,encoder_self,0,3,robots,1,teacher,0.08843555301427841
75,encoder_self,0,3,robots,2,likes,0.6695472598075867
75,encoder_self,0,3,robots,3,robots,0.22724056243896484
75,encoder_self,0,3,robots,4,<EOS>,0.010716878809034824
75,encoder_self,0,4,<EOS>,0,The,0.1371406465768814
75,encoder_self,0,4,<EOS>,1,teacher,0.14165300130844116
75,encoder_self,0,4,<EOS>,2,likes,0.06190338730812073
75,encoder_self,0,4,<EOS>,3,robots,0.12670183181762695
75,encoder_self,0,4,<EOS>,4,<EOS>,0.5326011180877686
75,encoder_self,1,0,The,0,The,0.014819136820733547
75,encoder_self,1,0,The,1,teacher,0.00013609169400297105
75,encoder_self,1,0,The,2,likes,0.00011069221363868564
75,encoder_self,1,0,The,3,robots,0.9742764830589294
75,encoder_self,1,0,The,4,<EOS>,0.01065761037170887
75,encoder_self,1,1,teacher,0,The,0.17546617984771729
75,encoder_self,1,1,teacher,1,teacher,0.17402392625808716
75,encoder_self,1,1,teacher,2,likes,0.3157622814178467
75,encoder_self,1,1,teacher,3,robots,0.0777454599738121
75,encoder_self,1,1,teacher,4,<EOS>,0.2570022642612457
75,encoder_self,1,2,likes,0,The,0.08753710240125656
75,encoder_self,1,2,likes,1,teacher,0.30239784717559814
75,encoder_self,1,2,likes,2,likes,0.47816580533981323
75,encoder_self,1,2,likes,3,robots,0.03977048769593239
75,encoder_self,1,2,likes,4,<EOS>,0.09212872385978699
75,encoder_self,1,3,robots,0,The,0.06580029428005219
75,encoder_self,1,3,robots,1,teacher,0.28414323925971985
75,encoder_self,1,3,robots,2,likes,0.33631569147109985
75,encoder_self,1,3,robots,3,robots,0.0016277538379654288
75,encoder_self,1,3,robots,4,<EOS>,0.3121129274368286
75,encoder_self,1,4,<EOS>,0,The,0.019583938643336296
75,encoder_self,1,4,<EOS>,1,teacher,0.00037539677578024566
75,encoder_self,1,4,<EOS>,2,likes,0.0004928059061057866
75,encoder_self,1,4,<EOS>,3,robots,0.9705026745796204
75,encoder_self,1,4,<EOS>,4,<EOS>,0.009045147337019444
75,decoder_masked,0,0,<SOS>,0,<SOS>,1.0
75,decoder_masked,0,0,<SOS>,1,선생님은,0.0
75,decoder_masked,0,0,<SOS>,2,로봇을,0.0
75,decoder_masked,0,0,<SOS>,3,좋아한다,0.0
75,decoder_masked,0,1,선생님은,0,<SOS>,0.8848593235015869
75,decoder_masked,0,1,선생님은,1,선생님은,0.1151406317949295
75,decoder_masked,0,1,선생님은,2,로봇을,0.0
75,decoder_masked,0,1,선생님은,3,좋아한다,0.0
75,decoder_masked,0,2,로봇을,0,<SOS>,0.3054201602935791
75,decoder_masked,0,2,로봇을,1,선생님은,0.5598775148391724
75,decoder_masked,0,2,로봇을,2,로봇을,0.1347023993730545
75,decoder_masked,0,2,로봇을,3,좋아한다,0.0
75,decoder_masked,0,3,좋아한다,0,<SOS>,0.9456385374069214
75,decoder_masked,0,3,좋아한다,1,선생님은,0.01791195385158062
75,decoder_masked,0,3,좋아한다,2,로봇을,0.01919170841574669
75,decoder_masked,0,3,좋아한다,3,좋아한다,0.017257772386074066
75,decoder_masked,1,0,<SOS>,0,<SOS>,1.0
75,decoder_masked,1,0,<SOS>,1,선생님은,0.0
75,decoder_masked,1,0,<SOS>,2,로봇을,0.0
75,decoder_masked,1,0,<SOS>,3,좋아한다,0.0
75,decoder_masked,1,1,선생님은,0,<SOS>,0.8417923450469971
75,decoder_masked,1,1,선생님은,1,선생님은,0.15820764005184174
75,decoder_masked,1,1,선생님은,2,로봇을,0.0
75,decoder_masked,1,1,선생님은,3,좋아한다,0.0
75,decoder_masked,1,2,로봇을,0,<SOS>,0.5323351621627808
75,decoder_masked,1,2,로봇을,1,선생님은,0.3194081783294678
75,decoder_masked,1,2,로봇을,2,로봇을,0.14825671911239624
75,decoder_masked,1,2,로봇을,3,좋아한다,0.0
75,decoder_masked,1,3,좋아한다,0,<SOS>,0.34504032135009766
75,decoder_masked,1,3,좋아한다,1,선생님은,0.08671996742486954
75,decoder_masked,1,3,좋아한다,2,로봇을,0.4504767060279846
75,decoder_masked,1,3,좋아한다,3,좋아한다,0.11776293814182281
75,decoder_cross,0,0,<SOS>,0,The,0.16889511048793793
75,decoder_cross,0,0,<SOS>,1,teacher,0.09586635231971741
75,decoder_cross,0,0,<SOS>,2,likes,0.46478793025016785
75,decoder_cross,0,0,<SOS>,3,robots,0.17869406938552856
75,decoder_cross,0,0,<SOS>,4,<EOS>,0.09175653010606766
75,decoder_cross,0,1,선생님은,0,The,0.23176634311676025
75,decoder_cross,0,1,선생님은,1,teacher,0.14868289232254028
75,decoder_cross,0,1,선생님은,2,likes,0.2656954228878021
75,decoder_cross,0,1,선생님은,3,robots,0.18763135373592377
75,decoder_cross,0,1,선생님은,4,<EOS>,0.16622395813465118
75,decoder_cross,0,2,로봇을,0,The,0.14923791587352753
75,decoder_cross,0,2,로봇을,1,teacher,0.1683514267206192
75,decoder_cross,0,2,로봇을,2,likes,0.3108646869659424
75,decoder_cross,0,2,로봇을,3,robots,0.275654673576355
75,decoder_cross,0,2,로봇을,4,<EOS>,0.09589125961065292
75,decoder_cross,0,3,좋아한다,0,The,0.209847092628479
75,decoder_cross,0,3,좋아한다,1,teacher,0.14216135442256927
75,decoder_cross,0,3,좋아한다,2,likes,0.3037295341491699
75,decoder_cross,0,3,좋아한다,3,robots,0.19884251058101654
75,decoder_cross,0,3,좋아한다,4,<EOS>,0.1454194039106369
75,decoder_cross,1,0,<SOS>,0,The,0.176011860370636
75,decoder_cross,1,0,<SOS>,1,teacher,0.1939748376607895
75,decoder_cross,1,0,<SOS>,2,likes,0.21174229681491852
75,decoder_cross,1,0,<SOS>,3,robots,0.23680992424488068
75,decoder_cross,1,0,<SOS>,4,<EOS>,0.18146108090877533
75,decoder_cross,1,1,선생님은,0,The,0.21202047169208527
75,decoder_cross,1,1,선생님은,1,teacher,0.21755436062812805
75,decoder_cross,1,1,선생님은,2,likes,0.12014071643352509
75,decoder_cross,1,1,선생님은,3,robots,0.24458099901676178
75,decoder_cross,1,1,선생님은,4,<EOS>,0.20570339262485504
75,decoder_cross,1,2,로봇을,0,The,0.1998024433851242
75,decoder_cross,1,2,로봇을,1,teacher,0.1810353547334671
75,decoder_cross,1,2,로봇을,2,likes,0.24068953096866608
75,decoder_cross,1,2,로봇을,3,robots,0.1988310068845749
75,decoder_cross,1,2,로봇을,4,<EOS>,0.17964161932468414
75,decoder_cross,1,3,좋아한다,0,The,0.21121761202812195
75,decoder_cross,1,3,좋아한다,1,teacher,0.2168295979499817
75,decoder_cross,1,3,좋아한다,2,likes,0.1523330807685852
75,decoder_cross,1,3,좋아한다,3,robots,0.20900042355060577
75,decoder_cross,1,3,좋아한다,4,<EOS>,0.21061934530735016
76,encoder_self,0,0,The,0,The,0.3086412250995636
76,encoder_self,0,0,The,1,teacher,0.016300441697239876
76,encoder_self,0,0,The,2,likes,0.007269742898643017
76,encoder_self,0,0,The,3,robots,0.06797245144844055
76,encoder_self,0,0,The,4,<EOS>,0.5998162031173706
76,encoder_self,0,1,teacher,0,The,0.04473451152443886
76,encoder_self,0,1,teacher,1,teacher,0.32439157366752625
76,encoder_self,0,1,teacher,2,likes,0.41269001364707947
76,encoder_self,0,1,teacher,3,robots,0.041851453483104706
76,encoder_self,0,1,teacher,4,<EOS>,0.17633241415023804
76,encoder_self,0,2,likes,0,The,0.12819336354732513
76,encoder_self,0,2,likes,1,teacher,0.38422784209251404
76,encoder_self,0,2,likes,2,likes,0.1016414538025856
76,encoder_self,0,2,likes,3,robots,0.2018316686153412
76,encoder_self,0,2,likes,4,<EOS>,0.1841057687997818
76,encoder_self,0,3,robots,0,The,0.004022755194455385
76,encoder_self,0,3,robots,1,teacher,0.08806400001049042
76,encoder_self,0,3,robots,2,likes,0.670742928981781
76,encoder_self,0,3,robots,3,robots,0.2265360951423645
76,encoder_self,0,3,robots,4,<EOS>,0.010634192265570164
76,encoder_self,0,4,<EOS>,0,The,0.13355740904808044
76,encoder_self,0,4,<EOS>,1,teacher,0.14432600140571594
76,encoder_self,0,4,<EOS>,2,likes,0.062407996505498886
76,encoder_self,0,4,<EOS>,3,robots,0.1286182552576065
76,encoder_self,0,4,<EOS>,4,<EOS>,0.5310903191566467
76,encoder_self,1,0,The,0,The,0.015199604444205761
76,encoder_self,1,0,The,1,teacher,0.00013422431948129088
76,encoder_self,1,0,The,2,likes,0.00010431888949824497
76,encoder_self,1,0,The,3,robots,0.9737771153450012
76,encoder_self,1,0,The,4,<EOS>,0.010784770362079144
76,encoder_self,1,1,teacher,0,The,0.17596344649791718
76,encoder_self,1,1,teacher,1,teacher,0.17378175258636475
76,encoder_self,1,1,teacher,2,likes,0.31493663787841797
76,encoder_self,1,1,teacher,3,robots,0.07803620398044586
76,encoder_self,1,1,teacher,4,<EOS>,0.25728198885917664
76,encoder_self,1,2,likes,0,The,0.0860363245010376
76,encoder_self,1,2,likes,1,teacher,0.3008463978767395
76,encoder_self,1,2,likes,2,likes,0.48268646001815796
76,encoder_self,1,2,likes,3,robots,0.0393984280526638
76,encoder_self,1,2,likes,4,<EOS>,0.09103241562843323
76,encoder_self,1,3,robots,0,The,0.06603983044624329
76,encoder_self,1,3,robots,1,teacher,0.2840362787246704
76,encoder_self,1,3,robots,2,likes,0.3356657922267914
76,encoder_self,1,3,robots,3,robots,0.0016327730845659971
76,encoder_self,1,3,robots,4,<EOS>,0.31262528896331787
76,encoder_self,1,4,<EOS>,0,The,0.01990196667611599
76,encoder_self,1,4,<EOS>,1,teacher,0.0003716243663802743
76,encoder_self,1,4,<EOS>,2,likes,0.0004737474082503468
76,encoder_self,1,4,<EOS>,3,robots,0.9701435565948486
76,encoder_self,1,4,<EOS>,4,<EOS>,0.009109214879572392
76,decoder_masked,0,0,<SOS>,0,<SOS>,1.0
76,decoder_masked,0,0,<SOS>,1,선생님은,0.0
76,decoder_masked,0,0,<SOS>,2,로봇을,0.0
76,decoder_masked,0,0,<SOS>,3,좋아한다,0.0
76,decoder_masked,0,1,선생님은,0,<SOS>,0.8821811079978943
76,decoder_masked,0,1,선생님은,1,선생님은,0.1178189069032669
76,decoder_masked,0,1,선생님은,2,로봇을,0.0
76,decoder_masked,0,1,선생님은,3,좋아한다,0.0
76,decoder_masked,0,2,로봇을,0,<SOS>,0.30730846524238586
76,decoder_masked,0,2,로봇을,1,선생님은,0.5581272840499878
76,decoder_masked,0,2,로봇을,2,로봇을,0.13456426560878754
76,decoder_masked,0,2,로봇을,3,좋아한다,0.0
76,decoder_masked,0,3,좋아한다,0,<SOS>,0.947106122970581
76,decoder_masked,0,3,좋아한다,1,선생님은,0.017349934205412865
76,decoder_masked,0,3,좋아한다,2,로봇을,0.01881190575659275
76,decoder_masked,0,3,좋아한다,3,좋아한다,0.016732050105929375
76,decoder_masked,1,0,<SOS>,0,<SOS>,1.0
76,decoder_masked,1,0,<SOS>,1,선생님은,0.0
76,decoder_masked,1,0,<SOS>,2,로봇을,0.0
76,decoder_masked,1,0,<SOS>,3,좋아한다,0.0
76,decoder_masked,1,1,선생님은,0,<SOS>,0.8319206833839417
76,decoder_masked,1,1,선생님은,1,선생님은,0.16807936131954193
76,decoder_masked,1,1,선생님은,2,로봇을,0.0
76,decoder_masked,1,1,선생님은,3,좋아한다,0.0
76,decoder_masked,1,2,로봇을,0,<SOS>,0.5379949808120728
76,decoder_masked,1,2,로봇을,1,선생님은,0.3145022988319397
76,decoder_masked,1,2,로봇을,2,로봇을,0.14750275015830994
76,decoder_masked,1,2,로봇을,3,좋아한다,0.0
76,decoder_masked,1,3,좋아한다,0,<SOS>,0.29204416275024414
76,decoder_masked,1,3,좋아한다,1,선생님은,0.0984606072306633
76,decoder_masked,1,3,좋아한다,2,로봇을,0.47671398520469666
76,decoder_masked,1,3,좋아한다,3,좋아한다,0.1327812224626541
76,decoder_cross,0,0,<SOS>,0,The,0.17100965976715088
76,decoder_cross,0,0,<SOS>,1,teacher,0.09722106158733368
76,decoder_cross,0,0,<SOS>,2,likes,0.45810210704803467
76,decoder_cross,0,0,<SOS>,3,robots,0.18025290966033936
76,decoder_cross,0,0,<SOS>,4,<EOS>,0.09341436624526978
76,decoder_cross,0,1,선생님은,0,The,0.23325805366039276
76,decoder_cross,0,1,선생님은,1,teacher,0.15002936124801636
76,decoder_cross,0,1,선생님은,2,likes,0.2607667148113251
76,decoder_cross,0,1,선생님은,3,robots,0.1878131479024887
76,decoder_cross,0,1,선생님은,4,<EOS>,0.16813263297080994
76,decoder_cross,0,2,로봇을,0,The,0.15018154680728912
76,decoder_cross,0,2,로봇을,1,teacher,0.1690906584262848
76,decoder_cross,0,2,로봇을,2,likes,0.30711841583251953
76,decoder_cross,0,2,로봇을,3,robots,0.2767496407032013
76,decoder_cross,0,2,로봇을,4,<EOS>,0.09685968607664108
76,decoder_cross,0,3,좋아한다,0,The,0.2135329693555832
76,decoder_cross,0,3,좋아한다,1,teacher,0.14353406429290771
76,decoder_cross,0,3,좋아한다,2,likes,0.2959642708301544
76,decoder_cross,0,3,좋아한다,3,robots,0.19852156937122345
76,decoder_cross,0,3,좋아한다,4,<EOS>,0.14844699203968048
76,decoder_cross,1,0,<SOS>,0,The,0.17642740905284882
76,decoder_cross,1,0,<SOS>,1,teacher,0.19401338696479797
76,decoder_cross,1,0,<SOS>,2,likes,0.21038919687271118
76,decoder_cross,1,0,<SOS>,3,robots,0.23755933344364166
76,decoder_cross,1,0,<SOS>,4,<EOS>,0.18161068856716156
76,decoder_cross,1,1,선생님은,0,The,0.21261748671531677
76,decoder_cross,1,1,선생님은,1,teacher,0.21712073683738708
76,decoder_cross,1,1,선생님은,2,likes,0.11958849430084229
76,decoder_cross,1,1,선생님은,3,robots,0.24498844146728516
76,decoder_cross,1,1,선생님은,4,<EOS>,0.2056848406791687
76,decoder_cross,1,2,로봇을,0,The,0.19987212121486664
76,decoder_cross,1,2,로봇을,1,teacher,0.18107099831104279
76,decoder_cross,1,2,로봇을,2,likes,0.24016764760017395
76,decoder_cross,1,2,로봇을,3,robots,0.1993270218372345
76,decoder_cross,1,2,로봇을,4,<EOS>,0.17956224083900452
76,decoder_cross,1,3,좋아한다,0,The,0.2122262716293335
76,decoder_cross,1,3,좋아한다,1,teacher,0.21647900342941284
76,decoder_cross,1,3,좋아한다,2,likes,0.15094678103923798
76,decoder_cross,1,3,좋아한다,3,robots,0.20989596843719482
76,decoder_cross,1,3,좋아한다,4,<EOS>,0.21045194566249847
77,encoder_self,0,0,The,0,The,0.30676865577697754
77,encoder_self,0,0,The,1,teacher,0.016298452392220497
77,encoder_self,0,0,The,2,likes,0.0071618277579545975
77,encoder_self,0,0,The,3,robots,0.06805311143398285
77,encoder_self,0,0,The,4,<EOS>,0.6017179489135742
77,encoder_self,0,1,teacher,0,The,0.046167775988578796
77,encoder_self,0,1,teacher,1,teacher,0.3270488977432251
77,encoder_self,0,1,teacher,2,likes,0.4029272198677063
77,encoder_self,0,1,teacher,3,robots,0.04227921739220619
77,encoder_self,0,1,teacher,4,<EOS>,0.18157684803009033
77,encoder_self,0,2,likes,0,The,0.12906865775585175
77,encoder_self,0,2,likes,1,teacher,0.38412001729011536
77,encoder_self,0,2,likes,2,likes,0.0999922975897789
77,encoder_self,0,2,likes,3,robots,0.20160086452960968
77,encoder_self,0,2,likes,4,<EOS>,0.18521815538406372
77,encoder_self,0,3,robots,0,The,0.003989224787801504
77,encoder_self,0,3,robots,1,teacher,0.08767113834619522
77,encoder_self,0,3,robots,2,likes,0.6720646023750305
77,encoder_self,0,3,robots,3,robots,0.22570806741714478
77,encoder_self,0,3,robots,4,<EOS>,0.010566981509327888
77,encoder_self,0,4,<EOS>,0,The,0.13384626805782318
77,encoder_self,0,4,<EOS>,1,teacher,0.14334043860435486
77,encoder_self,0,4,<EOS>,2,likes,0.06056354567408562
77,encoder_self,0,4,<EOS>,3,robots,0.12798289954662323
77,encoder_self,0,4,<EOS>,4,<EOS>,0.5342668294906616
77,encoder_self,1,0,The,0,The,0.015745121985673904
77,encoder_self,1,0,The,1,teacher,0.00013069057604297996
77,encoder_self,1,0,The,2,likes,9.721615060698241e-05
77,encoder_self,1,0,The,3,robots,0.973142147064209
77,encoder_self,1,0,The,4,<EOS>,0.010884739458560944
77,encoder_self,1,1,teacher,0,The,0.17577704787254333
77,encoder_self,1,1,teacher,1,teacher,0.17370150983333588
77,encoder_self,1,1,teacher,2,likes,0.31538087129592896
77,encoder_self,1,1,teacher,3,robots,0.07821675390005112
77,encoder_self,1,1,teacher,4,<EOS>,0.25692373514175415
77,encoder_self,1,2,likes,0,The,0.08383705466985703
77,encoder_self,1,2,likes,1,teacher,0.2995681166648865
77,encoder_self,1,2,likes,2,likes,0.4882284104824066
77,encoder_self,1,2,likes,3,robots,0.03875390812754631
77,encoder_self,1,2,likes,4,<EOS>,0.0896124467253685
77,encoder_self,1,3,robots,0,The,0.06618068367242813
77,encoder_self,1,3,robots,1,teacher,0.2839660346508026
77,encoder_self,1,3,robots,2,likes,0.33535218238830566
77,encoder_self,1,3,robots,3,robots,0.0016421596519649029
77,encoder_self,1,3,robots,4,<EOS>,0.3128589391708374
77,encoder_self,1,4,<EOS>,0,The,0.020309653133153915
77,encoder_self,1,4,<EOS>,1,teacher,0.0003645407850854099
77,encoder_self,1,4,<EOS>,2,likes,0.0004523369134403765
77,encoder_self,1,4,<EOS>,3,robots,0.9697360992431641
77,encoder_self,1,4,<EOS>,4,<EOS>,0.009137348271906376
77,decoder_masked,0,0,<SOS>,0,<SOS>,1.0
77,decoder_masked,0,0,<SOS>,1,선생님은,0.0
77,decoder_masked,0,0,<SOS>,2,로봇을,0.0
77,decoder_masked,0,0,<SOS>,3,좋아한다,0.0
77,decoder_masked,0,1,선생님은,0,<SOS>,0.8721380829811096
77,decoder_masked,0,1,선생님은,1,선생님은,0.1278618723154068
77,decoder_masked,0,1,선생님은,2,로봇을,0.0
77,decoder_masked,0,1,선생님은,3,좋아한다,0.0
77,decoder_masked,0,2,로봇을,0,<SOS>,0.31109002232551575
77,decoder_masked,0,2,로봇을,1,선생님은,0.5546546578407288
77,decoder_masked,0,2,로봇을,2,로봇을,0.1342553347349167
77,decoder_masked,0,2,로봇을,3,좋아한다,0.0
77,decoder_masked,0,3,좋아한다,0,<SOS>,0.9473401308059692
77,decoder_masked,0,3,좋아한다,1,선생님은,0.017382754012942314
77,decoder_masked,0,3,좋아한다,2,로봇을,0.01865658164024353
77,decoder_masked,0,3,좋아한다,3,좋아한다,0.016620511189103127
77,decoder_masked,1,0,<SOS>,0,<SOS>,1.0
77,decoder_masked,1,0,<SOS>,1,선생님은,0.0
77,decoder_masked,1,0,<SOS>,2,로봇을,0.0
77,decoder_masked,1,0,<SOS>,3,좋아한다,0.0
77,decoder_masked,1,1,선생님은,0,<SOS>,0.8322408199310303
77,decoder_masked,1,1,선생님은,1,선생님은,0.1677592247724533
77,decoder_masked,1,1,선생님은,2,로봇을,0.0
77,decoder_masked,1,1,선생님은,3,좋아한다,0.0
77,decoder_masked,1,2,로봇을,0,<SOS>,0.5457627773284912
77,decoder_masked,1,2,로봇을,1,선생님은,0.3088694214820862
77,decoder_masked,1,2,로봇을,2,로봇을,0.14536777138710022
77,decoder_masked,1,2,로봇을,3,좋아한다,0.0
77,decoder_masked,1,3,좋아한다,0,<SOS>,0.2818720042705536
77,decoder_masked,1,3,좋아한다,1,선생님은,0.10108733922243118
77,decoder_masked,1,3,좋아한다,2,로봇을,0.47483208775520325
77,decoder_masked,1,3,좋아한다,3,좋아한다,0.142208531498909
77,decoder_cross,0,0,<SOS>,0,The,0.1722642034292221
77,decoder_cross,0,0,<SOS>,1,teacher,0.09882599860429764
77,decoder_cross,0,0,<SOS>,2,likes,0.4513881802558899
77,decoder_cross,0,0,<SOS>,3,robots,0.18276230990886688
77,decoder_cross,0,0,<SOS>,4,<EOS>,0.09475934505462646
77,decoder_cross,0,1,선생님은,0,The,0.23308421671390533
77,decoder_cross,0,1,선생님은,1,teacher,0.15189704298973083
77,decoder_cross,0,1,선생님은,2,likes,0.2566812038421631
77,decoder_cross,0,1,선생님은,3,robots,0.18906180560588837
77,decoder_cross,0,1,선생님은,4,<EOS>,0.16927573084831238
77,decoder_cross,0,2,로봇을,0,The,0.14993050694465637
77,decoder_cross,0,2,로봇을,1,teacher,0.17034195363521576
77,decoder_cross,0,2,로봇을,2,likes,0.3031565845012665
77,decoder_cross,0,2,로봇을,3,robots,0.2793991267681122
77,decoder_cross,0,2,로봇을,4,<EOS>,0.09717174619436264
77,decoder_cross,0,3,좋아한다,0,The,0.214778870344162
77,decoder_cross,0,3,좋아한다,1,teacher,0.14530746638774872
77,decoder_cross,0,3,좋아한다,2,likes,0.29014694690704346
77,decoder_cross,0,3,좋아한다,3,robots,0.1996534764766693
77,decoder_cross,0,3,좋아한다,4,<EOS>,0.1501132845878601
77,decoder_cross,1,0,<SOS>,0,The,0.17699719965457916
77,decoder_cross,1,0,<SOS>,1,teacher,0.19424721598625183
77,decoder_cross,1,0,<SOS>,2,likes,0.20865057408809662
77,decoder_cross,1,0,<SOS>,3,robots,0.23814697563648224
77,decoder_cross,1,0,<SOS>,4,<EOS>,0.18195803463459015
77,decoder_cross,1,1,선생님은,0,The,0.21333184838294983
77,decoder_cross,1,1,선생님은,1,teacher,0.21700693666934967
77,decoder_cross,1,1,선생님은,2,likes,0.11893639713525772
77,decoder_cross,1,1,선생님은,3,robots,0.24467134475708008
77,decoder_cross,1,1,선생님은,4,<EOS>,0.20605342090129852
77,decoder_cross,1,2,로봇을,0,The,0.19999244809150696
77,decoder_cross,1,2,로봇을,1,teacher,0.1813705563545227
77,decoder_cross,1,2,로봇을,2,likes,0.23917655646800995
77,decoder_cross,1,2,로봇을,3,robots,0.1996799260377884
77,decoder_cross,1,2,로봇을,4,<EOS>,0.1797804981470108
77,decoder_cross,1,3,좋아한다,0,The,0.213278129696846
77,decoder_cross,1,3,좋아한다,1,teacher,0.21652962267398834
77,decoder_cross,1,3,좋아한다,2,likes,0.14906184375286102
77,decoder_cross,1,3,좋아한다,3,robots,0.2104422003030777
77,decoder_cross,1,3,좋아한다,4,<EOS>,0.21068821847438812
78,encoder_self,0,0,The,0,The,0.2955092191696167
78,encoder_self,0,0,The,1,teacher,0.01749167963862419
78,encoder_self,0,0,The,2,likes,0.00793928187340498
78,encoder_self,0,0,The,3,robots,0.07294846326112747
78,encoder_self,0,0,The,4,<EOS>,0.6061113476753235
78,encoder_self,0,1,teacher,0,The,0.045373473316431046
78,encoder_self,0,1,teacher,1,teacher,0.32734233140945435
78,encoder_self,0,1,teacher,2,likes,0.4043706953525543
78,encoder_self,0,1,teacher,3,robots,0.04226257652044296
78,encoder_self,0,1,teacher,4,<EOS>,0.18065091967582703
78,encoder_self,0,2,likes,0,The,0.13071563839912415
78,encoder_self,0,2,likes,1,teacher,0.38306301832199097
78,encoder_self,0,2,likes,2,likes,0.09893475472927094
78,encoder_self,0,2,likes,3,robots,0.2009703516960144
78,encoder_self,0,2,likes,4,<EOS>,0.18631625175476074
78,encoder_self,0,3,robots,0,The,0.0038690543733537197
78,encoder_self,0,3,robots,1,teacher,0.08700146526098251
78,encoder_self,0,3,robots,2,likes,0.6744643449783325
78,encoder_self,0,3,robots,3,robots,0.22430559992790222
78,encoder_self,0,3,robots,4,<EOS>,0.01035952940583229
78,encoder_self,0,4,<EOS>,0,The,0.128437340259552
78,encoder_self,0,4,<EOS>,1,teacher,0.1473620980978012
78,encoder_self,0,4,<EOS>,2,likes,0.06353984773159027
78,encoder_self,0,4,<EOS>,3,robots,0.13141903281211853
78,encoder_self,0,4,<EOS>,4,<EOS>,0.5292416214942932
78,encoder_self,1,0,The,0,The,0.01596953719854355
78,encoder_self,1,0,The,1,teacher,0.000128298212075606
78,encoder_self,1,0,The,2,likes,9.470091026742011e-05
78,encoder_self,1,0,The,3,robots,0.9728826880455017
78,encoder_self,1,0,The,4,<EOS>,0.010924750939011574
78,encoder_self,1,1,teacher,0,The,0.1771678924560547
78,encoder_self,1,1,teacher,1,teacher,0.1732519268989563
78,encoder_self,1,1,teacher,2,likes,0.3129222095012665
78,encoder_self,1,1,teacher,3,robots,0.07887185364961624
78,encoder_self,1,1,teacher,4,<EOS>,0.25778621435165405
78,encoder_self,1,2,likes,0,The,0.08319249004125595
78,encoder_self,1,2,likes,1,teacher,0.299663782119751
78,encoder_self,1,2,likes,2,likes,0.48940345644950867
78,encoder_self,1,2,likes,3,robots,0.038577985018491745
78,encoder_self,1,2,likes,4,<EOS>,0.08916240185499191
78,encoder_self,1,3,robots,0,The,0.06651068478822708
78,encoder_self,1,3,robots,1,teacher,0.283922016620636
78,encoder_self,1,3,robots,2,likes,0.334309458732605
78,encoder_self,1,3,robots,3,robots,0.0016477317549288273
78,encoder_self,1,3,robots,4,<EOS>,0.31361010670661926
78,encoder_self,1,4,<EOS>,0,The,0.020498277619481087
78,encoder_self,1,4,<EOS>,1,teacher,0.000358795456122607
78,encoder_self,1,4,<EOS>,2,likes,0.0004422250494826585
78,encoder_self,1,4,<EOS>,3,robots,0.969557523727417
78,encoder_self,1,4,<EOS>,4,<EOS>,0.009143183007836342
78,decoder_masked,0,0,<SOS>,0,<SOS>,1.0
78,decoder_masked,0,0,<SOS>,1,선생님은,0.0
78,decoder_masked,0,0,<SOS>,2,로봇을,0.0
78,decoder_masked,0,0,<SOS>,3,좋아한다,0.0
78,decoder_masked,0,1,선생님은,0,<SOS>,0.8689220547676086
78,decoder_masked,0,1,선생님은,1,선생님은,0.13107803463935852
78,decoder_masked,0,1,선생님은,2,로봇을,0.0
78,decoder_masked,0,1,선생님은,3,좋아한다,0.0
78,decoder_masked,0,2,로봇을,0,<SOS>,0.30936399102211
78,decoder_masked,0,2,로봇을,1,선생님은,0.5564740300178528
78,decoder_masked,0,2,로봇을,2,로봇을,0.13416194915771484
78,decoder_masked,0,2,로봇을,3,좋아한다,0.0
78,decoder_masked,0,3,좋아한다,0,<SOS>,0.9463977217674255
78,decoder_masked,0,3,좋아한다,1,선생님은,0.017779089510440826
78,decoder_masked,0,3,좋아한다,2,로봇을,0.018905390053987503
78,decoder_masked,0,3,좋아한다,3,좋아한다,0.0169178768992424
78,decoder_masked,1,0,<SOS>,0,<SOS>,1.0
78,decoder_masked,1,0,<SOS>,1,선생님은,0.0
78,decoder_masked,1,0,<SOS>,2,로봇을,0.0
78,decoder_masked,1,0,<SOS>,3,좋아한다,0.0
78,decoder_masked,1,1,선생님은,0,<SOS>,0.8435570597648621
78,decoder_masked,1,1,선생님은,1,선생님은,0.15644299983978271
78,decoder_masked,1,1,선생님은,2,로봇을,0.0
78,decoder_masked,1,1,선생님은,3,좋아한다,0.0
78,decoder_masked,1,2,로봇을,0,<SOS>,0.5262206196784973
78,decoder_masked,1,2,로봇을,1,선생님은,0.32556578516960144
78,decoder_masked,1,2,로봇을,2,로봇을,0.14821361005306244
78,decoder_masked,1,2,로봇을,3,좋아한다,0.0
78,decoder_masked,1,3,좋아한다,0,<SOS>,0.2979964315891266
78,decoder_masked,1,3,좋아한다,1,선생님은,0.09539982676506042
78,decoder_masked,1,3,좋아한다,2,로봇을,0.4699843227863312
78,decoder_masked,1,3,좋아한다,3,좋아한다,0.13661950826644897
78,decoder_cross,0,0,<SOS>,0,The,0.17364206910133362
78,decoder_cross,0,0,<SOS>,1,teacher,0.09908994287252426
78,decoder_cross,0,0,<SOS>,2,likes,0.4492703080177307
78,decoder_cross,0,0,<SOS>,3,robots,0.18234147131443024
78,decoder_cross,0,0,<SOS>,4,<EOS>,0.09565630555152893
78,decoder_cross,0,1,선생님은,0,The,0.23424756526947021
78,decoder_cross,0,1,선생님은,1,teacher,0.15035203099250793
78,decoder_cross,0,1,선생님은,2,likes,0.2585386037826538
78,decoder_cross,0,1,선생님은,3,robots,0.18770650029182434
78,decoder_cross,0,1,선생님은,4,<EOS>,0.1691553145647049
78,decoder_cross,0,2,로봇을,0,The,0.1516069620847702
78,decoder_cross,0,2,로봇을,1,teacher,0.17033840715885162
78,decoder_cross,0,2,로봇을,2,likes,0.3012975752353668
78,decoder_cross,0,2,로봇을,3,robots,0.27842196822166443
78,decoder_cross,0,2,로봇을,4,<EOS>,0.09833502769470215
78,decoder_cross,0,3,좋아한다,0,The,0.21546508371829987
78,decoder_cross,0,3,좋아한다,1,teacher,0.14439354836940765
78,decoder_cross,0,3,좋아한다,2,likes,0.2912883162498474
78,decoder_cross,0,3,좋아한다,3,robots,0.1987672597169876
78,decoder_cross,0,3,좋아한다,4,<EOS>,0.15008582174777985
78,decoder_cross,1,0,<SOS>,0,The,0.17720137536525726
78,decoder_cross,1,0,<SOS>,1,teacher,0.1940341740846634
78,decoder_cross,1,0,<SOS>,2,likes,0.20850929617881775
78,decoder_cross,1,0,<SOS>,3,robots,0.23825021088123322
78,decoder_cross,1,0,<SOS>,4,<EOS>,0.18200494349002838
78,decoder_cross,1,1,선생님은,0,The,0.21336263418197632
78,decoder_cross,1,1,선생님은,1,teacher,0.21648183465003967
78,decoder_cross,1,1,선생님은,2,likes,0.1192057877779007
78,decoder_cross,1,1,선생님은,3,robots,0.24510477483272552
78,decoder_cross,1,1,선생님은,4,<EOS>,0.2058449536561966
78,decoder_cross,1,2,로봇을,0,The,0.2002754807472229
78,decoder_cross,1,2,로봇을,1,teacher,0.18134260177612305
78,decoder_cross,1,2,로봇을,2,likes,0.23852601647377014
78,decoder_cross,1,2,로봇을,3,robots,0.20021456480026245
78,decoder_cross,1,2,로봇을,4,<EOS>,0.17964129149913788
78,decoder_cross,1,3,좋아한다,0,The,0.2133188098669052
78,decoder_cross,1,3,좋아한다,1,teacher,0.21635937690734863
78,decoder_cross,1,3,좋아한다,2,likes,0.14877089858055115
78,decoder_cross,1,3,좋아한다,3,robots,0.21097227931022644
78,decoder_cross,1,3,좋아한다,4,<EOS>,0.21057862043380737
79,encoder_self,0,0,The,0,The,0.29458174109458923
79,encoder_self,0,0,The,1,teacher,0.01756439357995987
79,encoder_self,0,0,The,2,likes,0.007966535165905952
79,encoder_self,0,0,The,3,robots,0.07318568229675293
79,encoder_self,0,0,The,4,<EOS>,0.606701672077179
79,encoder_self,0,1,teacher,0,The,0.04493612051010132
79,encoder_self,0,1,teacher,1,teacher,0.3280413746833801
79,encoder_self,0,1,teacher,2,likes,0.4046838879585266
79,encoder_self,0,1,teacher,3,robots,0.042311783879995346
79,encoder_self,0,1,teacher,4,<EOS>,0.1800268441438675
79,encoder_self,0,2,likes,0,The,0.13070310652256012
79,encoder_self,0,2,likes,1,teacher,0.3830138146877289
79,encoder_self,0,2,likes,2,likes,0.09882212430238724
79,encoder_self,0,2,likes,3,robots,0.20106178522109985
79,encoder_self,0,2,likes,4,<EOS>,0.1863991916179657
79,encoder_self,0,3,robots,0,The,0.003828667802736163
79,encoder_self,0,3,robots,1,teacher,0.08682717382907867
79,encoder_self,0,3,robots,2,likes,0.675783634185791
79,encoder_self,0,3,robots,3,robots,0.2232917696237564
79,encoder_self,0,3,robots,4,<EOS>,0.010268720798194408
79,encoder_self,0,4,<EOS>,0,The,0.12769213318824768
79,encoder_self,0,4,<EOS>,1,teacher,0.14782702922821045
79,encoder_self,0,4,<EOS>,2,likes,0.06369215995073318
79,encoder_self,0,4,<EOS>,3,robots,0.13161318004131317
79,encoder_self,0,4,<EOS>,4,<EOS>,0.5291754603385925
79,encoder_self,1,0,The,0,The,0.01609824039041996
79,encoder_self,1,0,The,1,teacher,0.0001278992131119594
79,encoder_self,1,0,The,2,likes,9.548908565193415e-05
79,encoder_self,1,0,The,3,robots,0.9726933836936951
79,encoder_self,1,0,The,4,<EOS>,0.010984985157847404
79,encoder_self,1,1,teacher,0,The,0.17697256803512573
79,encoder_self,1,1,teacher,1,teacher,0.17400658130645752
79,encoder_self,1,1,teacher,2,likes,0.3123053312301636
79,encoder_self,1,1,teacher,3,robots,0.07884939759969711
79,encoder_self,1,1,teacher,4,<EOS>,0.25786614418029785
79,encoder_self,1,2,likes,0,The,0.08327874541282654
79,encoder_self,1,2,likes,1,teacher,0.3003513514995575
79,encoder_self,1,2,likes,2,likes,0.48834359645843506
79,encoder_self,1,2,likes,3,robots,0.03884401544928551
79,encoder_self,1,2,likes,4,<EOS>,0.08918233215808868
79,encoder_self,1,3,robots,0,The,0.06705103069543839
79,encoder_self,1,3,robots,1,teacher,0.284254252910614
79,encoder_self,1,3,robots,2,likes,0.33228352665901184
79,encoder_self,1,3,robots,3,robots,0.001691531972028315
79,encoder_self,1,3,robots,4,<EOS>,0.3147195875644684
79,encoder_self,1,4,<EOS>,0,The,0.02059713751077652
79,encoder_self,1,4,<EOS>,1,teacher,0.00035921906237490475
79,encoder_self,1,4,<EOS>,2,likes,0.0004447766114026308
79,encoder_self,1,4,<EOS>,3,robots,0.9694227576255798
79,encoder_self,1,4,<EOS>,4,<EOS>,0.00917620025575161
79,decoder_masked,0,0,<SOS>,0,<SOS>,1.0
79,decoder_masked,0,0,<SOS>,1,선생님은,0.0
79,decoder_masked,0,0,<SOS>,2,로봇을,0.0
79,decoder_masked,0,0,<SOS>,3,좋아한다,0.0
79,decoder_masked,0,1,선생님은,0,<SOS>,0.870920717716217
79,decoder_masked,0,1,선생님은,1,선생님은,0.12907934188842773
79,decoder_masked,0,1,선생님은,2,로봇을,0.0
79,decoder_masked,0,1,선생님은,3,좋아한다,0.0
79,decoder_masked,0,2,로봇을,0,<SOS>,0.30373913049697876
79,decoder_masked,0,2,로봇을,1,선생님은,0.5610095858573914
79,decoder_masked,0,2,로봇을,2,로봇을,0.13525129854679108
79,decoder_masked,0,2,로봇을,3,좋아한다,0.0
79,decoder_masked,0,3,좋아한다,0,<SOS>,0.9462007284164429
79,decoder_masked,0,3,좋아한다,1,선생님은,0.017620710656046867
79,decoder_masked,0,3,좋아한다,2,로봇을,0.019555125385522842
79,decoder_masked,0,3,좋아한다,3,좋아한다,0.016623452305793762
79,decoder_masked,1,0,<SOS>,0,<SOS>,1.0
79,decoder_masked,1,0,<SOS>,1,선생님은,0.0
79,decoder_masked,1,0,<SOS>,2,로봇을,0.0
79,decoder_masked,1,0,<SOS>,3,좋아한다,0.0
79,decoder_masked,1,1,선생님은,0,<SOS>,0.8443340063095093
79,decoder_masked,1,1,선생님은,1,선생님은,0.15566596388816833
79,decoder_masked,1,1,선생님은,2,로봇을,0.0
79,decoder_masked,1,1,선생님은,3,좋아한다,0.0
79,decoder_masked,1,2,로봇을,0,<SOS>,0.5265275835990906
79,decoder_masked,1,2,로봇을,1,선생님은,0.325847864151001
79,decoder_masked,1,2,로봇을,2,로봇을,0.14762455224990845
79,decoder_masked,1,2,로봇을,3,좋아한다,0.0
79,decoder_masked,1,3,좋아한다,0,<SOS>,0.295858770608902
79,decoder_masked,1,3,좋아한다,1,선생님은,0.09543877094984055
79,decoder_masked,1,3,좋아한다,2,로봇을,0.47172895073890686
79,decoder_masked,1,3,좋아한다,3,좋아한다,0.13697347044944763
79,decoder_cross,0,0,<SOS>,0,The,0.17355091869831085
79,decoder_cross,0,0,<SOS>,1,teacher,0.09904228150844574
79,decoder_cross,0,0,<SOS>,2,likes,0.44914281368255615
79,decoder_cross,0,0,<SOS>,3,robots,0.18242135643959045
79,decoder_cross,0,0,<SOS>,4,<EOS>,0.09584266692399979
79,decoder_cross,0,1,선생님은,0,The,0.23266522586345673
79,decoder_cross,0,1,선생님은,1,teacher,0.1486109048128128
79,decoder_cross,0,1,선생님은,2,likes,0.26407989859580994
79,decoder_cross,0,1,선생님은,3,robots,0.18804201483726501
79,decoder_cross,0,1,선생님은,4,<EOS>,0.16660191118717194
79,decoder_cross,0,2,로봇을,0,The,0.15185268223285675
79,decoder_cross,0,2,로봇을,1,teacher,0.16901317238807678
79,decoder_cross,0,2,로봇을,2,likes,0.3035014867782593
79,decoder_cross,0,2,로봇을,3,robots,0.2773413360118866
79,decoder_cross,0,2,로봇을,4,<EOS>,0.09829137474298477
79,decoder_cross,0,3,좋아한다,0,The,0.21447819471359253
79,decoder_cross,0,3,좋아한다,1,teacher,0.14313605427742004
79,decoder_cross,0,3,좋아한다,2,likes,0.2950749695301056
79,decoder_cross,0,3,좋아한다,3,robots,0.1986742466688156
79,decoder_cross,0,3,좋아한다,4,<EOS>,0.14863651990890503
79,decoder_cross,1,0,<SOS>,0,The,0.17666016519069672
79,decoder_cross,1,0,<SOS>,1,teacher,0.19377724826335907
79,decoder_cross,1,0,<SOS>,2,likes,0.21019186079502106
79,decoder_cross,1,0,<SOS>,3,robots,0.23755258321762085
79,decoder_cross,1,0,<SOS>,4,<EOS>,0.18181811273097992
79,decoder_cross,1,1,선생님은,0,The,0.21203039586544037
79,decoder_cross,1,1,선생님은,1,teacher,0.2165173888206482
79,decoder_cross,1,1,선생님은,2,likes,0.12104290723800659
79,decoder_cross,1,1,선생님은,3,robots,0.24515801668167114
79,decoder_cross,1,1,선생님은,4,<EOS>,0.2052512764930725
79,decoder_cross,1,2,로봇을,0,The,0.1996700018644333
79,decoder_cross,1,2,로봇을,1,teacher,0.1810476928949356
79,decoder_cross,1,2,로봇을,2,likes,0.24004921317100525
79,decoder_cross,1,2,로봇을,3,robots,0.19985496997833252
79,decoder_cross,1,2,로봇을,4,<EOS>,0.17937813699245453
79,decoder_cross,1,3,좋아한다,0,The,0.2123257964849472
79,decoder_cross,1,3,좋아한다,1,teacher,0.2161925733089447
79,decoder_cross,1,3,좋아한다,2,likes,0.15043134987354279
79,decoder_cross,1,3,좋아한다,3,robots,0.21102078258991241
79,decoder_cross,1,3,좋아한다,4,<EOS>,0.21002952754497528
80,encoder_self,0,0,The,0,The,0.29480233788490295
80,encoder_self,0,0,The,1,teacher,0.017607584595680237
80,encoder_self,0,0,The,2,likes,0.007786164991557598
80,encoder_self,0,0,The,3,robots,0.07107653468847275
80,encoder_self,0,0,The,4,<EOS>,0.6087273955345154
80,encoder_self,0,1,teacher,0,The,0.045561715960502625
80,encoder_self,0,1,teacher,1,teacher,0.33206287026405334
80,encoder_self,0,1,teacher,2,likes,0.3968532681465149
80,encoder_self,0,1,teacher,3,robots,0.04253007844090462
80,encoder_self,0,1,teacher,4,<EOS>,0.1829921305179596
80,encoder_self,0,2,likes,0,The,0.13029642403125763
80,encoder_self,0,2,likes,1,teacher,0.3825587034225464
80,encoder_self,0,2,likes,2,likes,0.09835951030254364
80,encoder_self,0,2,likes,3,robots,0.20295678079128265
80,encoder_self,0,2,likes,4,<EOS>,0.18582862615585327
80,encoder_self,0,3,robots,0,The,0.003924110904335976
80,encoder_self,0,3,robots,1,teacher,0.08692138642072678
80,encoder_self,0,3,robots,2,likes,0.6836185455322266
80,encoder_self,0,3,robots,3,robots,0.21502821147441864
80,encoder_self,0,3,robots,4,<EOS>,0.010507822968065739
80,encoder_self,0,4,<EOS>,0,The,0.1282023787498474
80,encoder_self,0,4,<EOS>,1,teacher,0.1483033448457718
80,encoder_self,0,4,<EOS>,2,likes,0.06191780045628548
80,encoder_self,0,4,<EOS>,3,robots,0.12873868644237518
80,encoder_self,0,4,<EOS>,4,<EOS>,0.5328378081321716
80,encoder_self,1,0,The,0,The,0.016127735376358032
80,encoder_self,1,0,The,1,teacher,0.00012710512964986265
80,encoder_self,1,0,The,2,likes,9.419833804713562e-05
80,encoder_self,1,0,The,3,robots,0.972687304019928
80,encoder_self,1,0,The,4,<EOS>,0.01096359733492136
80,encoder_self,1,1,teacher,0,The,0.17758886516094208
80,encoder_self,1,1,teacher,1,teacher,0.17388580739498138
80,encoder_self,1,1,teacher,2,likes,0.31110548973083496
80,encoder_self,1,1,teacher,3,robots,0.07924890518188477
80,encoder_self,1,1,teacher,4,<EOS>,0.25817087292671204
80,encoder_self,1,2,likes,0,The,0.08293452113866806
80,encoder_self,1,2,likes,1,teacher,0.30012574791908264
80,encoder_self,1,2,likes,2,likes,0.4893157482147217
80,encoder_self,1,2,likes,3,robots,0.03865468129515648
80,encoder_self,1,2,likes,4,<EOS>,0.08896937221288681
80,encoder_self,1,3,robots,0,The,0.067439965903759
80,encoder_self,1,3,robots,1,teacher,0.2847118079662323
80,encoder_self,1,3,robots,2,likes,0.3302416205406189
80,encoder_self,1,3,robots,3,robots,0.0017029050504788756
80,encoder_self,1,3,robots,4,<EOS>,0.31590375304222107
80,encoder_self,1,4,<EOS>,0,The,0.02061370573937893
80,encoder_self,1,4,<EOS>,1,teacher,0.00035700196167454123
80,encoder_self,1,4,<EOS>,2,likes,0.00043979426845908165
80,encoder_self,1,4,<EOS>,3,robots,0.9694390892982483
80,encoder_self,1,4,<EOS>,4,<EOS>,0.009150383062660694
80,decoder_masked,0,0,<SOS>,0,<SOS>,1.0
80,decoder_masked,0,0,<SOS>,1,선생님은,0.0
80,decoder_masked,0,0,<SOS>,2,로봇을,0.0
80,decoder_masked,0,0,<SOS>,3,좋아한다,0.0
80,decoder_masked,0,1,선생님은,0,<SOS>,0.8739702105522156
80,decoder_masked,0,1,선생님은,1,선생님은,0.1260298192501068
80,decoder_masked,0,1,선생님은,2,로봇을,0.0
80,decoder_masked,0,1,선생님은,3,좋아한다,0.0
80,decoder_masked,0,2,로봇을,0,<SOS>,0.2835494577884674
80,decoder_masked,0,2,로봇을,1,선생님은,0.5865263938903809
80,decoder_masked,0,2,로봇을,2,로봇을,0.12992413341999054
80,decoder_masked,0,2,로봇을,3,좋아한다,0.0
80,decoder_masked,0,3,좋아한다,0,<SOS>,0.9480972290039062
80,decoder_masked,0,3,좋아한다,1,선생님은,0.01686527021229267
80,decoder_masked,0,3,좋아한다,2,로봇을,0.019103817641735077
80,decoder_masked,0,3,좋아한다,3,좋아한다,0.015933779999613762
80,decoder_masked,1,0,<SOS>,0,<SOS>,1.0
80,decoder_masked,1,0,<SOS>,1,선생님은,0.0
80,decoder_masked,1,0,<SOS>,2,로봇을,0.0
80,decoder_masked,1,0,<SOS>,3,좋아한다,0.0
80,decoder_masked,1,1,선생님은,0,<SOS>,0.8403854370117188
80,decoder_masked,1,1,선생님은,1,선생님은,0.15961451828479767
80,decoder_masked,1,1,선생님은,2,로봇을,0.0
80,decoder_masked,1,1,선생님은,3,좋아한다,0.0
80,decoder_masked,1,2,로봇을,0,<SOS>,0.5491321682929993
80,decoder_masked,1,2,로봇을,1,선생님은,0.3115149438381195
80,decoder_masked,1,2,로봇을,2,로봇을,0.1393529176712036
80,decoder_masked,1,2,로봇을,3,좋아한다,0.0
80,decoder_masked,1,3,좋아한다,0,<SOS>,0.28256934881210327
80,decoder_masked,1,3,좋아한다,1,선생님은,0.09848541766405106
80,decoder_masked,1,3,좋아한다,2,로봇을,0.47524362802505493
80,decoder_masked,1,3,좋아한다,3,좋아한다,0.14370161294937134
80,decoder_cross,0,0,<SOS>,0,The,0.1725795716047287
80,decoder_cross,0,0,<SOS>,1,teacher,0.09932976216077805
80,decoder_cross,0,0,<SOS>,2,likes,0.45008689165115356
80,decoder_cross,0,0,<SOS>,3,robots,0.1825299710035324
80,decoder_cross,0,0,<SOS>,4,<EOS>,0.09547372907400131
80,decoder_cross,0,1,선생님은,0,The,0.2309759557247162
80,decoder_cross,0,1,선생님은,1,teacher,0.14886116981506348
80,decoder_cross,0,1,선생님은,2,likes,0.2659192681312561
80,decoder_cross,0,1,선생님은,3,robots,0.18899314105510712
80,decoder_cross,0,1,선생님은,4,<EOS>,0.1652504950761795
80,decoder_cross,0,2,로봇을,0,The,0.1508295089006424
80,decoder_cross,0,2,로봇을,1,teacher,0.16848888993263245
80,decoder_cross,0,2,로봇을,2,likes,0.3065583407878876
80,decoder_cross,0,2,로봇을,3,robots,0.2767527401447296
80,decoder_cross,0,2,로봇을,4,<EOS>,0.09737053513526917
80,decoder_cross,0,3,좋아한다,0,The,0.21370269358158112
80,decoder_cross,0,3,좋아한다,1,teacher,0.1438709944486618
80,decoder_cross,0,3,좋아한다,2,likes,0.29468610882759094
80,decoder_cross,0,3,좋아한다,3,robots,0.1993245780467987
80,decoder_cross,0,3,좋아한다,4,<EOS>,0.14841565489768982
80,decoder_cross,1,0,<SOS>,0,The,0.17598207294940948
80,decoder_cross,1,0,<SOS>,1,teacher,0.19332367181777954
80,decoder_cross,1,0,<SOS>,2,likes,0.21218788623809814
80,decoder_cross,1,0,<SOS>,3,robots,0.23715409636497498
80,decoder_cross,1,0,<SOS>,4,<EOS>,0.18135224282741547
80,decoder_cross,1,1,선생님은,0,The,0.21165063977241516
80,decoder_cross,1,1,선생님은,1,teacher,0.21648551523685455
80,decoder_cross,1,1,선생님은,2,likes,0.1216847375035286
80,decoder_cross,1,1,선생님은,3,robots,0.24498431384563446
80,decoder_cross,1,1,선생님은,4,<EOS>,0.20519480109214783
80,decoder_cross,1,2,로봇을,0,The,0.19898691773414612
80,decoder_cross,1,2,로봇을,1,teacher,0.1806487739086151
80,decoder_cross,1,2,로봇을,2,likes,0.24190348386764526
80,decoder_cross,1,2,로봇을,3,robots,0.1993345022201538
80,decoder_cross,1,2,로봇을,4,<EOS>,0.1791263222694397
80,decoder_cross,1,3,좋아한다,0,The,0.21231642365455627
80,decoder_cross,1,3,좋아한다,1,teacher,0.21610060334205627
80,decoder_cross,1,3,좋아한다,2,likes,0.15100392699241638
80,decoder_cross,1,3,좋아한다,3,robots,0.21052461862564087
80,decoder_cross,1,3,좋아한다,4,<EOS>,0.21005432307720184
81,encoder_self,0,0,The,0,The,0.29504474997520447
81,encoder_self,0,0,The,1,teacher,0.01756979525089264
81,encoder_self,0,0,The,2,likes,0.007812540978193283
81,encoder_self,0,0,The,3,robots,0.07109913975000381
81,encoder_self,0,0,The,4,<EOS>,0.6084738373756409
81,encoder_self,0,1,teacher,0,The,0.04552247375249863
81,encoder_self,0,1,teacher,1,teacher,0.33079254627227783
81,encoder_self,0,1,teacher,2,likes,0.3985845148563385
81,encoder_self,0,1,teacher,3,robots,0.042559463530778885
81,encoder_self,0,1,teacher,4,<EOS>,0.18254099786281586
81,encoder_self,0,2,likes,0,The,0.13014470040798187
81,encoder_self,0,2,likes,1,teacher,0.38274168968200684
81,encoder_self,0,2,likes,2,likes,0.09843535721302032
81,encoder_self,0,2,likes,3,robots,0.2030191421508789
81,encoder_self,0,2,likes,4,<EOS>,0.1856590211391449
81,encoder_self,0,3,robots,0,The,0.00392573419958353
81,encoder_self,0,3,robots,1,teacher,0.0868862047791481
81,encoder_self,0,3,robots,2,likes,0.6836730241775513
81,encoder_self,0,3,robots,3,robots,0.21500612795352936
81,encoder_self,0,3,robots,4,<EOS>,0.010508980602025986
81,encoder_self,0,4,<EOS>,0,The,0.12840023636817932
81,encoder_self,0,4,<EOS>,1,teacher,0.1478750854730606
81,encoder_self,0,4,<EOS>,2,likes,0.062172479927539825
81,encoder_self,0,4,<EOS>,3,robots,0.12894342839717865
81,encoder_self,0,4,<EOS>,4,<EOS>,0.5326087474822998
81,encoder_self,1,0,The,0,The,0.016019782051444054
81,encoder_self,1,0,The,1,teacher,0.00012712163152173162
81,encoder_self,1,0,The,2,likes,9.443455201108009e-05
81,encoder_self,1,0,The,3,robots,0.9728376865386963
81,encoder_self,1,0,The,4,<EOS>,0.010920985601842403
81,encoder_self,1,1,teacher,0,The,0.17770496010780334
81,encoder_self,1,1,teacher,1,teacher,0.17381927371025085
81,encoder_self,1,1,teacher,2,likes,0.3108298182487488
81,encoder_self,1,1,teacher,3,robots,0.07937520742416382
81,encoder_self,1,1,teacher,4,<EOS>,0.25827082991600037
81,encoder_self,1,2,likes,0,The,0.08315649628639221
81,encoder_self,1,2,likes,1,teacher,0.30012330412864685
81,encoder_self,1,2,likes,2,likes,0.4889323115348816
81,encoder_self,1,2,likes,3,robots,0.03867918625473976
81,encoder_self,1,2,likes,4,<EOS>,0.08910859376192093
81,encoder_self,1,3,robots,0,The,0.06724230200052261
81,encoder_self,1,3,robots,1,teacher,0.28482359647750854
81,encoder_self,1,3,robots,2,likes,0.3306644856929779
81,encoder_self,1,3,robots,3,robots,0.001702081528492272
81,encoder_self,1,3,robots,4,<EOS>,0.3155675530433655
81,encoder_self,1,4,<EOS>,0,The,0.020529186353087425
81,encoder_self,1,4,<EOS>,1,teacher,0.00035602861316874623
81,encoder_self,1,4,<EOS>,2,likes,0.0004388658853713423
81,encoder_self,1,4,<EOS>,3,robots,0.9695585370063782
81,encoder_self,1,4,<EOS>,4,<EOS>,0.009117353707551956
81,decoder_masked,0,0,<SOS>,0,<SOS>,1.0
81,decoder_masked,0,0,<SOS>,1,선생님은,0.0
81,decoder_masked,0,0,<SOS>,2,로봇을,0.0
81,decoder_masked,0,0,<SOS>,3,좋아한다,0.0
81,decoder_masked,0,1,선생님은,0,<SOS>,0.8756877779960632
81,decoder_masked,0,1,선생님은,1,선생님은,0.12431226670742035
81,decoder_masked,0,1,선생님은,2,로봇을,0.0
81,decoder_masked,0,1,선생님은,3,좋아한다,0.0
81,decoder_masked,0,2,로봇을,0,<SOS>,0.2852034866809845
81,decoder_masked,0,2,로봇을,1,선생님은,0.5838132500648499
81,decoder_masked,0,2,로봇을,2,로봇을,0.13098329305648804
81,decoder_masked,0,2,로봇을,3,좋아한다,0.0
81,decoder_masked,0,3,좋아한다,0,<SOS>,0.9481527805328369
81,decoder_masked,0,3,좋아한다,1,선생님은,0.01668221317231655
81,decoder_masked,0,3,좋아한다,2,로봇을,0.019883092492818832
81,decoder_masked,0,3,좋아한다,3,좋아한다,0.015281926840543747
81,decoder_masked,1,0,<SOS>,0,<SOS>,1.0
81,decoder_masked,1,0,<SOS>,1,선생님은,0.0
81,decoder_masked,1,0,<SOS>,2,로봇을,0.0
81,decoder_masked,1,0,<SOS>,3,좋아한다,0.0
81,decoder_masked,1,1,선생님은,0,<SOS>,0.8292148113250732
81,decoder_masked,1,1,선생님은,1,선생님은,0.17078523337841034
81,decoder_masked,1,1,선생님은,2,로봇을,0.0
81,decoder_masked,1,1,선생님은,3,좋아한다,0.0
81,decoder_masked,1,2,로봇을,0,<SOS>,0.553739607334137
81,decoder_masked,1,2,로봇을,1,선생님은,0.3077820837497711
81,decoder_masked,1,2,로봇을,2,로봇을,0.1384783387184143
81,decoder_masked,1,2,로봇을,3,좋아한다,0.0
81,decoder_masked,1,3,좋아한다,0,<SOS>,0.24667593836784363
81,decoder_masked,1,3,좋아한다,1,선생님은,0.10697968304157257
81,decoder_masked,1,3,좋아한다,2,로봇을,0.4924065172672272
81,decoder_masked,1,3,좋아한다,3,좋아한다,0.15393784642219543
81,decoder_cross,0,0,<SOS>,0,The,0.17259550094604492
81,decoder_cross,0,0,<SOS>,1,teacher,0.09938899427652359
81,decoder_cross,0,0,<SOS>,2,likes,0.4497930407524109
81,decoder_cross,0,0,<SOS>,3,robots,0.182721346616745
81,decoder_cross,0,0,<SOS>,4,<EOS>,0.09550109505653381
81,decoder_cross,0,1,선생님은,0,The,0.23196114599704742
81,decoder_cross,0,1,선생님은,1,teacher,0.15032431483268738
81,decoder_cross,0,1,선생님은,2,likes,0.2615479528903961
81,decoder_cross,0,1,선생님은,3,robots,0.1891493946313858
81,decoder_cross,0,1,선생님은,4,<EOS>,0.16701725125312805
81,decoder_cross,0,2,로봇을,0,The,0.15099561214447021
81,decoder_cross,0,2,로봇을,1,teacher,0.16928599774837494
81,decoder_cross,0,2,로봇을,2,likes,0.30467477440834045
81,decoder_cross,0,2,로봇을,3,robots,0.2772810757160187
81,decoder_cross,0,2,로봇을,4,<EOS>,0.09776248782873154
81,decoder_cross,0,3,좋아한다,0,The,0.2156708985567093
81,decoder_cross,0,3,좋아한다,1,teacher,0.1454744189977646
81,decoder_cross,0,3,좋아한다,2,likes,0.2888129949569702
81,decoder_cross,0,3,좋아한다,3,robots,0.19915710389614105
81,decoder_cross,0,3,좋아한다,4,<EOS>,0.15088461339473724
81,decoder_cross,1,0,<SOS>,0,The,0.17598463594913483
81,decoder_cross,1,0,<SOS>,1,teacher,0.193008154630661
81,decoder_cross,1,0,<SOS>,2,likes,0.21284915506839752
81,decoder_cross,1,0,<SOS>,3,robots,0.23701845109462738
81,decoder_cross,1,0,<SOS>,4,<EOS>,0.18113964796066284
81,decoder_cross,1,1,선생님은,0,The,0.212437242269516
81,decoder_cross,1,1,선생님은,1,teacher,0.21636222302913666
81,decoder_cross,1,1,선생님은,2,likes,0.12116580456495285
81,decoder_cross,1,1,선생님은,3,robots,0.24471597373485565
81,decoder_cross,1,1,선생님은,4,<EOS>,0.20531871914863586
81,decoder_cross,1,2,로봇을,0,The,0.19912540912628174
81,decoder_cross,1,2,로봇을,1,teacher,0.18045100569725037
81,decoder_cross,1,2,로봇을,2,likes,0.24232840538024902
81,decoder_cross,1,2,로봇을,3,robots,0.1990540474653244
81,decoder_cross,1,2,로봇을,4,<EOS>,0.17904110252857208
81,decoder_cross,1,3,좋아한다,0,The,0.21318796277046204
81,decoder_cross,1,3,좋아한다,1,teacher,0.2158130407333374
81,decoder_cross,1,3,좋아한다,2,likes,0.1508837789297104
81,decoder_cross,1,3,좋아한다,3,robots,0.20998556911945343
81,decoder_cross,1,3,좋아한다,4,<EOS>,0.21012969315052032
82,encoder_self,0,0,The,0,The,0.29548078775405884
82,encoder_self,0,0,The,1,teacher,0.01750224456191063
82,encoder_self,0,0,The,2,likes,0.007877510972321033
82,encoder_self,0,0,The,3,robots,0.07128795236349106
82,encoder_self,0,0,The,4,<EOS>,0.607851505279541
82,encoder_self,0,1,teacher,0,The,0.04535185918211937
82,encoder_self,0,1,teacher,1,teacher,0.328480988740921
82,encoder_self,0,1,teacher,2,likes,0.4021323621273041
82,encoder_self,0,1,teacher,3,robots,0.04260260611772537
82,encoder_self,0,1,teacher,4,<EOS>,0.18143226206302643
82,encoder_self,0,2,likes,0,The,0.12995658814907074
82,encoder_self,0,2,likes,1,teacher,0.3828691244125366
82,encoder_self,0,2,likes,2,likes,0.09857181459665298
82,encoder_self,0,2,likes,3,robots,0.20318274199962616
82,encoder_self,0,2,likes,4,<EOS>,0.18541984260082245
82,encoder_self,0,3,robots,0,The,0.003928883466869593
82,encoder_self,0,3,robots,1,teacher,0.08686133474111557
82,encoder_self,0,3,robots,2,likes,0.6836872696876526
82,encoder_self,0,3,robots,3,robots,0.2150057554244995
82,encoder_self,0,3,robots,4,<EOS>,0.010516734793782234
82,encoder_self,0,4,<EOS>,0,The,0.12859539687633514
82,encoder_self,0,4,<EOS>,1,teacher,0.1472504884004593
82,encoder_self,0,4,<EOS>,2,likes,0.06285800039768219
82,encoder_self,0,4,<EOS>,3,robots,0.1294841319322586
82,encoder_self,0,4,<EOS>,4,<EOS>,0.5318119525909424
82,encoder_self,1,0,The,0,The,0.01586683839559555
82,encoder_self,1,0,The,1,teacher,0.0001285341422772035
82,encoder_self,1,0,The,2,likes,9.674287866801023e-05
82,encoder_self,1,0,The,3,robots,0.9730287194252014
82,encoder_self,1,0,The,4,<EOS>,0.010879181325435638
82,encoder_self,1,1,teacher,0,The,0.17768250405788422
82,encoder_self,1,1,teacher,1,teacher,0.1738634705543518
82,encoder_self,1,1,teacher,2,likes,0.31082022190093994
82,encoder_self,1,1,teacher,3,robots,0.07928053289651871
82,encoder_self,1,1,teacher,4,<EOS>,0.25835317373275757
82,encoder_self,1,2,likes,0,The,0.08377496898174286
82,encoder_self,1,2,likes,1,teacher,0.30038321018218994
82,encoder_self,1,2,likes,2,likes,0.48737049102783203
82,encoder_self,1,2,likes,3,robots,0.038878414779901505
82,encoder_self,1,2,likes,4,<EOS>,0.08959300816059113
82,encoder_self,1,3,robots,0,The,0.06719205528497696
82,encoder_self,1,3,robots,1,teacher,0.2848336100578308
82,encoder_self,1,3,robots,2,likes,0.33075568079948425
82,encoder_self,1,3,robots,3,robots,0.0016988400602713227
82,encoder_self,1,3,robots,4,<EOS>,0.3155198097229004
82,encoder_self,1,4,<EOS>,0,The,0.020414283499121666
82,encoder_self,1,4,<EOS>,1,teacher,0.000358822348061949
82,encoder_self,1,4,<EOS>,2,likes,0.00044597621308639646
82,encoder_self,1,4,<EOS>,3,robots,0.9696782231330872
82,encoder_self,1,4,<EOS>,4,<EOS>,0.009102665819227695
82,decoder_masked,0,0,<SOS>,0,<SOS>,1.0
82,decoder_masked,0,0,<SOS>,1,선생님은,0.0
82,decoder_masked,0,0,<SOS>,2,로봇을,0.0
82,decoder_masked,0,0,<SOS>,3,좋아한다,0.0
82,decoder_masked,0,1,선생님은,0,<SOS>,0.8758963346481323
82,decoder_masked,0,1,선생님은,1,선생님은,0.12410370260477066
82,decoder_masked,0,1,선생님은,2,로봇을,0.0
82,decoder_masked,0,1,선생님은,3,좋아한다,0.0
82,decoder_masked,0,2,로봇을,0,<SOS>,0.2892022728919983
82,decoder_masked,0,2,로봇을,1,선생님은,0.5803846716880798
82,decoder_masked,0,2,로봇을,2,로봇을,0.1304130107164383
82,decoder_masked,0,2,로봇을,3,좋아한다,0.0
82,decoder_masked,0,3,좋아한다,0,<SOS>,0.9485356211662292
82,decoder_masked,0,3,좋아한다,1,선생님은,0.016356028616428375
82,decoder_masked,0,3,좋아한다,2,로봇을,0.020069720223546028
82,decoder_masked,0,3,좋아한다,3,좋아한다,0.015038615092635155
82,decoder_masked,1,0,<SOS>,0,<SOS>,1.0
82,decoder_masked,1,0,<SOS>,1,선생님은,0.0
82,decoder_masked,1,0,<SOS>,2,로봇을,0.0
82,decoder_masked,1,0,<SOS>,3,좋아한다,0.0
82,decoder_masked,1,1,선생님은,0,<SOS>,0.825762152671814
82,decoder_masked,1,1,선생님은,1,선생님은,0.17423787713050842
82,decoder_masked,1,1,선생님은,2,로봇을,0.0
82,decoder_masked,1,1,선생님은,3,좋아한다,0.0
82,decoder_masked,1,2,로봇을,0,<SOS>,0.5572036504745483
82,decoder_masked,1,2,로봇을,1,선생님은,0.30507978796958923
82,decoder_masked,1,2,로봇을,2,로봇을,0.13771651685237885
82,decoder_masked,1,2,로봇을,3,좋아한다,0.0
82,decoder_masked,1,3,좋아한다,0,<SOS>,0.23844051361083984
82,decoder_masked,1,3,좋아한다,1,선생님은,0.10962364822626114
82,decoder_masked,1,3,좋아한다,2,로봇을,0.4913804233074188
82,decoder_masked,1,3,좋아한다,3,좋아한다,0.1605553925037384
82,decoder_cross,0,0,<SOS>,0,The,0.17200616002082825
82,decoder_cross,0,0,<SOS>,1,teacher,0.09960652142763138
82,decoder_cross,0,0,<SOS>,2,likes,0.4498879909515381
82,decoder_cross,0,0,<SOS>,3,robots,0.18339210748672485
82,decoder_cross,0,0,<SOS>,4,<EOS>,0.09510715305805206
82,decoder_cross,0,1,선생님은,0,The,0.23139147460460663
82,decoder_cross,0,1,선생님은,1,teacher,0.152133971452713
82,decoder_cross,0,1,선생님은,2,likes,0.2584957480430603
82,decoder_cross,0,1,선생님은,3,robots,0.19035357236862183
82,decoder_cross,0,1,선생님은,4,<EOS>,0.1676252782344818
82,decoder_cross,0,2,로봇을,0,The,0.15069152414798737
82,decoder_cross,0,2,로봇을,1,teacher,0.17007477581501007
82,decoder_cross,0,2,로봇을,2,likes,0.30330660939216614
82,decoder_cross,0,2,로봇을,3,robots,0.27812692523002625
82,decoder_cross,0,2,로봇을,4,<EOS>,0.09780018031597137
82,decoder_cross,0,3,좋아한다,0,The,0.2157939374446869
82,decoder_cross,0,3,좋아한다,1,teacher,0.14711818099021912
82,decoder_cross,0,3,좋아한다,2,likes,0.285176545381546
82,decoder_cross,0,3,좋아한다,3,robots,0.20005853474140167
82,decoder_cross,0,3,좋아한다,4,<EOS>,0.1518528014421463
82,decoder_cross,1,0,<SOS>,0,The,0.1761770397424698
82,decoder_cross,1,0,<SOS>,1,teacher,0.19293421506881714
82,decoder_cross,1,0,<SOS>,2,likes,0.21279029548168182
82,decoder_cross,1,0,<SOS>,3,robots,0.2369801253080368
82,decoder_cross,1,0,<SOS>,4,<EOS>,0.18111836910247803
82,decoder_cross,1,1,선생님은,0,The,0.2132280319929123
82,decoder_cross,1,1,선생님은,1,teacher,0.21643157303333282
82,decoder_cross,1,1,선생님은,2,likes,0.12058616429567337
82,decoder_cross,1,1,선생님은,3,robots,0.24407139420509338
82,decoder_cross,1,1,선생님은,4,<EOS>,0.20568276941776276
82,decoder_cross,1,2,로봇을,0,The,0.1994076371192932
82,decoder_cross,1,2,로봇을,1,teacher,0.1804756373167038
82,decoder_cross,1,2,로봇을,2,likes,0.24204902350902557
82,decoder_cross,1,2,로봇을,3,robots,0.19894948601722717
82,decoder_cross,1,2,로봇을,4,<EOS>,0.17911824584007263
82,decoder_cross,1,3,좋아한다,0,The,0.21403974294662476
82,decoder_cross,1,3,좋아한다,1,teacher,0.2158598154783249
82,decoder_cross,1,3,좋아한다,2,likes,0.1501203030347824
82,decoder_cross,1,3,좋아한다,3,robots,0.20951667428016663
82,decoder_cross,1,3,좋아한다,4,<EOS>,0.21046341955661774
83,encoder_self,0,0,The,0,The,0.2956002950668335
83,encoder_self,0,0,The,1,teacher,0.01745578460395336
83,encoder_self,0,0,The,2,likes,0.007887721993029118
83,encoder_self,0,0,The,3,robots,0.07191015779972076
83,encoder_self,0,0,The,4,<EOS>,0.6071460247039795
83,encoder_self,0,1,teacher,0,The,0.04538760334253311
83,encoder_self,0,1,teacher,1,teacher,0.32799312472343445
83,encoder_self,0,1,teacher,2,likes,0.40274128317832947
83,encoder_self,0,1,teacher,3,robots,0.042608994990587234
83,encoder_self,0,1,teacher,4,<EOS>,0.18126896023750305
83,encoder_self,0,2,likes,0,The,0.13010086119174957
83,encoder_self,0,2,likes,1,teacher,0.3830561637878418
83,encoder_self,0,2,likes,2,likes,0.098628930747509
83,encoder_self,0,2,likes,3,robots,0.2025972306728363
83,encoder_self,0,2,likes,4,<EOS>,0.18561682105064392
83,encoder_self,0,3,robots,0,The,0.00390233495272696
83,encoder_self,0,3,robots,1,teacher,0.08652365952730179
83,encoder_self,0,3,robots,2,likes,0.682475209236145
83,encoder_self,0,3,robots,3,robots,0.21665723621845245
83,encoder_self,0,3,robots,4,<EOS>,0.010441546328365803
83,encoder_self,0,4,<EOS>,0,The,0.12867774069309235
83,encoder_self,0,4,<EOS>,1,teacher,0.14691327512264252
83,encoder_self,0,4,<EOS>,2,likes,0.06299392133951187
83,encoder_self,0,4,<EOS>,3,robots,0.13027969002723694
83,encoder_self,0,4,<EOS>,4,<EOS>,0.5311353802680969
83,encoder_self,1,0,The,0,The,0.01570960134267807
83,encoder_self,1,0,The,1,teacher,0.00012735460768453777
83,encoder_self,1,0,The,2,likes,9.59300814429298e-05
83,encoder_self,1,0,The,3,robots,0.9732905030250549
83,encoder_self,1,0,The,4,<EOS>,0.01077650859951973
83,encoder_self,1,1,teacher,0,The,0.1778886616230011
83,encoder_self,1,1,teacher,1,teacher,0.17375753819942474
83,encoder_self,1,1,teacher,2,likes,0.31049907207489014
83,encoder_self,1,1,teacher,3,robots,0.07951567322015762
83,encoder_self,1,1,teacher,4,<EOS>,0.2583391070365906
83,encoder_self,1,2,likes,0,The,0.08377289772033691
83,encoder_self,1,2,likes,1,teacher,0.30043908953666687
83,encoder_self,1,2,likes,2,likes,0.4874233901500702
83,encoder_self,1,2,likes,3,robots,0.03876439481973648
83,encoder_self,1,2,likes,4,<EOS>,0.08960022032260895
83,encoder_self,1,3,robots,0,The,0.06716576963663101
83,encoder_self,1,3,robots,1,teacher,0.285023033618927
83,encoder_self,1,3,robots,2,likes,0.3306533694267273
83,encoder_self,1,3,robots,3,robots,0.0016914610750973225
83,encoder_self,1,3,robots,4,<EOS>,0.3154663145542145
83,encoder_self,1,4,<EOS>,0,The,0.020250750705599785
83,encoder_self,1,4,<EOS>,1,teacher,0.0003557038144208491
83,encoder_self,1,4,<EOS>,2,likes,0.0004422250494826585
83,encoder_self,1,4,<EOS>,3,robots,0.969926118850708
83,encoder_self,1,4,<EOS>,4,<EOS>,0.009025109000504017
83,decoder_masked,0,0,<SOS>,0,<SOS>,1.0
83,decoder_masked,0,0,<SOS>,1,선생님은,0.0
83,decoder_masked,0,0,<SOS>,2,로봇을,0.0
83,decoder_masked,0,0,<SOS>,3,좋아한다,0.0
83,decoder_masked,0,1,선생님은,0,<SOS>,0.8765202164649963
83,decoder_masked,0,1,선생님은,1,선생님은,0.12347980588674545
83,decoder_masked,0,1,선생님은,2,로봇을,0.0
83,decoder_masked,0,1,선생님은,3,좋아한다,0.0
83,decoder_masked,0,2,로봇을,0,<SOS>,0.2544216215610504
83,decoder_masked,0,2,로봇을,1,선생님은,0.6100250482559204
83,decoder_masked,0,2,로봇을,2,로봇을,0.13555331528186798
83,decoder_masked,0,2,로봇을,3,좋아한다,0.0
83,decoder_masked,0,3,좋아한다,0,<SOS>,0.9453203082084656
83,decoder_masked,0,3,좋아한다,1,선생님은,0.01733299531042576
83,decoder_masked,0,3,좋아한다,2,로봇을,0.02139400504529476
83,decoder_masked,0,3,좋아한다,3,좋아한다,0.015952592715620995
83,decoder_masked,1,0,<SOS>,0,<SOS>,1.0
83,decoder_masked,1,0,<SOS>,1,선생님은,0.0
83,decoder_masked,1,0,<SOS>,2,로봇을,0.0
83,decoder_masked,1,0,<SOS>,3,좋아한다,0.0
83,decoder_masked,1,1,선생님은,0,<SOS>,0.8240604400634766
83,decoder_masked,1,1,선생님은,1,선생님은,0.17593954503536224
83,decoder_masked,1,1,선생님은,2,로봇을,0.0
83,decoder_masked,1,1,선생님은,3,좋아한다,0.0
83,decoder_masked,1,2,로봇을,0,<SOS>,0.590294599533081
83,decoder_masked,1,2,로봇을,1,선생님은,0.28169476985931396
83,decoder_masked,1,2,로봇을,2,로봇을,0.1280105859041214
83,decoder_masked,1,2,로봇을,3,좋아한다,0.0
83,decoder_masked,1,3,좋아한다,0,<SOS>,0.22979135811328888
83,decoder_masked,1,3,좋아한다,1,선생님은,0.1125088781118393
83,decoder_masked,1,3,좋아한다,2,로봇을,0.48576584458351135
83,decoder_masked,1,3,좋아한다,3,좋아한다,0.17193390429019928
83,decoder_cross,0,0,<SOS>,0,The,0.17025485634803772
83,decoder_cross,0,0,<SOS>,1,teacher,0.09997418522834778
83,decoder_cross,0,0,<SOS>,2,likes,0.4503996968269348
83,decoder_cross,0,0,<SOS>,3,robots,0.1847911775112152
83,decoder_cross,0,0,<SOS>,4,<EOS>,0.09458006173372269
83,decoder_cross,0,1,선생님은,0,The,0.22934314608573914
83,decoder_cross,0,1,선생님은,1,teacher,0.15338268876075745
83,decoder_cross,0,1,선생님은,2,likes,0.2580450773239136
83,decoder_cross,0,1,선생님은,3,robots,0.19189238548278809
83,decoder_cross,0,1,선생님은,4,<EOS>,0.16733670234680176
83,decoder_cross,0,2,로봇을,0,The,0.1489202231168747
83,decoder_cross,0,2,로봇을,1,teacher,0.1696360558271408
83,decoder_cross,0,2,로봇을,2,likes,0.30554547905921936
83,decoder_cross,0,2,로봇을,3,robots,0.27902114391326904
83,decoder_cross,0,2,로봇을,4,<EOS>,0.0968770831823349
83,decoder_cross,0,3,좋아한다,0,The,0.21422089636325836
83,decoder_cross,0,3,좋아한다,1,teacher,0.14870823919773102
83,decoder_cross,0,3,좋아한다,2,likes,0.28341370820999146
83,decoder_cross,0,3,좋아한다,3,robots,0.2018612027168274
83,decoder_cross,0,3,좋아한다,4,<EOS>,0.15179599821567535
83,decoder_cross,1,0,<SOS>,0,The,0.17581188678741455
83,decoder_cross,1,0,<SOS>,1,teacher,0.19284896552562714
83,decoder_cross,1,0,<SOS>,2,likes,0.21371552348136902
83,decoder_cross,1,0,<SOS>,3,robots,0.23663492500782013
83,decoder_cross,1,0,<SOS>,4,<EOS>,0.18098869919776917
83,decoder_cross,1,1,선생님은,0,The,0.21306203305721283
83,decoder_cross,1,1,선생님은,1,teacher,0.2166009247303009
83,decoder_cross,1,1,선생님은,2,likes,0.12094873189926147
83,decoder_cross,1,1,선생님은,3,robots,0.2435210645198822
83,decoder_cross,1,1,선생님은,4,<EOS>,0.20586726069450378
83,decoder_cross,1,2,로봇을,0,The,0.19897648692131042
83,decoder_cross,1,2,로봇을,1,teacher,0.18030613660812378
83,decoder_cross,1,2,로봇을,2,likes,0.24382846057415009
83,decoder_cross,1,2,로봇을,3,robots,0.19779415428638458
83,decoder_cross,1,2,로봇을,4,<EOS>,0.1790948063135147
83,decoder_cross,1,3,좋아한다,0,The,0.21436664462089539
83,decoder_cross,1,3,좋아한다,1,teacher,0.2160521000623703
83,decoder_cross,1,3,좋아한다,2,likes,0.1497991979122162
83,decoder_cross,1,3,좋아한다,3,robots,0.2090088129043579
83,decoder_cross,1,3,좋아한다,4,<EOS>,0.21077322959899902
84,encoder_self,0,0,The,0,The,0.2954707145690918
84,encoder_self,0,0,The,1,teacher,0.017379462718963623
84,encoder_self,0,0,The,2,likes,0.00782930850982666
84,encoder_self,0,0,The,3,robots,0.07206601649522781
84,encoder_self,0,0,The,4,<EOS>,0.6072544455528259
84,encoder_self,0,1,teacher,0,The,0.04541787877678871
84,encoder_self,0,1,teacher,1,teacher,0.3252871334552765
84,encoder_self,0,1,teacher,2,likes,0.406566858291626
84,encoder_self,0,1,teacher,3,robots,0.042578671127557755
84,encoder_self,0,1,teacher,4,<EOS>,0.18014948070049286
84,encoder_self,0,2,likes,0,The,0.13027162849903107
84,encoder_self,0,2,likes,1,teacher,0.38253599405288696
84,encoder_self,0,2,likes,2,likes,0.09856531023979187
84,encoder_self,0,2,likes,3,robots,0.20291511714458466
84,encoder_self,0,2,likes,4,<EOS>,0.18571195006370544
84,encoder_self,0,3,robots,0,The,0.003898856695741415
84,encoder_self,0,3,robots,1,teacher,0.08678759634494781
84,encoder_self,0,3,robots,2,likes,0.6820263266563416
84,encoder_self,0,3,robots,3,robots,0.21683385968208313
84,encoder_self,0,3,robots,4,<EOS>,0.010453383438289165
84,encoder_self,0,4,<EOS>,0,The,0.12908151745796204
84,encoder_self,0,4,<EOS>,1,teacher,0.14628808200359344
84,encoder_self,0,4,<EOS>,2,likes,0.06333375722169876
84,encoder_self,0,4,<EOS>,3,robots,0.13072596490383148
84,encoder_self,0,4,<EOS>,4,<EOS>,0.5305706858634949
84,encoder_self,1,0,The,0,The,0.015875257551670074
84,encoder_self,1,0,The,1,teacher,0.00012685617548413575
84,encoder_self,1,0,The,2,likes,9.532718104310334e-05
84,encoder_self,1,0,The,3,robots,0.9730790257453918
84,encoder_self,1,0,The,4,<EOS>,0.010823464952409267
84,encoder_self,1,1,teacher,0,The,0.177754208445549
84,encoder_self,1,1,teacher,1,teacher,0.17380563914775848
84,encoder_self,1,1,teacher,2,likes,0.3106445074081421
84,encoder_self,1,1,teacher,3,robots,0.07944390922784805
84,encoder_self,1,1,teacher,4,<EOS>,0.25835174322128296
84,encoder_self,1,2,likes,0,The,0.08354971557855606
84,encoder_self,1,2,likes,1,teacher,0.3004826009273529
84,encoder_self,1,2,likes,2,likes,0.4876978099346161
84,encoder_self,1,2,likes,3,robots,0.038797520101070404
84,encoder_self,1,2,likes,4,<EOS>,0.08947230875492096
84,encoder_self,1,3,robots,0,The,0.06703359633684158
84,encoder_self,1,3,robots,1,teacher,0.2850917875766754
84,encoder_self,1,3,robots,2,likes,0.3308320641517639
84,encoder_self,1,3,robots,3,robots,0.0016890577971935272
84,encoder_self,1,3,robots,4,<EOS>,0.31535354256629944
84,encoder_self,1,4,<EOS>,0,The,0.020379791036248207
84,encoder_self,1,4,<EOS>,1,teacher,0.0003545029612723738
84,encoder_self,1,4,<EOS>,2,likes,0.0004400938923936337
84,encoder_self,1,4,<EOS>,3,robots,0.9697813987731934
84,encoder_self,1,4,<EOS>,4,<EOS>,0.009044253267347813
84,decoder_masked,0,0,<SOS>,0,<SOS>,1.0
84,decoder_masked,0,0,<SOS>,1,선생님은,0.0
84,decoder_masked,0,0,<SOS>,2,로봇을,0.0
84,decoder_masked,0,0,<SOS>,3,좋아한다,0.0
84,decoder_masked,0,1,선생님은,0,<SOS>,0.8760998845100403
84,decoder_masked,0,1,선생님은,1,선생님은,0.12390018254518509
84,decoder_masked,0,1,선생님은,2,로봇을,0.0
84,decoder_masked,0,1,선생님은,3,좋아한다,0.0
84,decoder_masked,0,2,로봇을,0,<SOS>,0.24926728010177612
84,decoder_masked,0,2,로봇을,1,선생님은,0.6143031716346741
84,decoder_masked,0,2,로봇을,2,로봇을,0.1364295929670334
84,decoder_masked,0,2,로봇을,3,좋아한다,0.0
84,decoder_masked,0,3,좋아한다,0,<SOS>,0.9435694813728333
84,decoder_masked,0,3,좋아한다,1,선생님은,0.01802227646112442
84,decoder_masked,0,3,좋아한다,2,로봇을,0.022023513913154602
84,decoder_masked,0,3,좋아한다,3,좋아한다,0.01638478972017765
84,decoder_masked,1,0,<SOS>,0,<SOS>,1.0
84,decoder_masked,1,0,<SOS>,1,선생님은,0.0
84,decoder_masked,1,0,<SOS>,2,로봇을,0.0
84,decoder_masked,1,0,<SOS>,3,좋아한다,0.0
84,decoder_masked,1,1,선생님은,0,<SOS>,0.8142366409301758
84,decoder_masked,1,1,선생님은,1,선생님은,0.18576332926750183
84,decoder_masked,1,1,선생님은,2,로봇을,0.0
84,decoder_masked,1,1,선생님은,3,좋아한다,0.0
84,decoder_masked,1,2,로봇을,0,<SOS>,0.5933241844177246
84,decoder_masked,1,2,로봇을,1,선생님은,0.27881962060928345
84,decoder_masked,1,2,로봇을,2,로봇을,0.12785610556602478
84,decoder_masked,1,2,로봇을,3,좋아한다,0.0
84,decoder_masked,1,3,좋아한다,0,<SOS>,0.20733822882175446
84,decoder_masked,1,3,좋아한다,1,선생님은,0.11831063777208328
84,decoder_masked,1,3,좋아한다,2,로봇을,0.4912603795528412
84,decoder_masked,1,3,좋아한다,3,좋아한다,0.18309073150157928
84,decoder_cross,0,0,<SOS>,0,The,0.170421302318573
84,decoder_cross,0,0,<SOS>,1,teacher,0.10015670210123062
84,decoder_cross,0,0,<SOS>,2,likes,0.44969409704208374
84,decoder_cross,0,0,<SOS>,3,robots,0.18499162793159485
84,decoder_cross,0,0,<SOS>,4,<EOS>,0.09473630040884018
84,decoder_cross,0,1,선생님은,0,The,0.23030367493629456
84,decoder_cross,0,1,선생님은,1,teacher,0.1553891897201538
84,decoder_cross,0,1,선생님은,2,likes,0.2526322901248932
84,decoder_cross,0,1,선생님은,3,robots,0.19202397763729095
84,decoder_cross,0,1,선생님은,4,<EOS>,0.16965089738368988
84,decoder_cross,0,2,로봇을,0,The,0.14920689165592194
84,decoder_cross,0,2,로봇을,1,teacher,0.17076343297958374
84,decoder_cross,0,2,로봇을,2,likes,0.3029859662055969
84,decoder_cross,0,2,로봇을,3,robots,0.2796076834201813
84,decoder_cross,0,2,로봇을,4,<EOS>,0.0974360927939415
84,decoder_cross,0,3,좋아한다,0,The,0.21575312316417694
84,decoder_cross,0,3,좋아한다,1,teacher,0.15061314404010773
84,decoder_cross,0,3,좋아한다,2,likes,0.2775457203388214
84,decoder_cross,0,3,좋아한다,3,robots,0.20197072625160217
84,decoder_cross,0,3,좋아한다,4,<EOS>,0.15411721169948578
84,decoder_cross,1,0,<SOS>,0,The,0.17612342536449432
84,decoder_cross,1,0,<SOS>,1,teacher,0.1929871141910553
84,decoder_cross,1,0,<SOS>,2,likes,0.21276554465293884
84,decoder_cross,1,0,<SOS>,3,robots,0.23699833452701569
84,decoder_cross,1,0,<SOS>,4,<EOS>,0.18112556636333466
84,decoder_cross,1,1,선생님은,0,The,0.21390578150749207
84,decoder_cross,1,1,선생님은,1,teacher,0.21672919392585754
84,decoder_cross,1,1,선생님은,2,likes,0.1199350580573082
84,decoder_cross,1,1,선생님은,3,robots,0.24322952330112457
84,decoder_cross,1,1,선생님은,4,<EOS>,0.20620043575763702
84,decoder_cross,1,2,로봇을,0,The,0.19957970082759857
84,decoder_cross,1,2,로봇을,1,teacher,0.18045660853385925
84,decoder_cross,1,2,로봇을,2,likes,0.24277538061141968
84,decoder_cross,1,2,로봇을,3,robots,0.1978561133146286
84,decoder_cross,1,2,로봇을,4,<EOS>,0.17933222651481628
84,decoder_cross,1,3,좋아한다,0,The,0.2153327912092209
84,decoder_cross,1,3,좋아한다,1,teacher,0.21619388461112976
84,decoder_cross,1,3,좋아한다,2,likes,0.14850255846977234
84,decoder_cross,1,3,좋아한다,3,robots,0.20886701345443726
84,decoder_cross,1,3,좋아한다,4,<EOS>,0.21110369265079498
85,encoder_self,0,0,The,0,The,0.2963390648365021
85,encoder_self,0,0,The,1,teacher,0.01727481558918953
85,encoder_self,0,0,The,2,likes,0.007818097248673439
85,encoder_self,0,0,The,3,robots,0.07209143787622452
85,encoder_self,0,0,The,4,<EOS>,0.6064765453338623
85,encoder_self,0,1,teacher,0,The,0.04548713192343712
85,encoder_self,0,1,teacher,1,teacher,0.3231700360774994
85,encoder_self,0,1,teacher,2,likes,0.40935787558555603
85,encoder_self,0,1,teacher,3,robots,0.04259509965777397
85,encoder_self,0,1,teacher,4,<EOS>,0.17938987910747528
85,encoder_self,0,2,likes,0,The,0.13023024797439575
85,encoder_self,0,2,likes,1,teacher,0.38236841559410095
85,encoder_self,0,2,likes,2,likes,0.09889516234397888
85,encoder_self,0,2,likes,3,robots,0.20300117135047913
85,encoder_self,0,2,likes,4,<EOS>,0.18550504744052887
85,encoder_self,0,3,robots,0,The,0.0039076474495232105
85,encoder_self,0,3,robots,1,teacher,0.08699832856655121
85,encoder_self,0,3,robots,2,likes,0.6813654899597168
85,encoder_self,0,3,robots,3,robots,0.2172415405511856
85,encoder_self,0,3,robots,4,<EOS>,0.010486933402717113
85,encoder_self,0,4,<EOS>,0,The,0.1297324001789093
85,encoder_self,0,4,<EOS>,1,teacher,0.14550143480300903
85,encoder_self,0,4,<EOS>,2,likes,0.0635795071721077
85,encoder_self,0,4,<EOS>,3,robots,0.131064310669899
85,encoder_self,0,4,<EOS>,4,<EOS>,0.5301223993301392
85,encoder_self,1,0,The,0,The,0.015679599717259407
85,encoder_self,1,0,The,1,teacher,0.00012836907990276814
85,encoder_self,1,0,The,2,likes,9.78731331997551e-05
85,encoder_self,1,0,The,3,robots,0.9733411073684692
85,encoder_self,1,0,The,4,<EOS>,0.010753044858574867
85,encoder_self,1,1,teacher,0,The,0.17717158794403076
85,encoder_self,1,1,teacher,1,teacher,0.17394974827766418
85,encoder_self,1,1,teacher,2,likes,0.3117884695529938
85,encoder_self,1,1,teacher,3,robots,0.07911473512649536
85,encoder_self,1,1,teacher,4,<EOS>,0.2579754889011383
85,encoder_self,1,2,likes,0,The,0.08416405320167542
85,encoder_self,1,2,likes,1,teacher,0.3007246255874634
85,encoder_self,1,2,likes,2,likes,0.4861640930175781
85,encoder_self,1,2,likes,3,robots,0.038963571190834045
85,encoder_self,1,2,likes,4,<EOS>,0.08998369425535202
85,encoder_self,1,3,robots,0,The,0.06709780544042587
85,encoder_self,1,3,robots,1,teacher,0.2850390672683716
85,encoder_self,1,3,robots,2,likes,0.3305399417877197
85,encoder_self,1,3,robots,3,robots,0.0016888172831386328
85,encoder_self,1,3,robots,4,<EOS>,0.3156343400478363
85,encoder_self,1,4,<EOS>,0,The,0.02021757699549198
85,encoder_self,1,4,<EOS>,1,teacher,0.00035800281330011785
85,encoder_self,1,4,<EOS>,2,likes,0.00044927519047632813
85,encoder_self,1,4,<EOS>,3,robots,0.9699612259864807
85,encoder_self,1,4,<EOS>,4,<EOS>,0.00901397317647934
85,decoder_masked,0,0,<SOS>,0,<SOS>,1.0
85,decoder_masked,0,0,<SOS>,1,선생님은,0.0
85,decoder_masked,0,0,<SOS>,2,로봇을,0.0
85,decoder_masked,0,0,<SOS>,3,좋아한다,0.0
85,decoder_masked,0,1,선생님은,0,<SOS>,0.8737636208534241
85,decoder_masked,0,1,선생님은,1,선생님은,0.12623633444309235
85,decoder_masked,0,1,선생님은,2,로봇을,0.0
85,decoder_masked,0,1,선생님은,3,좋아한다,0.0
85,decoder_masked,0,2,로봇을,0,<SOS>,0.24581748247146606
85,decoder_masked,0,2,로봇을,1,선생님은,0.6167036294937134
85,decoder_masked,0,2,로봇을,2,로봇을,0.13747888803482056
85,decoder_masked,0,2,로봇을,3,좋아한다,0.0
85,decoder_masked,0,3,좋아한다,0,<SOS>,0.9407745003700256
85,decoder_masked,0,3,좋아한다,1,선생님은,0.01901337131857872
85,decoder_masked,0,3,좋아한다,2,로봇을,0.023024721071124077
85,decoder_masked,0,3,좋아한다,3,좋아한다,0.017187271267175674
85,decoder_masked,1,0,<SOS>,0,<SOS>,1.0
85,decoder_masked,1,0,<SOS>,1,선생님은,0.0
85,decoder_masked,1,0,<SOS>,2,로봇을,0.0
85,decoder_masked,1,0,<SOS>,3,좋아한다,0.0
85,decoder_masked,1,1,선생님은,0,<SOS>,0.809633731842041
85,decoder_masked,1,1,선생님은,1,선생님은,0.1903662085533142
85,decoder_masked,1,1,선생님은,2,로봇을,0.0
85,decoder_masked,1,1,선생님은,3,좋아한다,0.0
85,decoder_masked,1,2,로봇을,0,<SOS>,0.6027935743331909
85,decoder_masked,1,2,로봇을,1,선생님은,0.27184683084487915
85,decoder_masked,1,2,로봇을,2,로봇을,0.12535959482192993
85,decoder_masked,1,2,로봇을,3,좋아한다,0.0
85,decoder_masked,1,3,좋아한다,0,<SOS>,0.19977574050426483
85,decoder_masked,1,3,좋아한다,1,선생님은,0.11997975409030914
85,decoder_masked,1,3,좋아한다,2,로봇을,0.48839589953422546
85,decoder_masked,1,3,좋아한다,3,좋아한다,0.19184863567352295
85,decoder_cross,0,0,<SOS>,0,The,0.17016564309597015
85,decoder_cross,0,0,<SOS>,1,teacher,0.10026130825281143
85,decoder_cross,0,0,<SOS>,2,likes,0.449774831533432
85,decoder_cross,0,0,<SOS>,3,robots,0.1852787286043167
85,decoder_cross,0,0,<SOS>,4,<EOS>,0.09451939910650253
85,decoder_cross,0,1,선생님은,0,The,0.2301124483346939
85,decoder_cross,0,1,선생님은,1,teacher,0.1568460613489151
85,decoder_cross,0,1,선생님은,2,likes,0.24992816150188446
85,decoder_cross,0,1,선생님은,3,robots,0.19264359772205353
85,decoder_cross,0,1,선생님은,4,<EOS>,0.170469731092453
85,decoder_cross,0,2,로봇을,0,The,0.14872072637081146
85,decoder_cross,0,2,로봇을,1,teacher,0.17118412256240845
85,decoder_cross,0,2,로봇을,2,likes,0.3025413751602173
85,decoder_cross,0,2,로봇을,3,robots,0.28034213185310364
85,decoder_cross,0,2,로봇을,4,<EOS>,0.09721165895462036
85,decoder_cross,0,3,좋아한다,0,The,0.21616998314857483
85,decoder_cross,0,3,좋아한다,1,teacher,0.15196670591831207
85,decoder_cross,0,3,좋아한다,2,likes,0.2742663025856018
85,decoder_cross,0,3,좋아한다,3,robots,0.2024524211883545
85,decoder_cross,0,3,좋아한다,4,<EOS>,0.15514452755451202
85,decoder_cross,1,0,<SOS>,0,The,0.17647583782672882
85,decoder_cross,1,0,<SOS>,1,teacher,0.1931268721818924
85,decoder_cross,1,0,<SOS>,2,likes,0.2118934839963913
85,decoder_cross,1,0,<SOS>,3,robots,0.2372043877840042
85,decoder_cross,1,0,<SOS>,4,<EOS>,0.18129941821098328
85,decoder_cross,1,1,선생님은,0,The,0.2146095484495163
85,decoder_cross,1,1,선생님은,1,teacher,0.21682511270046234
85,decoder_cross,1,1,선생님은,2,likes,0.11930190026760101
85,decoder_cross,1,1,선생님은,3,robots,0.24266411364078522
85,decoder_cross,1,1,선생님은,4,<EOS>,0.20659933984279633
85,decoder_cross,1,2,로봇을,0,The,0.1999778300523758
85,decoder_cross,1,2,로봇을,1,teacher,0.1806182861328125
85,decoder_cross,1,2,로봇을,2,likes,0.2419416308403015
85,decoder_cross,1,2,로봇을,3,robots,0.1979341208934784
85,decoder_cross,1,2,로봇을,4,<EOS>,0.17952820658683777
85,decoder_cross,1,3,좋아한다,0,The,0.21617735922336578
85,decoder_cross,1,3,좋아한다,1,teacher,0.21633797883987427
85,decoder_cross,1,3,좋아한다,2,likes,0.14736899733543396
85,decoder_cross,1,3,좋아한다,3,robots,0.2086305469274521
85,decoder_cross,1,3,좋아한다,4,<EOS>,0.2114850878715515
86,encoder_self,0,0,The,0,The,0.29619964957237244
86,encoder_self,0,0,The,1,teacher,0.01728491485118866
86,encoder_self,0,0,The,2,likes,0.007786300964653492
86,encoder_self,0,0,The,3,robots,0.07221335917711258
86,encoder_self,0,0,The,4,<EOS>,0.6065157651901245
86,encoder_self,0,1,teacher,0,The,0.04538751766085625
86,encoder_self,0,1,teacher,1,teacher,0.32359689474105835
86,encoder_self,0,1,teacher,2,likes,0.40923476219177246
86,encoder_self,0,1,teacher,3,robots,0.04263344034552574
86,encoder_self,0,1,teacher,4,<EOS>,0.17914734780788422
86,encoder_self,0,2,likes,0,The,0.13030153512954712
86,encoder_self,0,2,likes,1,teacher,0.3822720944881439
86,encoder_self,0,2,likes,2,likes,0.0989437997341156
86,encoder_self,0,2,likes,3,robots,0.20289313793182373
86,encoder_self,0,2,likes,4,<EOS>,0.18558940291404724
86,encoder_self,0,3,robots,0,The,0.003920020069926977
86,encoder_self,0,3,robots,1,teacher,0.08713346719741821
86,encoder_self,0,3,robots,2,likes,0.6806444525718689
86,encoder_self,0,3,robots,3,robots,0.2177879810333252
86,encoder_self,0,3,robots,4,<EOS>,0.0105139696970582
86,encoder_self,0,4,<EOS>,0,The,0.12954048812389374
86,encoder_self,0,4,<EOS>,1,teacher,0.14577580988407135
86,encoder_self,0,4,<EOS>,2,likes,0.06342331320047379
86,encoder_self,0,4,<EOS>,3,robots,0.13139696419239044
86,encoder_self,0,4,<EOS>,4,<EOS>,0.5298634171485901
86,encoder_self,1,0,The,0,The,0.016005685552954674
86,encoder_self,1,0,The,1,teacher,0.00012588899699039757
86,encoder_self,1,0,The,2,likes,9.391049388796091e-05
86,encoder_self,1,0,The,3,robots,0.9729619026184082
86,encoder_self,1,0,The,4,<EOS>,0.010812620632350445
86,encoder_self,1,1,teacher,0,The,0.17787441611289978
86,encoder_self,1,1,teacher,1,teacher,0.17351804673671722
86,encoder_self,1,1,teacher,2,likes,0.31062278151512146
86,encoder_self,1,1,teacher,3,robots,0.07973647117614746
86,encoder_self,1,1,teacher,4,<EOS>,0.25824832916259766
86,encoder_self,1,2,likes,0,The,0.08306865394115448
86,encoder_self,1,2,likes,1,teacher,0.300492525100708
86,encoder_self,1,2,likes,2,likes,0.4885751008987427
86,encoder_self,1,2,likes,3,robots,0.03859122097492218
86,encoder_self,1,2,likes,4,<EOS>,0.08927252888679504
86,encoder_self,1,3,robots,0,The,0.06711604446172714
86,encoder_self,1,3,robots,1,teacher,0.2849246859550476
86,encoder_self,1,3,robots,2,likes,0.3308764100074768
86,encoder_self,1,3,robots,3,robots,0.0016930047422647476
86,encoder_self,1,3,robots,4,<EOS>,0.31538984179496765
86,encoder_self,1,4,<EOS>,0,The,0.020422231405973434
86,encoder_self,1,4,<EOS>,1,teacher,0.0003503425105009228
86,encoder_self,1,4,<EOS>,2,likes,0.00043282407568767667
86,encoder_self,1,4,<EOS>,3,robots,0.9697971940040588
86,encoder_self,1,4,<EOS>,4,<EOS>,0.008997317403554916
86,decoder_masked,0,0,<SOS>,0,<SOS>,1.0
86,decoder_masked,0,0,<SOS>,1,선생님은,0.0
86,decoder_masked,0,0,<SOS>,2,로봇을,0.0
86,decoder_masked,0,0,<SOS>,3,좋아한다,0.0
86,decoder_masked,0,1,선생님은,0,<SOS>,0.8748790621757507
86,decoder_masked,0,1,선생님은,1,선생님은,0.12512099742889404
86,decoder_masked,0,1,선생님은,2,로봇을,0.0
86,decoder_masked,0,1,선생님은,3,좋아한다,0.0
86,decoder_masked,0,2,로봇을,0,<SOS>,0.24388869106769562
86,decoder_masked,0,2,로봇을,1,선생님은,0.6150950193405151
86,decoder_masked,0,2,로봇을,2,로봇을,0.14101631939411163
86,decoder_masked,0,2,로봇을,3,좋아한다,0.0
86,decoder_masked,0,3,좋아한다,0,<SOS>,0.9409014582633972
86,decoder_masked,0,3,좋아한다,1,선생님은,0.018804440274834633
86,decoder_masked,0,3,좋아한다,2,로봇을,0.02285677008330822
86,decoder_masked,0,3,좋아한다,3,좋아한다,0.017437230795621872
86,decoder_masked,1,0,<SOS>,0,<SOS>,1.0
86,decoder_masked,1,0,<SOS>,1,선생님은,0.0
86,decoder_masked,1,0,<SOS>,2,로봇을,0.0
86,decoder_masked,1,0,<SOS>,3,좋아한다,0.0
86,decoder_masked,1,1,선생님은,0,<SOS>,0.8105953931808472
86,decoder_masked,1,1,선생님은,1,선생님은,0.18940459191799164
86,decoder_masked,1,1,선생님은,2,로봇을,0.0
86,decoder_masked,1,1,선생님은,3,좋아한다,0.0
86,decoder_masked,1,2,로봇을,0,<SOS>,0.5942295789718628
86,decoder_masked,1,2,로봇을,1,선생님은,0.2779507040977478
86,decoder_masked,1,2,로봇을,2,로봇을,0.1278197467327118
86,decoder_masked,1,2,로봇을,3,좋아한다,0.0
86,decoder_masked,1,3,좋아한다,0,<SOS>,0.199895977973938
86,decoder_masked,1,3,좋아한다,1,선생님은,0.11975950747728348
86,decoder_masked,1,3,좋아한다,2,로봇을,0.4867438077926636
86,decoder_masked,1,3,좋아한다,3,좋아한다,0.19360068440437317
86,decoder_cross,0,0,<SOS>,0,The,0.17165826261043549
86,decoder_cross,0,0,<SOS>,1,teacher,0.1002347394824028
86,decoder_cross,0,0,<SOS>,2,likes,0.44826963543891907
86,decoder_cross,0,0,<SOS>,3,robots,0.18479414284229279
86,decoder_cross,0,0,<SOS>,4,<EOS>,0.09504320472478867
86,decoder_cross,0,1,선생님은,0,The,0.231353297829628
86,decoder_cross,0,1,선생님은,1,teacher,0.15606293082237244
86,decoder_cross,0,1,선생님은,2,likes,0.25015395879745483
86,decoder_cross,0,1,선생님은,3,robots,0.1920143961906433
86,decoder_cross,0,1,선생님은,4,<EOS>,0.17041541635990143
86,decoder_cross,0,2,로봇을,0,The,0.1504935920238495
86,decoder_cross,0,2,로봇을,1,teacher,0.17095790803432465
86,decoder_cross,0,2,로봇을,2,likes,0.3013291358947754
86,decoder_cross,0,2,로봇을,3,robots,0.2790209650993347
86,decoder_cross,0,2,로봇을,4,<EOS>,0.09819837659597397
86,decoder_cross,0,3,좋아한다,0,The,0.2170569896697998
86,decoder_cross,0,3,좋아한다,1,teacher,0.15176573395729065
86,decoder_cross,0,3,좋아한다,2,likes,0.27369165420532227
86,decoder_cross,0,3,좋아한다,3,robots,0.2020360678434372
86,decoder_cross,0,3,좋아한다,4,<EOS>,0.15544958412647247
86,decoder_cross,1,0,<SOS>,0,The,0.1767008751630783
86,decoder_cross,1,0,<SOS>,1,teacher,0.1928219497203827
86,decoder_cross,1,0,<SOS>,2,likes,0.21211513876914978
86,decoder_cross,1,0,<SOS>,3,robots,0.237230122089386
86,decoder_cross,1,0,<SOS>,4,<EOS>,0.18113194406032562
86,decoder_cross,1,1,선생님은,0,The,0.21458372473716736
86,decoder_cross,1,1,선생님은,1,teacher,0.21632492542266846
86,decoder_cross,1,1,선생님은,2,likes,0.11990105360746384
86,decoder_cross,1,1,선생님은,3,robots,0.24322111904621124
86,decoder_cross,1,1,선생님은,4,<EOS>,0.2059691995382309
86,decoder_cross,1,2,로봇을,0,The,0.20021198689937592
86,decoder_cross,1,2,로봇을,1,teacher,0.18040773272514343
86,decoder_cross,1,2,로봇을,2,likes,0.24201492965221405
86,decoder_cross,1,2,로봇을,3,robots,0.19791676104068756
86,decoder_cross,1,2,로봇을,4,<EOS>,0.17944858968257904
86,decoder_cross,1,3,좋아한다,0,The,0.21606573462486267
86,decoder_cross,1,3,좋아한다,1,teacher,0.21599586308002472
86,decoder_cross,1,3,좋아한다,2,likes,0.1478702276945114
86,decoder_cross,1,3,좋아한다,3,robots,0.20906232297420502
86,decoder_cross,1,3,좋아한다,4,<EOS>,0.2110057920217514
87,encoder_self,0,0,The,0,The,0.29592958092689514
87,encoder_self,0,0,The,1,teacher,0.01736936718225479
87,encoder_self,0,0,The,2,likes,0.00783297885209322
87,encoder_self,0,0,The,3,robots,0.07239659875631332
87,encoder_self,0,0,The,4,<EOS>,0.6064714193344116
87,encoder_self,0,1,teacher,0,The,0.04513510689139366
87,encoder_self,0,1,teacher,1,teacher,0.32396960258483887
87,encoder_self,0,1,teacher,2,likes,0.4100005626678467
87,encoder_self,0,1,teacher,3,robots,0.04257015511393547
87,encoder_self,0,1,teacher,4,<EOS>,0.17832458019256592
87,encoder_self,0,2,likes,0,The,0.13033030927181244
87,encoder_self,0,2,likes,1,teacher,0.38222429156303406
87,encoder_self,0,2,likes,2,likes,0.09891464561223984
87,encoder_self,0,2,likes,3,robots,0.20289453864097595
87,encoder_self,0,2,likes,4,<EOS>,0.18563616275787354
87,encoder_self,0,3,robots,0,The,0.0038953570183366537
87,encoder_self,0,3,robots,1,teacher,0.08709835261106491
87,encoder_self,0,3,robots,2,likes,0.6812467575073242
87,encoder_self,0,3,robots,3,robots,0.21730493009090424
87,encoder_self,0,3,robots,4,<EOS>,0.010454642586410046
87,encoder_self,0,4,<EOS>,0,The,0.12927761673927307
87,encoder_self,0,4,<EOS>,1,teacher,0.14623478055000305
87,encoder_self,0,4,<EOS>,2,likes,0.06373070925474167
87,encoder_self,0,4,<EOS>,3,robots,0.13145886361598969
87,encoder_self,0,4,<EOS>,4,<EOS>,0.5292980670928955
87,encoder_self,1,0,The,0,The,0.016284378245472908
87,encoder_self,1,0,The,1,teacher,0.0001268226042157039
87,encoder_self,1,0,The,2,likes,9.573903662385419e-05
87,encoder_self,1,0,The,3,robots,0.9724690914154053
87,encoder_self,1,0,The,4,<EOS>,0.011024032719433308
87,encoder_self,1,1,teacher,0,The,0.17891208827495575
87,encoder_self,1,1,teacher,1,teacher,0.17270871996879578
87,encoder_self,1,1,teacher,2,likes,0.30921611189842224
87,encoder_self,1,1,teacher,3,robots,0.08114124089479446
87,encoder_self,1,1,teacher,4,<EOS>,0.2580219507217407
87,encoder_self,1,2,likes,0,The,0.08323647081851959
87,encoder_self,1,2,likes,1,teacher,0.30106109380722046
87,encoder_self,1,2,likes,2,likes,0.4874410033226013
87,encoder_self,1,2,likes,3,robots,0.039068542420864105
87,encoder_self,1,2,likes,4,<EOS>,0.08919300138950348
87,encoder_self,1,3,robots,0,The,0.06672555208206177
87,encoder_self,1,3,robots,1,teacher,0.28435906767845154
87,encoder_self,1,3,robots,2,likes,0.33229079842567444
87,encoder_self,1,3,robots,3,robots,0.001658234279602766
87,encoder_self,1,3,robots,4,<EOS>,0.3149663507938385
87,encoder_self,1,4,<EOS>,0,The,0.020462995395064354
87,encoder_self,1,4,<EOS>,1,teacher,0.00034769243211485445
87,encoder_self,1,4,<EOS>,2,likes,0.0004319802101235837
87,encoder_self,1,4,<EOS>,3,robots,0.9697622060775757
87,encoder_self,1,4,<EOS>,4,<EOS>,0.008995097130537033
87,decoder_masked,0,0,<SOS>,0,<SOS>,1.0
87,decoder_masked,0,0,<SOS>,1,선생님은,0.0
87,decoder_masked,0,0,<SOS>,2,로봇을,0.0
87,decoder_masked,0,0,<SOS>,3,좋아한다,0.0
87,decoder_masked,0,1,선생님은,0,<SOS>,0.8743606209754944
87,decoder_masked,0,1,선생님은,1,선생님은,0.12563934922218323
87,decoder_masked,0,1,선생님은,2,로봇을,0.0
87,decoder_masked,0,1,선생님은,3,좋아한다,0.0
87,decoder_masked,0,2,로봇을,0,<SOS>,0.24387294054031372
87,decoder_masked,0,2,로봇을,1,선생님은,0.6139228343963623
87,decoder_masked,0,2,로봇을,2,로봇을,0.14220422506332397
87,decoder_masked,0,2,로봇을,3,좋아한다,0.0
87,decoder_masked,0,3,좋아한다,0,<SOS>,0.9400873184204102
87,decoder_masked,0,3,좋아한다,1,선생님은,0.01914425566792488
87,decoder_masked,0,3,좋아한다,2,로봇을,0.023154137656092644
87,decoder_masked,0,3,좋아한다,3,좋아한다,0.017614297568798065
87,decoder_masked,1,0,<SOS>,0,<SOS>,1.0
87,decoder_masked,1,0,<SOS>,1,선생님은,0.0
87,decoder_masked,1,0,<SOS>,2,로봇을,0.0
87,decoder_masked,1,0,<SOS>,3,좋아한다,0.0
87,decoder_masked,1,1,선생님은,0,<SOS>,0.8139538168907166
87,decoder_masked,1,1,선생님은,1,선생님은,0.18604624271392822
87,decoder_masked,1,1,선생님은,2,로봇을,0.0
87,decoder_masked,1,1,선생님은,3,좋아한다,0.0
87,decoder_masked,1,2,로봇을,0,<SOS>,0.5845319628715515
87,decoder_masked,1,2,로봇을,1,선생님은,0.2847306430339813
87,decoder_masked,1,2,로봇을,2,로봇을,0.13073739409446716
87,decoder_masked,1,2,로봇을,3,좋아한다,0.0
87,decoder_masked,1,3,좋아한다,0,<SOS>,0.20650680363178253
87,decoder_masked,1,3,좋아한다,1,선생님은,0.11847903579473495
87,decoder_masked,1,3,좋아한다,2,로봇을,0.4834880232810974
87,decoder_masked,1,3,좋아한다,3,좋아한다,0.1915261447429657
87,decoder_cross,0,0,<SOS>,0,The,0.17027926445007324
87,decoder_cross,0,0,<SOS>,1,teacher,0.10032513737678528
87,decoder_cross,0,0,<SOS>,2,likes,0.4495055079460144
87,decoder_cross,0,0,<SOS>,3,robots,0.18538060784339905
87,decoder_cross,0,0,<SOS>,4,<EOS>,0.09450943022966385
87,decoder_cross,0,1,선생님은,0,The,0.22893092036247253
87,decoder_cross,0,1,선생님은,1,teacher,0.15449833869934082
87,decoder_cross,0,1,선생님은,2,likes,0.25638511776924133
87,decoder_cross,0,1,선생님은,3,robots,0.19290058314800262
87,decoder_cross,0,1,선생님은,4,<EOS>,0.16728509962558746
87,decoder_cross,0,2,로봇을,0,The,0.15049804747104645
87,decoder_cross,0,2,로봇을,1,teacher,0.17025591433048248
87,decoder_cross,0,2,로봇을,2,likes,0.3028191030025482
87,decoder_cross,0,2,로봇을,3,robots,0.27834975719451904
87,decoder_cross,0,2,로봇을,4,<EOS>,0.09807717055082321
87,decoder_cross,0,3,좋아한다,0,The,0.2150936722755432
87,decoder_cross,0,3,좋아한다,1,teacher,0.1506161391735077
87,decoder_cross,0,3,좋아한다,2,likes,0.27847814559936523
87,decoder_cross,0,3,좋아한다,3,robots,0.2025294005870819
87,decoder_cross,0,3,좋아한다,4,<EOS>,0.15328262746334076
87,decoder_cross,1,0,<SOS>,0,The,0.17591843008995056
87,decoder_cross,1,0,<SOS>,1,teacher,0.1924183964729309
87,decoder_cross,1,0,<SOS>,2,likes,0.21476219594478607
87,decoder_cross,1,0,<SOS>,3,robots,0.23612698912620544
87,decoder_cross,1,0,<SOS>,4,<EOS>,0.18077386915683746
87,decoder_cross,1,1,선생님은,0,The,0.21312130987644196
87,decoder_cross,1,1,선생님은,1,teacher,0.21625472605228424
87,decoder_cross,1,1,선생님은,2,likes,0.12209334969520569
87,decoder_cross,1,1,선생님은,3,robots,0.24304480850696564
87,decoder_cross,1,1,선생님은,4,<EOS>,0.20548580586910248
87,decoder_cross,1,2,로봇을,0,The,0.19977082312107086
87,decoder_cross,1,2,로봇을,1,teacher,0.18012838065624237
87,decoder_cross,1,2,로봇을,2,likes,0.24347862601280212
87,decoder_cross,1,2,로봇을,3,robots,0.19735881686210632
87,decoder_cross,1,2,로봇을,4,<EOS>,0.1792633831501007
87,decoder_cross,1,3,좋아한다,0,The,0.21486736834049225
87,decoder_cross,1,3,좋아한다,1,teacher,0.215770423412323
87,decoder_cross,1,3,좋아한다,2,likes,0.15006780624389648
87,decoder_cross,1,3,좋아한다,3,robots,0.20872291922569275
87,decoder_cross,1,3,좋아한다,4,<EOS>,0.21057140827178955
88,encoder_self,0,0,The,0,The,0.29652974009513855
88,encoder_self,0,0,The,1,teacher,0.017315374687314034
88,encoder_self,0,0,The,2,likes,0.007812419440597296
88,encoder_self,0,0,The,3,robots,0.07214593142271042
88,encoder_self,0,0,The,4,<EOS>,0.6061965227127075
88,encoder_self,0,1,teacher,0,The,0.04509391635656357
88,encoder_self,0,1,teacher,1,teacher,0.3237862288951874
88,encoder_self,0,1,teacher,2,likes,0.41058507561683655
88,encoder_self,0,1,teacher,3,robots,0.04250625520944595
88,encoder_self,0,1,teacher,4,<EOS>,0.17802852392196655
88,encoder_self,0,2,likes,0,The,0.13032297790050507
88,encoder_self,0,2,likes,1,teacher,0.382213830947876
88,encoder_self,0,2,likes,2,likes,0.09895824640989304
88,encoder_self,0,2,likes,3,robots,0.2028776854276657
88,encoder_self,0,2,likes,4,<EOS>,0.18562732636928558
88,encoder_self,0,3,robots,0,The,0.003911933861672878
88,encoder_self,0,3,robots,1,teacher,0.0872216746211052
88,encoder_self,0,3,robots,2,likes,0.6804910898208618
88,encoder_self,0,3,robots,3,robots,0.2178821563720703
88,encoder_self,0,3,robots,4,<EOS>,0.010493130423128605
88,encoder_self,0,4,<EOS>,0,The,0.12952546775341034
88,encoder_self,0,4,<EOS>,1,teacher,0.14613044261932373
88,encoder_self,0,4,<EOS>,2,likes,0.06372807174921036
88,encoder_self,0,4,<EOS>,3,robots,0.1312856674194336
88,encoder_self,0,4,<EOS>,4,<EOS>,0.529330313205719
88,encoder_self,1,0,The,0,The,0.016440387815237045
88,encoder_self,1,0,The,1,teacher,0.00012670201249420643
88,encoder_self,1,0,The,2,likes,9.57538650254719e-05
88,encoder_self,1,0,The,3,robots,0.972274661064148
88,encoder_self,1,0,The,4,<EOS>,0.011062460951507092
88,encoder_self,1,1,teacher,0,The,0.17890594899654388
88,encoder_self,1,1,teacher,1,teacher,0.17264775931835175
88,encoder_self,1,1,teacher,2,likes,0.3090343475341797
88,encoder_self,1,1,teacher,3,robots,0.08133335411548615
88,encoder_self,1,1,teacher,4,<EOS>,0.25807860493659973
88,encoder_self,1,2,likes,0,The,0.08297006785869598
88,encoder_self,1,2,likes,1,teacher,0.3012979328632355
88,encoder_self,1,2,likes,2,likes,0.48762330412864685
88,encoder_self,1,2,likes,3,robots,0.03900352865457535
88,encoder_self,1,2,likes,4,<EOS>,0.08910512924194336
88,encoder_self,1,3,robots,0,The,0.06663592904806137
88,encoder_self,1,3,robots,1,teacher,0.2844102084636688
88,encoder_self,1,3,robots,2,likes,0.33241766691207886
88,encoder_self,1,3,robots,3,robots,0.001658723340369761
88,encoder_self,1,3,robots,4,<EOS>,0.31487753987312317
88,encoder_self,1,4,<EOS>,0,The,0.02054165117442608
88,encoder_self,1,4,<EOS>,1,teacher,0.0003462068852968514
88,encoder_self,1,4,<EOS>,2,likes,0.00043030933011323214
88,encoder_self,1,4,<EOS>,3,robots,0.9696907997131348
88,encoder_self,1,4,<EOS>,4,<EOS>,0.008991124108433723
88,decoder_masked,0,0,<SOS>,0,<SOS>,1.0
88,decoder_masked,0,0,<SOS>,1,선생님은,0.0
88,decoder_masked,0,0,<SOS>,2,로봇을,0.0
88,decoder_masked,0,0,<SOS>,3,좋아한다,0.0
88,decoder_masked,0,1,선생님은,0,<SOS>,0.8762284517288208
88,decoder_masked,0,1,선생님은,1,선생님은,0.1237715482711792
88,decoder_masked,0,1,선생님은,2,로봇을,0.0
88,decoder_masked,0,1,선생님은,3,좋아한다,0.0
88,decoder_masked,0,2,로봇을,0,<SOS>,0.23527134954929352
88,decoder_masked,0,2,로봇을,1,선생님은,0.6207547187805176
88,decoder_masked,0,2,로봇을,2,로봇을,0.1439739316701889
88,decoder_masked,0,2,로봇을,3,좋아한다,0.0
88,decoder_masked,0,3,좋아한다,0,<SOS>,0.9389625787734985
88,decoder_masked,0,3,좋아한다,1,선생님은,0.019113430753350258
88,decoder_masked,0,3,좋아한다,2,로봇을,0.023730147629976273
88,decoder_masked,0,3,좋아한다,3,좋아한다,0.018193820491433144
88,decoder_masked,1,0,<SOS>,0,<SOS>,1.0
88,decoder_masked,1,0,<SOS>,1,선생님은,0.0
88,decoder_masked,1,0,<SOS>,2,로봇을,0.0
88,decoder_masked,1,0,<SOS>,3,좋아한다,0.0
88,decoder_masked,1,1,선생님은,0,<SOS>,0.8140015006065369
88,decoder_masked,1,1,선생님은,1,선생님은,0.18599852919578552
88,decoder_masked,1,1,선생님은,2,로봇을,0.0
88,decoder_masked,1,1,선생님은,3,좋아한다,0.0
88,decoder_masked,1,2,로봇을,0,<SOS>,0.5819427967071533
88,decoder_masked,1,2,로봇을,1,선생님은,0.28636449575424194
88,decoder_masked,1,2,로봇을,2,로봇을,0.13169264793395996
88,decoder_masked,1,2,로봇을,3,좋아한다,0.0
88,decoder_masked,1,3,좋아한다,0,<SOS>,0.2092439830303192
88,decoder_masked,1,3,좋아한다,1,선생님은,0.11757033318281174
88,decoder_masked,1,3,좋아한다,2,로봇을,0.4817257225513458
88,decoder_masked,1,3,좋아한다,3,좋아한다,0.19145993888378143
88,decoder_cross,0,0,<SOS>,0,The,0.17139305174350739
88,decoder_cross,0,0,<SOS>,1,teacher,0.10032428801059723
88,decoder_cross,0,0,<SOS>,2,likes,0.44865286350250244
88,decoder_cross,0,0,<SOS>,3,robots,0.18481898307800293
88,decoder_cross,0,0,<SOS>,4,<EOS>,0.09481073170900345
88,decoder_cross,0,1,선생님은,0,The,0.22955133020877838
88,decoder_cross,0,1,선생님은,1,teacher,0.15473540127277374
88,decoder_cross,0,1,선생님은,2,likes,0.2552967369556427
88,decoder_cross,0,1,선생님은,3,robots,0.1926897019147873
88,decoder_cross,0,1,선생님은,4,<EOS>,0.16772674024105072
88,decoder_cross,0,2,로봇을,0,The,0.1514851301908493
88,decoder_cross,0,2,로봇을,1,teacher,0.17042919993400574
88,decoder_cross,0,2,로봇을,2,likes,0.3017387390136719
88,decoder_cross,0,2,로봇을,3,robots,0.2777458131313324
88,decoder_cross,0,2,로봇을,4,<EOS>,0.0986010730266571
88,decoder_cross,0,3,좋아한다,0,The,0.21587085723876953
88,decoder_cross,0,3,좋아한다,1,teacher,0.1507556289434433
88,decoder_cross,0,3,좋아한다,2,likes,0.27743345499038696
88,decoder_cross,0,3,좋아한다,3,robots,0.20222780108451843
88,decoder_cross,0,3,좋아한다,4,<EOS>,0.1537122279405594
88,decoder_cross,1,0,<SOS>,0,The,0.17626982927322388
88,decoder_cross,1,0,<SOS>,1,teacher,0.1925801932811737
88,decoder_cross,1,0,<SOS>,2,likes,0.21370695531368256
88,decoder_cross,1,0,<SOS>,3,robots,0.23650233447551727
88,decoder_cross,1,0,<SOS>,4,<EOS>,0.18094076216220856
88,decoder_cross,1,1,선생님은,0,The,0.21350809931755066
88,decoder_cross,1,1,선생님은,1,teacher,0.21608524024486542
88,decoder_cross,1,1,선생님은,2,likes,0.12189719825983047
88,decoder_cross,1,1,선생님은,3,robots,0.2430351823568344
88,decoder_cross,1,1,선생님은,4,<EOS>,0.2054743617773056
88,decoder_cross,1,2,로봇을,0,The,0.200284942984581
88,decoder_cross,1,2,로봇을,1,teacher,0.18028739094734192
88,decoder_cross,1,2,로봇을,2,likes,0.2424035370349884
88,decoder_cross,1,2,로봇을,3,robots,0.19754192233085632
88,decoder_cross,1,2,로봇을,4,<EOS>,0.17948223650455475
88,decoder_cross,1,3,좋아한다,0,The,0.2152017056941986
88,decoder_cross,1,3,좋아한다,1,teacher,0.21578164398670197
88,decoder_cross,1,3,좋아한다,2,likes,0.14938995242118835
88,decoder_cross,1,3,좋아한다,3,robots,0.20904208719730377
88,decoder_cross,1,3,좋아한다,4,<EOS>,0.21058467030525208
89,encoder_self,0,0,The,0,The,0.2953958511352539
89,encoder_self,0,0,The,1,teacher,0.017304034903645515
89,encoder_self,0,0,The,2,likes,0.00783791858702898
89,encoder_self,0,0,The,3,robots,0.07232123613357544
89,encoder_self,0,0,The,4,<EOS>,0.6071409583091736
89,encoder_self,0,1,teacher,0,The,0.045859452337026596
89,encoder_self,0,1,teacher,1,teacher,0.323469340801239
89,encoder_self,0,1,teacher,2,likes,0.4076835811138153
89,encoder_self,0,1,teacher,3,robots,0.04249175265431404
89,encoder_self,0,1,teacher,4,<EOS>,0.18049588799476624
89,encoder_self,0,2,likes,0,The,0.1306450366973877
89,encoder_self,0,2,likes,1,teacher,0.38214486837387085
89,encoder_self,0,2,likes,2,likes,0.09872061014175415
89,encoder_self,0,2,likes,3,robots,0.20270395278930664
89,encoder_self,0,2,likes,4,<EOS>,0.18578557670116425
89,encoder_self,0,3,robots,0,The,0.00391449686139822
89,encoder_self,0,3,robots,1,teacher,0.08711755275726318
89,encoder_self,0,3,robots,2,likes,0.6805896759033203
89,encoder_self,0,3,robots,3,robots,0.21786868572235107
89,encoder_self,0,3,robots,4,<EOS>,0.010509599931538105
89,encoder_self,0,4,<EOS>,0,The,0.12961438298225403
89,encoder_self,0,4,<EOS>,1,teacher,0.14541694521903992
89,encoder_self,0,4,<EOS>,2,likes,0.06341101229190826
89,encoder_self,0,4,<EOS>,3,robots,0.13086991012096405
89,encoder_self,0,4,<EOS>,4,<EOS>,0.5306877493858337
89,encoder_self,1,0,The,0,The,0.01655767485499382
89,encoder_self,1,0,The,1,teacher,0.00012702711683232337
89,encoder_self,1,0,The,2,likes,9.61955011007376e-05
89,encoder_self,1,0,The,3,robots,0.972074568271637
89,encoder_self,1,0,The,4,<EOS>,0.011144538410007954
89,encoder_self,1,1,teacher,0,The,0.1782231330871582
89,encoder_self,1,1,teacher,1,teacher,0.17283563315868378
89,encoder_self,1,1,teacher,2,likes,0.31029874086380005
89,encoder_self,1,1,teacher,3,robots,0.081012062728405
89,encoder_self,1,1,teacher,4,<EOS>,0.25763043761253357
89,encoder_self,1,2,likes,0,The,0.0828263983130455
89,encoder_self,1,2,likes,1,teacher,0.30138933658599854
89,encoder_self,1,2,likes,2,likes,0.48781147599220276
89,encoder_self,1,2,likes,3,robots,0.03899920731782913
89,encoder_self,1,2,likes,4,<EOS>,0.08897366374731064
89,encoder_self,1,3,robots,0,The,0.06638620048761368
89,encoder_self,1,3,robots,1,teacher,0.28444981575012207
89,encoder_self,1,3,robots,2,likes,0.33322009444236755
89,encoder_self,1,3,robots,3,robots,0.0016550134168937802
89,encoder_self,1,3,robots,4,<EOS>,0.314288854598999
89,encoder_self,1,4,<EOS>,0,The,0.02063494175672531
89,encoder_self,1,4,<EOS>,1,teacher,0.0003471563686616719
89,encoder_self,1,4,<EOS>,2,likes,0.00043240460217930377
89,encoder_self,1,4,<EOS>,3,robots,0.9695515036582947
89,encoder_self,1,4,<EOS>,4,<EOS>,0.009033994749188423
89,decoder_masked,0,0,<SOS>,0,<SOS>,1.0
89,decoder_masked,0,0,<SOS>,1,선생님은,0.0
89,decoder_masked,0,0,<SOS>,2,로봇을,0.0
89,decoder_masked,0,0,<SOS>,3,좋아한다,0.0
89,decoder_masked,0,1,선생님은,0,<SOS>,0.8931137323379517
89,decoder_masked,0,1,선생님은,1,선생님은,0.10688631236553192
89,decoder_masked,0,1,선생님은,2,로봇을,0.0
89,decoder_masked,0,1,선생님은,3,좋아한다,0.0
89,decoder_masked,0,2,로봇을,0,<SOS>,0.23262590169906616
89,decoder_masked,0,2,로봇을,1,선생님은,0.6237755417823792
89,decoder_masked,0,2,로봇을,2,로봇을,0.14359861612319946
89,decoder_masked,0,2,로봇을,3,좋아한다,0.0
89,decoder_masked,0,3,좋아한다,0,<SOS>,0.9434877634048462
89,decoder_masked,0,3,좋아한다,1,선생님은,0.01737925596535206
89,decoder_masked,0,3,좋아한다,2,로봇을,0.022510841488838196
89,decoder_masked,0,3,좋아한다,3,좋아한다,0.01662221923470497
89,decoder_masked,1,0,<SOS>,0,<SOS>,1.0
89,decoder_masked,1,0,<SOS>,1,선생님은,0.0
89,decoder_masked,1,0,<SOS>,2,로봇을,0.0
89,decoder_masked,1,0,<SOS>,3,좋아한다,0.0
89,decoder_masked,1,1,선생님은,0,<SOS>,0.8343923687934875
89,decoder_masked,1,1,선생님은,1,선생님은,0.16560760140419006
89,decoder_masked,1,1,선생님은,2,로봇을,0.0
89,decoder_masked,1,1,선생님은,3,좋아한다,0.0
89,decoder_masked,1,2,로봇을,0,<SOS>,0.5476778149604797
89,decoder_masked,1,2,로봇을,1,선생님은,0.3140251040458679
89,decoder_masked,1,2,로봇을,2,로봇을,0.13829705119132996
89,decoder_masked,1,2,로봇을,3,좋아한다,0.0
89,decoder_masked,1,3,좋아한다,0,<SOS>,0.24249808490276337
89,decoder_masked,1,3,좋아한다,1,선생님은,0.10696469247341156
89,decoder_masked,1,3,좋아한다,2,로봇을,0.46925559639930725
89,decoder_masked,1,3,좋아한다,3,좋아한다,0.18128164112567902
89,decoder_cross,0,0,<SOS>,0,The,0.16959258913993835
89,decoder_cross,0,0,<SOS>,1,teacher,0.10089579969644547
89,decoder_cross,0,0,<SOS>,2,likes,0.4489554166793823
89,decoder_cross,0,0,<SOS>,3,robots,0.1860441267490387
89,decoder_cross,0,0,<SOS>,4,<EOS>,0.09451203048229218
89,decoder_cross,0,1,선생님은,0,The,0.2239735722541809
89,decoder_cross,0,1,선생님은,1,teacher,0.15301106870174408
89,decoder_cross,0,1,선생님은,2,likes,0.26560160517692566
89,decoder_cross,0,1,선생님은,3,robots,0.19519180059432983
89,decoder_cross,0,1,선생님은,4,<EOS>,0.16222192347049713
89,decoder_cross,0,2,로봇을,0,The,0.15148954093456268
89,decoder_cross,0,2,로봇을,1,teacher,0.17061299085617065
89,decoder_cross,0,2,로봇을,2,likes,0.3010829985141754
89,decoder_cross,0,2,로봇을,3,robots,0.2781005799770355
89,decoder_cross,0,2,로봇을,4,<EOS>,0.09871385246515274
89,decoder_cross,0,3,좋아한다,0,The,0.2113189846277237
89,decoder_cross,0,3,좋아한다,1,teacher,0.1490299254655838
89,decoder_cross,0,3,좋아한다,2,likes,0.2863258719444275
89,decoder_cross,0,3,좋아한다,3,robots,0.2041124701499939
89,decoder_cross,0,3,좋아한다,4,<EOS>,0.14921270310878754
89,decoder_cross,1,0,<SOS>,0,The,0.17542903125286102
89,decoder_cross,1,0,<SOS>,1,teacher,0.19233925640583038
89,decoder_cross,1,0,<SOS>,2,likes,0.21625439822673798
89,decoder_cross,1,0,<SOS>,3,robots,0.23520487546920776
89,decoder_cross,1,0,<SOS>,4,<EOS>,0.18077245354652405
89,decoder_cross,1,1,선생님은,0,The,0.21094463765621185
89,decoder_cross,1,1,선생님은,1,teacher,0.21626965701580048
89,decoder_cross,1,1,선생님은,2,likes,0.12504751980304718
89,decoder_cross,1,1,선생님은,3,robots,0.24287325143814087
89,decoder_cross,1,1,선생님은,4,<EOS>,0.20486490428447723
89,decoder_cross,1,2,로봇을,0,The,0.19994747638702393
89,decoder_cross,1,2,로봇을,1,teacher,0.18018005788326263
89,decoder_cross,1,2,로봇을,2,likes,0.24314239621162415
89,decoder_cross,1,2,로봇을,3,robots,0.1974250078201294
89,decoder_cross,1,2,로봇을,4,<EOS>,0.1793050616979599
89,decoder_cross,1,3,좋아한다,0,The,0.21328821778297424
89,decoder_cross,1,3,좋아한다,1,teacher,0.21598809957504272
89,decoder_cross,1,3,좋아한다,2,likes,0.15157422423362732
89,decoder_cross,1,3,좋아한다,3,robots,0.20899160206317902
89,decoder_cross,1,3,좋아한다,4,<EOS>,0.2101578265428543
90,encoder_self,0,0,The,0,The,0.29518547654151917
90,encoder_self,0,0,The,1,teacher,0.017268415540456772
90,encoder_self,0,0,The,2,likes,0.007872763089835644
90,encoder_self,0,0,The,3,robots,0.07327412813901901
90,encoder_self,0,0,The,4,<EOS>,0.6063992977142334
90,encoder_self,0,1,teacher,0,The,0.04556947201490402
90,encoder_self,0,1,teacher,1,teacher,0.322978675365448
90,encoder_self,0,1,teacher,2,likes,0.4090796709060669
90,encoder_self,0,1,teacher,3,robots,0.04312591254711151
90,encoder_self,0,1,teacher,4,<EOS>,0.17924632132053375
90,encoder_self,0,2,likes,0,The,0.12912294268608093
90,encoder_self,0,2,likes,1,teacher,0.38379693031311035
90,encoder_self,0,2,likes,2,likes,0.09897119551897049
90,encoder_self,0,2,likes,3,robots,0.20422592759132385
90,encoder_self,0,2,likes,4,<EOS>,0.18388310074806213
90,encoder_self,0,3,robots,0,The,0.003821754828095436
90,encoder_self,0,3,robots,1,teacher,0.08645584434270859
90,encoder_self,0,3,robots,2,likes,0.6802088618278503
90,encoder_self,0,3,robots,3,robots,0.2192409783601761
90,encoder_self,0,3,robots,4,<EOS>,0.010272414423525333
90,encoder_self,0,4,<EOS>,0,The,0.1292528659105301
90,encoder_self,0,4,<EOS>,1,teacher,0.14515520632266998
90,encoder_self,0,4,<EOS>,2,likes,0.0637366995215416
90,encoder_self,0,4,<EOS>,3,robots,0.1332101970911026
90,encoder_self,0,4,<EOS>,4,<EOS>,0.5286449790000916
90,encoder_self,1,0,The,0,The,0.016276180744171143
90,encoder_self,1,0,The,1,teacher,0.00013113983732182533
90,encoder_self,1,0,The,2,likes,0.00010704343003453687
90,encoder_self,1,0,The,3,robots,0.9724115133285522
90,encoder_self,1,0,The,4,<EOS>,0.011074141599237919
90,encoder_self,1,1,teacher,0,The,0.17983126640319824
90,encoder_self,1,1,teacher,1,teacher,0.1728275716304779
90,encoder_self,1,1,teacher,2,likes,0.3067367672920227
90,encoder_self,1,1,teacher,3,robots,0.08136241883039474
90,encoder_self,1,1,teacher,4,<EOS>,0.25924190878868103
90,encoder_self,1,2,likes,0,The,0.08587587624788284
90,encoder_self,1,2,likes,1,teacher,0.3047897219657898
90,encoder_self,1,2,likes,2,likes,0.4776071012020111
90,encoder_self,1,2,likes,3,robots,0.040175922214984894
90,encoder_self,1,2,likes,4,<EOS>,0.09155144542455673
90,encoder_self,1,3,robots,0,The,0.06658711284399033
90,encoder_self,1,3,robots,1,teacher,0.284991055727005
90,encoder_self,1,3,robots,2,likes,0.33132028579711914
90,encoder_self,1,3,robots,3,robots,0.0016389369266107678
90,encoder_self,1,3,robots,4,<EOS>,0.315462589263916
90,encoder_self,1,4,<EOS>,0,The,0.02043973095715046
90,encoder_self,1,4,<EOS>,1,teacher,0.00035255542024970055
90,encoder_self,1,4,<EOS>,2,likes,0.00045682641211897135
90,encoder_self,1,4,<EOS>,3,robots,0.9697559475898743
90,encoder_self,1,4,<EOS>,4,<EOS>,0.008994875475764275
90,decoder_masked,0,0,<SOS>,0,<SOS>,1.0
90,decoder_masked,0,0,<SOS>,1,선생님은,0.0
90,decoder_masked,0,0,<SOS>,2,로봇을,0.0
90,decoder_masked,0,0,<SOS>,3,좋아한다,0.0
90,decoder_masked,0,1,선생님은,0,<SOS>,0.8917077779769897
90,decoder_masked,0,1,선생님은,1,선생님은,0.10829221457242966
90,decoder_masked,0,1,선생님은,2,로봇을,0.0
90,decoder_masked,0,1,선생님은,3,좋아한다,0.0
90,decoder_masked,0,2,로봇을,0,<SOS>,0.22296014428138733
90,decoder_masked,0,2,로봇을,1,선생님은,0.6280547976493835
90,decoder_masked,0,2,로봇을,2,로봇을,0.14898502826690674
90,decoder_masked,0,2,로봇을,3,좋아한다,0.0
90,decoder_masked,0,3,좋아한다,0,<SOS>,0.9414704442024231
90,decoder_masked,0,3,좋아한다,1,선생님은,0.01790514774620533
90,decoder_masked,0,3,좋아한다,2,로봇을,0.02338525280356407
90,decoder_masked,0,3,좋아한다,3,좋아한다,0.01723921112716198
90,decoder_masked,1,0,<SOS>,0,<SOS>,1.0
90,decoder_masked,1,0,<SOS>,1,선생님은,0.0
90,decoder_masked,1,0,<SOS>,2,로봇을,0.0
90,decoder_masked,1,0,<SOS>,3,좋아한다,0.0
90,decoder_masked,1,1,선생님은,0,<SOS>,0.8326624035835266
90,decoder_masked,1,1,선생님은,1,선생님은,0.16733764111995697
90,decoder_masked,1,1,선생님은,2,로봇을,0.0
90,decoder_masked,1,1,선생님은,3,좋아한다,0.0
90,decoder_masked,1,2,로봇을,0,<SOS>,0.5916019678115845
90,decoder_masked,1,2,로봇을,1,선생님은,0.2878704369068146
90,decoder_masked,1,2,로봇을,2,로봇을,0.12052761018276215
90,decoder_masked,1,2,로봇을,3,좋아한다,0.0
90,decoder_masked,1,3,좋아한다,0,<SOS>,0.2309548258781433
90,decoder_masked,1,3,좋아한다,1,선생님은,0.10394901037216187
90,decoder_masked,1,3,좋아한다,2,로봇을,0.48218581080436707
90,decoder_masked,1,3,좋아한다,3,좋아한다,0.18291032314300537
90,decoder_cross,0,0,<SOS>,0,The,0.16615770757198334
90,decoder_cross,0,0,<SOS>,1,teacher,0.0998159795999527
90,decoder_cross,0,0,<SOS>,2,likes,0.4552561044692993
90,decoder_cross,0,0,<SOS>,3,robots,0.18648184835910797
90,decoder_cross,0,0,<SOS>,4,<EOS>,0.09228838980197906
90,decoder_cross,0,1,선생님은,0,The,0.22193700075149536
90,decoder_cross,0,1,선생님은,1,teacher,0.15285305678844452
90,decoder_cross,0,1,선생님은,2,likes,0.26807233691215515
90,decoder_cross,0,1,선생님은,3,robots,0.1965535283088684
90,decoder_cross,0,1,선생님은,4,<EOS>,0.16058409214019775
90,decoder_cross,0,2,로봇을,0,The,0.14689898490905762
90,decoder_cross,0,2,로봇을,1,teacher,0.1692144274711609
90,decoder_cross,0,2,로봇을,2,likes,0.307433545589447
90,decoder_cross,0,2,로봇을,3,robots,0.28104615211486816
90,decoder_cross,0,2,로봇을,4,<EOS>,0.09540688991546631
90,decoder_cross,0,3,좋아한다,0,The,0.21052071452140808
90,decoder_cross,0,3,좋아한다,1,teacher,0.14900211989879608
90,decoder_cross,0,3,좋아한다,2,likes,0.2869895100593567
90,decoder_cross,0,3,좋아한다,3,robots,0.20454199612140656
90,decoder_cross,0,3,좋아한다,4,<EOS>,0.14894570410251617
90,decoder_cross,1,0,<SOS>,0,The,0.17489832639694214
90,decoder_cross,1,0,<SOS>,1,teacher,0.19217510521411896
90,decoder_cross,1,0,<SOS>,2,likes,0.2176922857761383
90,decoder_cross,1,0,<SOS>,3,robots,0.23476402461528778
90,decoder_cross,1,0,<SOS>,4,<EOS>,0.18047024309635162
90,decoder_cross,1,1,선생님은,0,The,0.21131591498851776
90,decoder_cross,1,1,선생님은,1,teacher,0.21651700139045715
90,decoder_cross,1,1,선생님은,2,likes,0.12483163177967072
90,decoder_cross,1,1,선생님은,3,robots,0.24170230329036713
90,decoder_cross,1,1,선생님은,4,<EOS>,0.20563319325447083
90,decoder_cross,1,2,로봇을,0,The,0.19940568506717682
90,decoder_cross,1,2,로봇을,1,teacher,0.18023492395877838
90,decoder_cross,1,2,로봇을,2,likes,0.24470560252666473
90,decoder_cross,1,2,로봇을,3,robots,0.19642429053783417
90,decoder_cross,1,2,로봇을,4,<EOS>,0.1792295128107071
90,decoder_cross,1,3,좋아한다,0,The,0.2136046439409256
90,decoder_cross,1,3,좋아한다,1,teacher,0.21577925980091095
90,decoder_cross,1,3,좋아한다,2,likes,0.15234924852848053
90,decoder_cross,1,3,좋아한다,3,robots,0.20768864452838898
90,decoder_cross,1,3,좋아한다,4,<EOS>,0.21057815849781036
91,encoder_self,0,0,The,0,The,0.29498833417892456
91,encoder_self,0,0,The,1,teacher,0.01724127121269703
91,encoder_self,0,0,The,2,likes,0.007889105938374996
91,encoder_self,0,0,The,3,robots,0.07309703528881073
91,encoder_self,0,0,The,4,<EOS>,0.6067842245101929
91,encoder_self,0,1,teacher,0,The,0.044592227786779404
91,encoder_self,0,1,teacher,1,teacher,0.3216983675956726
91,encoder_self,0,1,teacher,2,likes,0.41483694314956665
91,encoder_self,0,1,teacher,3,robots,0.04344535619020462
91,encoder_self,0,1,teacher,4,<EOS>,0.17542709410190582
91,encoder_self,0,2,likes,0,The,0.12966333329677582
91,encoder_self,0,2,likes,1,teacher,0.3831227719783783
91,encoder_self,0,2,likes,2,likes,0.09882955998182297
91,encoder_self,0,2,likes,3,robots,0.20402339100837708
91,encoder_self,0,2,likes,4,<EOS>,0.18436098098754883
91,encoder_self,0,3,robots,0,The,0.00373947829939425
91,encoder_self,0,3,robots,1,teacher,0.08576874434947968
91,encoder_self,0,3,robots,2,likes,0.6817208528518677
91,encoder_self,0,3,robots,3,robots,0.21871072053909302
91,encoder_self,0,3,robots,4,<EOS>,0.010060211643576622
91,encoder_self,0,4,<EOS>,0,The,0.1289057582616806
91,encoder_self,0,4,<EOS>,1,teacher,0.14530935883522034
91,encoder_self,0,4,<EOS>,2,likes,0.06448562443256378
91,encoder_self,0,4,<EOS>,3,robots,0.13394440710544586
91,encoder_self,0,4,<EOS>,4,<EOS>,0.5273548364639282
91,encoder_self,1,0,The,0,The,0.015763746574521065
91,encoder_self,1,0,The,1,teacher,0.00012795854127034545
91,encoder_self,1,0,The,2,likes,0.00011442347022239119
91,encoder_self,1,0,The,3,robots,0.9732421040534973
91,encoder_self,1,0,The,4,<EOS>,0.010751777328550816
91,encoder_self,1,1,teacher,0,The,0.18115577101707458
91,encoder_self,1,1,teacher,1,teacher,0.1736067533493042
91,encoder_self,1,1,teacher,2,likes,0.30307525396347046
91,encoder_self,1,1,teacher,3,robots,0.08121035248041153
91,encoder_self,1,1,teacher,4,<EOS>,0.2609519362449646
91,encoder_self,1,2,likes,0,The,0.08787045627832413
91,encoder_self,1,2,likes,1,teacher,0.31062451004981995
91,encoder_self,1,2,likes,2,likes,0.4676799178123474
91,encoder_self,1,2,likes,3,robots,0.04021478816866875
91,encoder_self,1,2,likes,4,<EOS>,0.09361040592193604
91,encoder_self,1,3,robots,0,The,0.06709372997283936
91,encoder_self,1,3,robots,1,teacher,0.2857711613178253
91,encoder_self,1,3,robots,2,likes,0.3279320001602173
91,encoder_self,1,3,robots,3,robots,0.0016327659832313657
91,encoder_self,1,3,robots,4,<EOS>,0.31757035851478577
91,encoder_self,1,4,<EOS>,0,The,0.020107390359044075
91,encoder_self,1,4,<EOS>,1,teacher,0.00034818510175682604
91,encoder_self,1,4,<EOS>,2,likes,0.0004728706262540072
91,encoder_self,1,4,<EOS>,3,robots,0.9702125191688538
91,encoder_self,1,4,<EOS>,4,<EOS>,0.008858958259224892
91,decoder_masked,0,0,<SOS>,0,<SOS>,1.0
91,decoder_masked,0,0,<SOS>,1,선생님은,0.0
91,decoder_masked,0,0,<SOS>,2,로봇을,0.0
91,decoder_masked,0,0,<SOS>,3,좋아한다,0.0
91,decoder_masked,0,1,선생님은,0,<SOS>,0.8918779492378235
91,decoder_masked,0,1,선생님은,1,선생님은,0.10812200605869293
91,decoder_masked,0,1,선생님은,2,로봇을,0.0
91,decoder_masked,0,1,선생님은,3,좋아한다,0.0
91,decoder_masked,0,2,로봇을,0,<SOS>,0.22263172268867493
91,decoder_masked,0,2,로봇을,1,선생님은,0.6278186440467834
91,decoder_masked,0,2,로봇을,2,로봇을,0.14954961836338043
91,decoder_masked,0,2,로봇을,3,좋아한다,0.0
91,decoder_masked,0,3,좋아한다,0,<SOS>,0.9416701793670654
91,decoder_masked,0,3,좋아한다,1,선생님은,0.017853010445833206
91,decoder_masked,0,3,좋아한다,2,로봇을,0.023302743211388588
91,decoder_masked,0,3,좋아한다,3,좋아한다,0.017174070701003075
91,decoder_masked,1,0,<SOS>,0,<SOS>,1.0
91,decoder_masked,1,0,<SOS>,1,선생님은,0.0
91,decoder_masked,1,0,<SOS>,2,로봇을,0.0
91,decoder_masked,1,0,<SOS>,3,좋아한다,0.0
91,decoder_masked,1,1,선생님은,0,<SOS>,0.8321623802185059
91,decoder_masked,1,1,선생님은,1,선생님은,0.16783757507801056
91,decoder_masked,1,1,선생님은,2,로봇을,0.0
91,decoder_masked,1,1,선생님은,3,좋아한다,0.0
91,decoder_masked,1,2,로봇을,0,<SOS>,0.5923812985420227
91,decoder_masked,1,2,로봇을,1,선생님은,0.28705263137817383
91,decoder_masked,1,2,로봇을,2,로봇을,0.12056607753038406
91,decoder_masked,1,2,로봇을,3,좋아한다,0.0
91,decoder_masked,1,3,좋아한다,0,<SOS>,0.2293243706226349
91,decoder_masked,1,3,좋아한다,1,선생님은,0.10470716655254364
91,decoder_masked,1,3,좋아한다,2,로봇을,0.4809029698371887
91,decoder_masked,1,3,좋아한다,3,좋아한다,0.18506547808647156
91,decoder_cross,0,0,<SOS>,0,The,0.16228313744068146
91,decoder_cross,0,0,<SOS>,1,teacher,0.0984700620174408
91,decoder_cross,0,0,<SOS>,2,likes,0.46318718791007996
91,decoder_cross,0,0,<SOS>,3,robots,0.18625769019126892
91,decoder_cross,0,0,<SOS>,4,<EOS>,0.08980203419923782
91,decoder_cross,0,1,선생님은,0,The,0.2206944227218628
91,decoder_cross,0,1,선생님은,1,teacher,0.1536141186952591
91,decoder_cross,0,1,선생님은,2,likes,0.267795205116272
91,decoder_cross,0,1,선생님은,3,robots,0.1972511261701584
91,decoder_cross,0,1,선생님은,4,<EOS>,0.16064509749412537
91,decoder_cross,0,2,로봇을,0,The,0.1448597013950348
91,decoder_cross,0,2,로봇을,1,teacher,0.1695488840341568
91,decoder_cross,0,2,로봇을,2,likes,0.30924469232559204
91,decoder_cross,0,2,로봇을,3,robots,0.2820669710636139
91,decoder_cross,0,2,로봇을,4,<EOS>,0.09427976608276367
91,decoder_cross,0,3,좋아한다,0,The,0.20940309762954712
91,decoder_cross,0,3,좋아한다,1,teacher,0.15000280737876892
91,decoder_cross,0,3,좋아한다,2,likes,0.2861126661300659
91,decoder_cross,0,3,좋아한다,3,robots,0.20531809329986572
91,decoder_cross,0,3,좋아한다,4,<EOS>,0.1491633653640747
91,decoder_cross,1,0,<SOS>,0,The,0.17457006871700287
91,decoder_cross,1,0,<SOS>,1,teacher,0.19213475286960602
91,decoder_cross,1,0,<SOS>,2,likes,0.21863128244876862
91,decoder_cross,1,0,<SOS>,3,robots,0.23439523577690125
91,decoder_cross,1,0,<SOS>,4,<EOS>,0.18026867508888245
91,decoder_cross,1,1,선생님은,0,The,0.21204790472984314
91,decoder_cross,1,1,선생님은,1,teacher,0.21698381006717682
91,decoder_cross,1,1,선생님은,2,likes,0.12417452782392502
91,decoder_cross,1,1,선생님은,3,robots,0.24032655358314514
91,decoder_cross,1,1,선생님은,4,<EOS>,0.2064671516418457
91,decoder_cross,1,2,로봇을,0,The,0.19984829425811768
91,decoder_cross,1,2,로봇을,1,teacher,0.18045179545879364
91,decoder_cross,1,2,로봇을,2,likes,0.2441719025373459
91,decoder_cross,1,2,로봇을,3,robots,0.19592684507369995
91,decoder_cross,1,2,로봇을,4,<EOS>,0.17960114777088165
91,decoder_cross,1,3,좋아한다,0,The,0.2142956703901291
91,decoder_cross,1,3,좋아한다,1,teacher,0.2159951776266098
91,decoder_cross,1,3,좋아한다,2,likes,0.1519690304994583
91,decoder_cross,1,3,좋아한다,3,robots,0.20647531747817993
91,decoder_cross,1,3,좋아한다,4,<EOS>,0.21126483380794525
92,encoder_self,0,0,The,0,The,0.29124221205711365
92,encoder_self,0,0,The,1,teacher,0.01779700256884098
92,encoder_self,0,0,The,2,likes,0.008353136479854584
92,encoder_self,0,0,The,3,robots,0.07718314975500107
92,encoder_self,0,0,The,4,<EOS>,0.6054244637489319
92,encoder_self,0,1,teacher,0,The,0.04310987889766693
92,encoder_self,0,1,teacher,1,teacher,0.32072004675865173
92,encoder_self,0,1,teacher,2,likes,0.4209742844104767
92,encoder_self,0,1,teacher,3,robots,0.044274527579545975
92,encoder_self,0,1,teacher,4,<EOS>,0.17092126607894897
92,encoder_self,0,2,likes,0,The,0.12945561110973358
92,encoder_self,0,2,likes,1,teacher,0.3825950026512146
92,encoder_self,0,2,likes,2,likes,0.09855666011571884
92,encoder_self,0,2,likes,3,robots,0.20520465075969696
92,encoder_self,0,2,likes,4,<EOS>,0.18418806791305542
92,encoder_self,0,3,robots,0,The,0.0036091934889554977
92,encoder_self,0,3,robots,1,teacher,0.08462370187044144
92,encoder_self,0,3,robots,2,likes,0.6827977895736694
92,encoder_self,0,3,robots,3,robots,0.2191949486732483
92,encoder_self,0,3,robots,4,<EOS>,0.009774299338459969
92,encoder_self,0,4,<EOS>,0,The,0.12543217837810516
92,encoder_self,0,4,<EOS>,1,teacher,0.14805129170417786
92,encoder_self,0,4,<EOS>,2,likes,0.06744914501905441
92,encoder_self,0,4,<EOS>,3,robots,0.14025399088859558
92,encoder_self,0,4,<EOS>,4,<EOS>,0.51881343126297
92,encoder_self,1,0,The,0,The,0.01654387079179287
92,encoder_self,1,0,The,1,teacher,0.00013944189413450658
92,encoder_self,1,0,The,2,likes,0.00013273180229589343
92,encoder_self,1,0,The,3,robots,0.9717862010002136
92,encoder_self,1,0,The,4,<EOS>,0.011397767812013626
92,encoder_self,1,1,teacher,0,The,0.18009914457798004
92,encoder_self,1,1,teacher,1,teacher,0.1738150417804718
92,encoder_self,1,1,teacher,2,likes,0.30483660101890564
92,encoder_self,1,1,teacher,3,robots,0.08092541992664337
92,encoder_self,1,1,teacher,4,<EOS>,0.260323703289032
92,encoder_self,1,2,likes,0,The,0.08957303315401077
92,encoder_self,1,2,likes,1,teacher,0.3116428852081299
92,encoder_self,1,2,likes,2,likes,0.4619458019733429
92,encoder_self,1,2,likes,3,robots,0.04197119548916817
92,encoder_self,1,2,likes,4,<EOS>,0.0948670506477356
92,encoder_self,1,3,robots,0,The,0.06718603521585464
92,encoder_self,1,3,robots,1,teacher,0.28611063957214355
92,encoder_self,1,3,robots,2,likes,0.32764381170272827
92,encoder_self,1,3,robots,3,robots,0.0016420276369899511
92,encoder_self,1,3,robots,4,<EOS>,0.31741756200790405
92,encoder_self,1,4,<EOS>,0,The,0.020731043070554733
92,encoder_self,1,4,<EOS>,1,teacher,0.0003694234765134752
92,encoder_self,1,4,<EOS>,2,likes,0.0005238133016973734
92,encoder_self,1,4,<EOS>,3,robots,0.9691545367240906
92,encoder_self,1,4,<EOS>,4,<EOS>,0.009221197105944157
92,decoder_masked,0,0,<SOS>,0,<SOS>,1.0
92,decoder_masked,0,0,<SOS>,1,선생님은,0.0
92,decoder_masked,0,0,<SOS>,2,로봇을,0.0
92,decoder_masked,0,0,<SOS>,3,좋아한다,0.0
92,decoder_masked,0,1,선생님은,0,<SOS>,0.8898710608482361
92,decoder_masked,0,1,선생님은,1,선생님은,0.11012895405292511
92,decoder_masked,0,1,선생님은,2,로봇을,0.0
92,decoder_masked,0,1,선생님은,3,좋아한다,0.0
92,decoder_masked,0,2,로봇을,0,<SOS>,0.2182745635509491
92,decoder_masked,0,2,로봇을,1,선생님은,0.6300475597381592
92,decoder_masked,0,2,로봇을,2,로봇을,0.15167787671089172
92,decoder_masked,0,2,로봇을,3,좋아한다,0.0
92,decoder_masked,0,3,좋아한다,0,<SOS>,0.9394184947013855
92,decoder_masked,0,3,좋아한다,1,선생님은,0.018496958538889885
92,decoder_masked,0,3,좋아한다,2,로봇을,0.024207428097724915
92,decoder_masked,0,3,좋아한다,3,좋아한다,0.017877057194709778
92,decoder_masked,1,0,<SOS>,0,<SOS>,1.0
92,decoder_masked,1,0,<SOS>,1,선생님은,0.0
92,decoder_masked,1,0,<SOS>,2,로봇을,0.0
92,decoder_masked,1,0,<SOS>,3,좋아한다,0.0
92,decoder_masked,1,1,선생님은,0,<SOS>,0.8302974700927734
92,decoder_masked,1,1,선생님은,1,선생님은,0.16970260441303253
92,decoder_masked,1,1,선생님은,2,로봇을,0.0
92,decoder_masked,1,1,선생님은,3,좋아한다,0.0
92,decoder_masked,1,2,로봇을,0,<SOS>,0.626404881477356
92,decoder_masked,1,2,로봇을,1,선생님은,0.26624011993408203
92,decoder_masked,1,2,로봇을,2,로봇을,0.10735499113798141
92,decoder_masked,1,2,로봇을,3,좋아한다,0.0
92,decoder_masked,1,3,좋아한다,0,<SOS>,0.21347160637378693
92,decoder_masked,1,3,좋아한다,1,선생님은,0.10470376908779144
92,decoder_masked,1,3,좋아한다,2,로봇을,0.49571797251701355
92,decoder_masked,1,3,좋아한다,3,좋아한다,0.1861066222190857
92,decoder_cross,0,0,<SOS>,0,The,0.15894469618797302
92,decoder_cross,0,0,<SOS>,1,teacher,0.09783811122179031
92,decoder_cross,0,0,<SOS>,2,likes,0.4673028588294983
92,decoder_cross,0,0,<SOS>,3,robots,0.18778182566165924
92,decoder_cross,0,0,<SOS>,4,<EOS>,0.08813241869211197
92,decoder_cross,0,1,선생님은,0,The,0.21896274387836456
92,decoder_cross,0,1,선생님은,1,teacher,0.15437042713165283
92,decoder_cross,0,1,선생님은,2,likes,0.26756179332733154
92,decoder_cross,0,1,선생님은,3,robots,0.1985616832971573
92,decoder_cross,0,1,선생님은,4,<EOS>,0.16054336726665497
92,decoder_cross,0,2,로봇을,0,The,0.13964499533176422
92,decoder_cross,0,2,로봇을,1,teacher,0.16800299286842346
92,decoder_cross,0,2,로봇을,2,likes,0.3154023587703705
92,decoder_cross,0,2,로봇을,3,robots,0.28602927923202515
92,decoder_cross,0,2,로봇을,4,<EOS>,0.09092028439044952
92,decoder_cross,0,3,좋아한다,0,The,0.20869261026382446
92,decoder_cross,0,3,좋아한다,1,teacher,0.15034498274326324
92,decoder_cross,0,3,좋아한다,2,likes,0.2855418026447296
92,decoder_cross,0,3,좋아한다,3,robots,0.20610447227954865
92,decoder_cross,0,3,좋아한다,4,<EOS>,0.14931607246398926
92,decoder_cross,1,0,<SOS>,0,The,0.17440275847911835
92,decoder_cross,1,0,<SOS>,1,teacher,0.19230902194976807
92,decoder_cross,1,0,<SOS>,2,likes,0.21909435093402863
92,decoder_cross,1,0,<SOS>,3,robots,0.23383505642414093
92,decoder_cross,1,0,<SOS>,4,<EOS>,0.18035888671875
92,decoder_cross,1,1,선생님은,0,The,0.21255113184452057
92,decoder_cross,1,1,선생님은,1,teacher,0.2174440175294876
92,decoder_cross,1,1,선생님은,2,likes,0.1240900382399559
92,decoder_cross,1,1,선생님은,3,robots,0.23859663307666779
92,decoder_cross,1,1,선생님은,4,<EOS>,0.20731817185878754
92,decoder_cross,1,2,로봇을,0,The,0.19914357364177704
92,decoder_cross,1,2,로봇을,1,teacher,0.18069104850292206
92,decoder_cross,1,2,로봇을,2,likes,0.2456354796886444
92,decoder_cross,1,2,로봇을,3,robots,0.1950068473815918
92,decoder_cross,1,2,로봇을,4,<EOS>,0.1795230656862259
92,decoder_cross,1,3,좋아한다,0,The,0.21471509337425232
92,decoder_cross,1,3,좋아한다,1,teacher,0.2159624993801117
92,decoder_cross,1,3,좋아한다,2,likes,0.15231774747371674
92,decoder_cross,1,3,좋아한다,3,robots,0.2053535282611847
92,decoder_cross,1,3,좋아한다,4,<EOS>,0.21165114641189575
93,encoder_self,0,0,The,0,The,0.29045191407203674
93,encoder_self,0,0,The,1,teacher,0.017872769385576248
93,encoder_self,0,0,The,2,likes,0.008717567659914494
93,encoder_self,0,0,The,3,robots,0.0788649320602417
93,encoder_self,0,0,The,4,<EOS>,0.6040928363800049
93,encoder_self,0,1,teacher,0,The,0.041902702301740646
93,encoder_self,0,1,teacher,1,teacher,0.3189040720462799
93,encoder_self,0,1,teacher,2,likes,0.4276248812675476
93,encoder_self,0,1,teacher,3,robots,0.04445778951048851
93,encoder_self,0,1,teacher,4,<EOS>,0.16711053252220154
93,encoder_self,0,2,likes,0,The,0.12972880899906158
93,encoder_self,0,2,likes,1,teacher,0.38255375623703003
93,encoder_self,0,2,likes,2,likes,0.09797443449497223
93,encoder_self,0,2,likes,3,robots,0.2051689177751541
93,encoder_self,0,2,likes,4,<EOS>,0.18457408249378204
93,encoder_self,0,3,robots,0,The,0.003578726900741458
93,encoder_self,0,3,robots,1,teacher,0.08381085842847824
93,encoder_self,0,3,robots,2,likes,0.6844847798347473
93,encoder_self,0,3,robots,3,robots,0.2184409201145172
93,encoder_self,0,3,robots,4,<EOS>,0.00968477874994278
93,encoder_self,0,4,<EOS>,0,The,0.12381508201360703
93,encoder_self,0,4,<EOS>,1,teacher,0.14871545135974884
93,encoder_self,0,4,<EOS>,2,likes,0.07017586380243301
93,encoder_self,0,4,<EOS>,3,robots,0.1430542767047882
93,encoder_self,0,4,<EOS>,4,<EOS>,0.5142393708229065
93,encoder_self,1,0,The,0,The,0.015947658568620682
93,encoder_self,1,0,The,1,teacher,0.00013778118591289967
93,encoder_self,1,0,The,2,likes,0.00013443028728943318
93,encoder_self,1,0,The,3,robots,0.9725927114486694
93,encoder_self,1,0,The,4,<EOS>,0.01118744071573019
93,encoder_self,1,1,teacher,0,The,0.1788088083267212
93,encoder_self,1,1,teacher,1,teacher,0.17419317364692688
93,encoder_self,1,1,teacher,2,likes,0.3065640926361084
93,encoder_self,1,1,teacher,3,robots,0.08082064986228943
93,encoder_self,1,1,teacher,4,<EOS>,0.2596132159233093
93,encoder_self,1,2,likes,0,The,0.09045053273439407
93,encoder_self,1,2,likes,1,teacher,0.31238123774528503
93,encoder_self,1,2,likes,2,likes,0.45981457829475403
93,encoder_self,1,2,likes,3,robots,0.04203804209828377
93,encoder_self,1,2,likes,4,<EOS>,0.09531563520431519
93,encoder_self,1,3,robots,0,The,0.06657610088586807
93,encoder_self,1,3,robots,1,teacher,0.28668278455734253
93,encoder_self,1,3,robots,2,likes,0.3291877210140228
93,encoder_self,1,3,robots,3,robots,0.0016342484159395099
93,encoder_self,1,3,robots,4,<EOS>,0.31591907143592834
93,encoder_self,1,4,<EOS>,0,The,0.020203055813908577
93,encoder_self,1,4,<EOS>,1,teacher,0.0003671938320621848
93,encoder_self,1,4,<EOS>,2,likes,0.0005301436176523566
93,encoder_self,1,4,<EOS>,3,robots,0.9697899222373962
93,encoder_self,1,4,<EOS>,4,<EOS>,0.009109724313020706
93,decoder_masked,0,0,<SOS>,0,<SOS>,1.0
93,decoder_masked,0,0,<SOS>,1,선생님은,0.0
93,decoder_masked,0,0,<SOS>,2,로봇을,0.0
93,decoder_masked,0,0,<SOS>,3,좋아한다,0.0
93,decoder_masked,0,1,선생님은,0,<SOS>,0.8770438432693481
93,decoder_masked,0,1,선생님은,1,선생님은,0.12295616418123245
93,decoder_masked,0,1,선생님은,2,로봇을,0.0
93,decoder_masked,0,1,선생님은,3,좋아한다,0.0
93,decoder_masked,0,2,로봇을,0,<SOS>,0.21036404371261597
93,decoder_masked,0,2,로봇을,1,선생님은,0.6382583975791931
93,decoder_masked,0,2,로봇을,2,로봇을,0.1513775736093521
93,decoder_masked,0,2,로봇을,3,좋아한다,0.0
93,decoder_masked,0,3,좋아한다,0,<SOS>,0.9122670888900757
93,decoder_masked,0,3,좋아한다,1,선생님은,0.02908233366906643
93,decoder_masked,0,3,좋아한다,2,로봇을,0.0313025526702404
93,decoder_masked,0,3,좋아한다,3,좋아한다,0.0273479875177145
93,decoder_masked,1,0,<SOS>,0,<SOS>,1.0
93,decoder_masked,1,0,<SOS>,1,선생님은,0.0
93,decoder_masked,1,0,<SOS>,2,로봇을,0.0
93,decoder_masked,1,0,<SOS>,3,좋아한다,0.0
93,decoder_masked,1,1,선생님은,0,<SOS>,0.8394579887390137
93,decoder_masked,1,1,선생님은,1,선생님은,0.16054204106330872
93,decoder_masked,1,1,선생님은,2,로봇을,0.0
93,decoder_masked,1,1,선생님은,3,좋아한다,0.0
93,decoder_masked,1,2,로봇을,0,<SOS>,0.6226000785827637
93,decoder_masked,1,2,로봇을,1,선생님은,0.26936832070350647
93,decoder_masked,1,2,로봇을,2,로봇을,0.10803158581256866
93,decoder_masked,1,2,로봇을,3,좋아한다,0.0
93,decoder_masked,1,3,좋아한다,0,<SOS>,0.23693913221359253
93,decoder_masked,1,3,좋아한다,1,선생님은,0.10084430128335953
93,decoder_masked,1,3,좋아한다,2,로봇을,0.48541387915611267
93,decoder_masked,1,3,좋아한다,3,좋아한다,0.17680266499519348
93,decoder_cross,0,0,<SOS>,0,The,0.1560753732919693
93,decoder_cross,0,0,<SOS>,1,teacher,0.09696412086486816
93,decoder_cross,0,0,<SOS>,2,likes,0.47227421402931213
93,decoder_cross,0,0,<SOS>,3,robots,0.18827809393405914
93,decoder_cross,0,0,<SOS>,4,<EOS>,0.08640826493501663
93,decoder_cross,0,1,선생님은,0,The,0.2173263132572174
93,decoder_cross,0,1,선생님은,1,teacher,0.15375202894210815
93,decoder_cross,0,1,선생님은,2,likes,0.2704432010650635
93,decoder_cross,0,1,선생님은,3,robots,0.19869768619537354
93,decoder_cross,0,1,선생님은,4,<EOS>,0.15978075563907623
93,decoder_cross,0,2,로봇을,0,The,0.1372714787721634
93,decoder_cross,0,2,로봇을,1,teacher,0.16710685193538666
93,decoder_cross,0,2,로봇을,2,likes,0.31867897510528564
93,decoder_cross,0,2,로봇을,3,robots,0.2877332270145416
93,decoder_cross,0,2,로봇을,4,<EOS>,0.08920953422784805
93,decoder_cross,0,3,좋아한다,0,The,0.20649929344654083
93,decoder_cross,0,3,좋아한다,1,teacher,0.15027695894241333
93,decoder_cross,0,3,좋아한다,2,likes,0.28799015283584595
93,decoder_cross,0,3,좋아한다,3,robots,0.20681512355804443
93,decoder_cross,0,3,좋아한다,4,<EOS>,0.14841853082180023
93,decoder_cross,1,0,<SOS>,0,The,0.17406344413757324
93,decoder_cross,1,0,<SOS>,1,teacher,0.1925869882106781
93,decoder_cross,1,0,<SOS>,2,likes,0.2191123217344284
93,decoder_cross,1,0,<SOS>,3,robots,0.2337394505739212
93,decoder_cross,1,0,<SOS>,4,<EOS>,0.18049770593643188
93,decoder_cross,1,1,선생님은,0,The,0.21271732449531555
93,decoder_cross,1,1,선생님은,1,teacher,0.21814987063407898
93,decoder_cross,1,1,선생님은,2,likes,0.12325764447450638
93,decoder_cross,1,1,선생님은,3,robots,0.23767852783203125
93,decoder_cross,1,1,선생님은,4,<EOS>,0.20819666981697083
93,decoder_cross,1,2,로봇을,0,The,0.19917809963226318
93,decoder_cross,1,2,로봇을,1,teacher,0.18073996901512146
93,decoder_cross,1,2,로봇을,2,likes,0.2458420842885971
93,decoder_cross,1,2,로봇을,3,robots,0.19467170536518097
93,decoder_cross,1,2,로봇을,4,<EOS>,0.1795680671930313
93,decoder_cross,1,3,좋아한다,0,The,0.21486006677150726
93,decoder_cross,1,3,좋아한다,1,teacher,0.21642769873142242
93,decoder_cross,1,3,좋아한다,2,likes,0.15215927362442017
93,decoder_cross,1,3,좋아한다,3,robots,0.20401941239833832
93,decoder_cross,1,3,좋아한다,4,<EOS>,0.21253357827663422
94,encoder_self,0,0,The,0,The,0.2911701798439026
94,encoder_self,0,0,The,1,teacher,0.0177744310349226
94,encoder_self,0,0,The,2,likes,0.008753588423132896
94,encoder_self,0,0,The,3,robots,0.07987894862890244
94,encoder_self,0,0,The,4,<EOS>,0.602422833442688
94,encoder_self,0,1,teacher,0,The,0.04145307466387749
94,encoder_self,0,1,teacher,1,teacher,0.3186798393726349
94,encoder_self,0,1,teacher,2,likes,0.42978137731552124
94,encoder_self,0,1,teacher,3,robots,0.044499918818473816
94,encoder_self,0,1,teacher,4,<EOS>,0.16558581590652466
94,encoder_self,0,2,likes,0,The,0.1300393044948578
94,encoder_self,0,2,likes,1,teacher,0.3828221261501312
94,encoder_self,0,2,likes,2,likes,0.09803307056427002
94,encoder_self,0,2,likes,3,robots,0.2040216475725174
94,encoder_self,0,2,likes,4,<EOS>,0.18508389592170715
94,encoder_self,0,3,robots,0,The,0.0035670229699462652
94,encoder_self,0,3,robots,1,teacher,0.08333922177553177
94,encoder_self,0,3,robots,2,likes,0.6816570162773132
94,encoder_self,0,3,robots,3,robots,0.22181037068367004
94,encoder_self,0,3,robots,4,<EOS>,0.009626384824514389
94,encoder_self,0,4,<EOS>,0,The,0.12360049039125443
94,encoder_self,0,4,<EOS>,1,teacher,0.14861975610256195
94,encoder_self,0,4,<EOS>,2,likes,0.07074913382530212
94,encoder_self,0,4,<EOS>,3,robots,0.144724041223526
94,encoder_self,0,4,<EOS>,4,<EOS>,0.5123065710067749
94,encoder_self,1,0,The,0,The,0.015939058735966682
94,encoder_self,1,0,The,1,teacher,0.0001394328282913193
94,encoder_self,1,0,The,2,likes,0.0001372351252939552
94,encoder_self,1,0,The,3,robots,0.9725463390350342
94,encoder_self,1,0,The,4,<EOS>,0.01123796496540308
94,encoder_self,1,1,teacher,0,The,0.1781666874885559
94,encoder_self,1,1,teacher,1,teacher,0.17440712451934814
94,encoder_self,1,1,teacher,2,likes,0.30749884247779846
94,encoder_self,1,1,teacher,3,robots,0.08064200729131699
94,encoder_self,1,1,teacher,4,<EOS>,0.25928524136543274
94,encoder_self,1,2,likes,0,The,0.09080468118190765
94,encoder_self,1,2,likes,1,teacher,0.31253427267074585
94,encoder_self,1,2,likes,2,likes,0.4589124619960785
94,encoder_self,1,2,likes,3,robots,0.04220738261938095
94,encoder_self,1,2,likes,4,<EOS>,0.09554121643304825
94,encoder_self,1,3,robots,0,The,0.0658789649605751
94,encoder_self,1,3,robots,1,teacher,0.2871042788028717
94,encoder_self,1,3,robots,2,likes,0.3313068747520447
94,encoder_self,1,3,robots,3,robots,0.0016204608837142587
94,encoder_self,1,3,robots,4,<EOS>,0.31408941745758057
94,encoder_self,1,4,<EOS>,0,The,0.02021045982837677
94,encoder_self,1,4,<EOS>,1,teacher,0.0003703843685798347
94,encoder_self,1,4,<EOS>,2,likes,0.0005378812202252448
94,encoder_self,1,4,<EOS>,3,robots,0.9697383046150208
94,encoder_self,1,4,<EOS>,4,<EOS>,0.009142921306192875
94,decoder_masked,0,0,<SOS>,0,<SOS>,1.0
94,decoder_masked,0,0,<SOS>,1,선생님은,0.0
94,decoder_masked,0,0,<SOS>,2,로봇을,0.0
94,decoder_masked,0,0,<SOS>,3,좋아한다,0.0
94,decoder_masked,0,1,선생님은,0,<SOS>,0.8726398944854736
94,decoder_masked,0,1,선생님은,1,선생님은,0.12736009061336517
94,decoder_masked,0,1,선생님은,2,로봇을,0.0
94,decoder_masked,0,1,선생님은,3,좋아한다,0.0
94,decoder_masked,0,2,로봇을,0,<SOS>,0.18621788918972015
94,decoder_masked,0,2,로봇을,1,선생님은,0.6610238552093506
94,decoder_masked,0,2,로봇을,2,로봇을,0.15275824069976807
94,decoder_masked,0,2,로봇을,3,좋아한다,0.0
94,decoder_masked,0,3,좋아한다,0,<SOS>,0.8992617726325989
94,decoder_masked,0,3,좋아한다,1,선생님은,0.034061603248119354
94,decoder_masked,0,3,좋아한다,2,로봇을,0.03474882245063782
94,decoder_masked,0,3,좋아한다,3,좋아한다,0.03192785009741783
94,decoder_masked,1,0,<SOS>,0,<SOS>,1.0
94,decoder_masked,1,0,<SOS>,1,선생님은,0.0
94,decoder_masked,1,0,<SOS>,2,로봇을,0.0
94,decoder_masked,1,0,<SOS>,3,좋아한다,0.0
94,decoder_masked,1,1,선생님은,0,<SOS>,0.853064239025116
94,decoder_masked,1,1,선생님은,1,선생님은,0.14693576097488403
94,decoder_masked,1,1,선생님은,2,로봇을,0.0
94,decoder_masked,1,1,선생님은,3,좋아한다,0.0
94,decoder_masked,1,2,로봇을,0,<SOS>,0.6555756330490112
94,decoder_masked,1,2,로봇을,1,선생님은,0.24894629418849945
94,decoder_masked,1,2,로봇을,2,로봇을,0.09547813981771469
94,decoder_masked,1,2,로봇을,3,좋아한다,0.0
94,decoder_masked,1,3,좋아한다,0,<SOS>,0.2719326615333557
94,decoder_masked,1,3,좋아한다,1,선생님은,0.09161502122879028
94,decoder_masked,1,3,좋아한다,2,로봇을,0.47547540068626404
94,decoder_masked,1,3,좋아한다,3,좋아한다,0.1609768569469452
94,decoder_cross,0,0,<SOS>,0,The,0.15299423038959503
94,decoder_cross,0,0,<SOS>,1,teacher,0.09586287289857864
94,decoder_cross,0,0,<SOS>,2,likes,0.476946622133255
94,decoder_cross,0,0,<SOS>,3,robots,0.18966667354106903
94,decoder_cross,0,0,<SOS>,4,<EOS>,0.08452954143285751
94,decoder_cross,0,1,선생님은,0,The,0.21457746624946594
94,decoder_cross,0,1,선생님은,1,teacher,0.15109539031982422
94,decoder_cross,0,1,선생님은,2,likes,0.27844515442848206
94,decoder_cross,0,1,선생님은,3,robots,0.19958433508872986
94,decoder_cross,0,1,선생님은,4,<EOS>,0.1562977284193039
94,decoder_cross,0,2,로봇을,0,The,0.13193678855895996
94,decoder_cross,0,2,로봇을,1,teacher,0.1640055626630783
94,decoder_cross,0,2,로봇을,2,likes,0.3269864618778229
94,decoder_cross,0,2,로봇을,3,robots,0.2918567955493927
94,decoder_cross,0,2,로봇을,4,<EOS>,0.08521440625190735
94,decoder_cross,0,3,좋아한다,0,The,0.20381584763526917
94,decoder_cross,0,3,좋아한다,1,teacher,0.14831021428108215
94,decoder_cross,0,3,좋아한다,2,likes,0.29453572630882263
94,decoder_cross,0,3,좋아한다,3,robots,0.20756641030311584
94,decoder_cross,0,3,좋아한다,4,<EOS>,0.1457718312740326
94,decoder_cross,1,0,<SOS>,0,The,0.17362473905086517
94,decoder_cross,1,0,<SOS>,1,teacher,0.19284352660179138
94,decoder_cross,1,0,<SOS>,2,likes,0.21949505805969238
94,decoder_cross,1,0,<SOS>,3,robots,0.23341646790504456
94,decoder_cross,1,0,<SOS>,4,<EOS>,0.18062016367912292
94,decoder_cross,1,1,선생님은,0,The,0.21254363656044006
94,decoder_cross,1,1,선생님은,1,teacher,0.2183411419391632
94,decoder_cross,1,1,선생님은,2,likes,0.12359309196472168
94,decoder_cross,1,1,선생님은,3,robots,0.2366717904806137
94,decoder_cross,1,1,선생님은,4,<EOS>,0.20885035395622253
94,decoder_cross,1,2,로봇을,0,The,0.19836676120758057
94,decoder_cross,1,2,로봇을,1,teacher,0.1809554249048233
94,decoder_cross,1,2,로봇을,2,likes,0.24754570424556732
94,decoder_cross,1,2,로봇을,3,robots,0.1934378743171692
94,decoder_cross,1,2,로봇을,4,<EOS>,0.17969420552253723
94,decoder_cross,1,3,좋아한다,0,The,0.21431055665016174
94,decoder_cross,1,3,좋아한다,1,teacher,0.21637119352817535
94,decoder_cross,1,3,좋아한다,2,likes,0.15348398685455322
94,decoder_cross,1,3,좋아한다,3,robots,0.20293793082237244
94,decoder_cross,1,3,좋아한다,4,<EOS>,0.21289627254009247
95,encoder_self,0,0,The,0,The,0.290324866771698
95,encoder_self,0,0,The,1,teacher,0.017849890515208244
95,encoder_self,0,0,The,2,likes,0.008953527547419071
95,encoder_self,0,0,The,3,robots,0.08095602691173553
95,encoder_self,0,0,The,4,<EOS>,0.601915717124939
95,encoder_self,0,1,teacher,0,The,0.040397658944129944
95,encoder_self,0,1,teacher,1,teacher,0.3171103894710541
95,encoder_self,0,1,teacher,2,likes,0.4355359673500061
95,encoder_self,0,1,teacher,3,robots,0.04471156373620033
95,encoder_self,0,1,teacher,4,<EOS>,0.16224442422389984
95,encoder_self,0,2,likes,0,The,0.1298942118883133
95,encoder_self,0,2,likes,1,teacher,0.382975310087204
95,encoder_self,0,2,likes,2,likes,0.09791475534439087
95,encoder_self,0,2,likes,3,robots,0.2042548805475235
95,encoder_self,0,2,likes,4,<EOS>,0.18496087193489075
95,encoder_self,0,3,robots,0,The,0.0035589023027569056
95,encoder_self,0,3,robots,1,teacher,0.08301549404859543
95,encoder_self,0,3,robots,2,likes,0.6824395656585693
95,encoder_self,0,3,robots,3,robots,0.22138498723506927
95,encoder_self,0,3,robots,4,<EOS>,0.00960104912519455
95,encoder_self,0,4,<EOS>,0,The,0.12238440662622452
95,encoder_self,0,4,<EOS>,1,teacher,0.14915549755096436
95,encoder_self,0,4,<EOS>,2,likes,0.07238402217626572
95,encoder_self,0,4,<EOS>,3,robots,0.14678120613098145
95,encoder_self,0,4,<EOS>,4,<EOS>,0.509294867515564
95,encoder_self,1,0,The,0,The,0.015647243708372116
95,encoder_self,1,0,The,1,teacher,0.0001406984665663913
95,encoder_self,1,0,The,2,likes,0.00013939786003902555
95,encoder_self,1,0,The,3,robots,0.9729035496711731
95,encoder_self,1,0,The,4,<EOS>,0.011169083416461945
95,encoder_self,1,1,teacher,0,The,0.17731711268424988
95,encoder_self,1,1,teacher,1,teacher,0.17473113536834717
95,encoder_self,1,1,teacher,2,likes,0.3086056709289551
95,encoder_self,1,1,teacher,3,robots,0.08066347241401672
95,encoder_self,1,1,teacher,4,<EOS>,0.2586826682090759
95,encoder_self,1,2,likes,0,The,0.09129313379526138
95,encoder_self,1,2,likes,1,teacher,0.3124730587005615
95,encoder_self,1,2,likes,2,likes,0.4581696391105652
95,encoder_self,1,2,likes,3,robots,0.04225544631481171
95,encoder_self,1,2,likes,4,<EOS>,0.09580862522125244
95,encoder_self,1,3,robots,0,The,0.06555484235286713
95,encoder_self,1,3,robots,1,teacher,0.28723105788230896
95,encoder_self,1,3,robots,2,likes,0.3324134051799774
95,encoder_self,1,3,robots,3,robots,0.0016223014099523425
95,encoder_self,1,3,robots,4,<EOS>,0.3131783604621887
95,encoder_self,1,4,<EOS>,0,The,0.019932011142373085
95,encoder_self,1,4,<EOS>,1,teacher,0.0003732037730515003
95,encoder_self,1,4,<EOS>,2,likes,0.0005445625283755362
95,encoder_self,1,4,<EOS>,3,robots,0.970048725605011
95,encoder_self,1,4,<EOS>,4,<EOS>,0.009101438336074352
95,decoder_masked,0,0,<SOS>,0,<SOS>,1.0
95,decoder_masked,0,0,<SOS>,1,선생님은,0.0
95,decoder_masked,0,0,<SOS>,2,로봇을,0.0
95,decoder_masked,0,0,<SOS>,3,좋아한다,0.0
95,decoder_masked,0,1,선생님은,0,<SOS>,0.8637841939926147
95,decoder_masked,0,1,선생님은,1,선생님은,0.13621583580970764
95,decoder_masked,0,1,선생님은,2,로봇을,0.0
95,decoder_masked,0,1,선생님은,3,좋아한다,0.0
95,decoder_masked,0,2,로봇을,0,<SOS>,0.18534263968467712
95,decoder_masked,0,2,로봇을,1,선생님은,0.6615673899650574
95,decoder_masked,0,2,로봇을,2,로봇을,0.1530899703502655
95,decoder_masked,0,2,로봇을,3,좋아한다,0.0
95,decoder_masked,0,3,좋아한다,0,<SOS>,0.896486222743988
95,decoder_masked,0,3,좋아한다,1,선생님은,0.035369690507650375
95,decoder_masked,0,3,좋아한다,2,로봇을,0.035264499485492706
95,decoder_masked,0,3,좋아한다,3,좋아한다,0.03287960961461067
95,decoder_masked,1,0,<SOS>,0,<SOS>,1.0
95,decoder_masked,1,0,<SOS>,1,선생님은,0.0
95,decoder_masked,1,0,<SOS>,2,로봇을,0.0
95,decoder_masked,1,0,<SOS>,3,좋아한다,0.0
95,decoder_masked,1,1,선생님은,0,<SOS>,0.8744661808013916
95,decoder_masked,1,1,선생님은,1,선생님은,0.1255338340997696
95,decoder_masked,1,1,선생님은,2,로봇을,0.0
95,decoder_masked,1,1,선생님은,3,좋아한다,0.0
95,decoder_masked,1,2,로봇을,0,<SOS>,0.6500642895698547
95,decoder_masked,1,2,로봇을,1,선생님은,0.2535058856010437
95,decoder_masked,1,2,로봇을,2,로봇을,0.09642976522445679
95,decoder_masked,1,2,로봇을,3,좋아한다,0.0
95,decoder_masked,1,3,좋아한다,0,<SOS>,0.30302172899246216
95,decoder_masked,1,3,좋아한다,1,선생님은,0.08436307311058044
95,decoder_masked,1,3,좋아한다,2,로봇을,0.4576553702354431
95,decoder_masked,1,3,좋아한다,3,좋아한다,0.15495982766151428
95,decoder_cross,0,0,<SOS>,0,The,0.15262366831302643
95,decoder_cross,0,0,<SOS>,1,teacher,0.09566862136125565
95,decoder_cross,0,0,<SOS>,2,likes,0.47839945554733276
95,decoder_cross,0,0,<SOS>,3,robots,0.18865346908569336
95,decoder_cross,0,0,<SOS>,4,<EOS>,0.08465482294559479
95,decoder_cross,0,1,선생님은,0,The,0.2136603146791458
95,decoder_cross,0,1,선생님은,1,teacher,0.14924359321594238
95,decoder_cross,0,1,선생님은,2,likes,0.2834310829639435
95,decoder_cross,0,1,선생님은,3,robots,0.19771189987659454
95,decoder_cross,0,1,선생님은,4,<EOS>,0.15595310926437378
95,decoder_cross,0,2,로봇을,0,The,0.13090923428535461
95,decoder_cross,0,2,로봇을,1,teacher,0.16315093636512756
95,decoder_cross,0,2,로봇을,2,likes,0.3298483192920685
95,decoder_cross,0,2,로봇을,3,robots,0.2916445732116699
95,decoder_cross,0,2,로봇을,4,<EOS>,0.08444693684577942
95,decoder_cross,0,3,좋아한다,0,The,0.20216314494609833
95,decoder_cross,0,3,좋아한다,1,teacher,0.14771118760108948
95,decoder_cross,0,3,좋아한다,2,likes,0.29788315296173096
95,decoder_cross,0,3,좋아한다,3,robots,0.20728997886180878
95,decoder_cross,0,3,좋아한다,4,<EOS>,0.14495250582695007
95,decoder_cross,1,0,<SOS>,0,The,0.17331302165985107
95,decoder_cross,1,0,<SOS>,1,teacher,0.19292177259922028
95,decoder_cross,1,0,<SOS>,2,likes,0.22032687067985535
95,decoder_cross,1,0,<SOS>,3,robots,0.23263034224510193
95,decoder_cross,1,0,<SOS>,4,<EOS>,0.18080803751945496
95,decoder_cross,1,1,선생님은,0,The,0.211615189909935
95,decoder_cross,1,1,선생님은,1,teacher,0.2188766747713089
95,decoder_cross,1,1,선생님은,2,likes,0.12441914528608322
95,decoder_cross,1,1,선생님은,3,robots,0.2356821447610855
95,decoder_cross,1,1,선생님은,4,<EOS>,0.20940695703029633
95,decoder_cross,1,2,로봇을,0,The,0.19806529581546783
95,decoder_cross,1,2,로봇을,1,teacher,0.18080246448516846
95,decoder_cross,1,2,로봇을,2,likes,0.24846236407756805
95,decoder_cross,1,2,로봇을,3,robots,0.1930854320526123
95,decoder_cross,1,2,로봇을,4,<EOS>,0.1795845776796341
95,decoder_cross,1,3,좋아한다,0,The,0.21377797424793243
95,decoder_cross,1,3,좋아한다,1,teacher,0.2168291062116623
95,decoder_cross,1,3,좋아한다,2,likes,0.1537063717842102
95,decoder_cross,1,3,좋아한다,3,robots,0.20230959355831146
95,decoder_cross,1,3,좋아한다,4,<EOS>,0.2133769392967224
96,encoder_self,0,0,The,0,The,0.2902820110321045
96,encoder_self,0,0,The,1,teacher,0.017845112830400467
96,encoder_self,0,0,The,2,likes,0.008940350264310837
96,encoder_self,0,0,The,3,robots,0.08089645206928253
96,encoder_self,0,0,The,4,<EOS>,0.6020360589027405
96,encoder_self,0,1,teacher,0,The,0.040444012731313705
96,encoder_self,0,1,teacher,1,teacher,0.3173578083515167
96,encoder_self,0,1,teacher,2,likes,0.43505677580833435
96,encoder_self,0,1,teacher,3,robots,0.044685591012239456
96,encoder_self,0,1,teacher,4,<EOS>,0.16245578229427338
96,encoder_self,0,2,likes,0,The,0.12984232604503632
96,encoder_self,0,2,likes,1,teacher,0.3829606771469116
96,encoder_self,0,2,likes,2,likes,0.09800288826227188
96,encoder_self,0,2,likes,3,robots,0.2042934149503708
96,encoder_self,0,2,likes,4,<EOS>,0.18490070104599
96,encoder_self,0,3,robots,0,The,0.0035731415264308453
96,encoder_self,0,3,robots,1,teacher,0.08318809419870377
96,encoder_self,0,3,robots,2,likes,0.6820920705795288
96,encoder_self,0,3,robots,3,robots,0.22151723504066467
96,encoder_self,0,3,robots,4,<EOS>,0.009629406034946442
96,encoder_self,0,4,<EOS>,0,The,0.12250103801488876
96,encoder_self,0,4,<EOS>,1,teacher,0.14904271066188812
96,encoder_self,0,4,<EOS>,2,likes,0.0721534937620163
96,encoder_self,0,4,<EOS>,3,robots,0.1465872824192047
96,encoder_self,0,4,<EOS>,4,<EOS>,0.5097154378890991
96,encoder_self,1,0,The,0,The,0.015452206134796143
96,encoder_self,1,0,The,1,teacher,0.0001405569928465411
96,encoder_self,1,0,The,2,likes,0.00014089990872889757
96,encoder_self,1,0,The,3,robots,0.9731894731521606
96,encoder_self,1,0,The,4,<EOS>,0.011076797731220722
96,encoder_self,1,1,teacher,0,The,0.17705850303173065
96,encoder_self,1,1,teacher,1,teacher,0.17488467693328857
96,encoder_self,1,1,teacher,2,likes,0.3089648485183716
96,encoder_self,1,1,teacher,3,robots,0.08048074692487717
96,encoder_self,1,1,teacher,4,<EOS>,0.25861120223999023
96,encoder_self,1,2,likes,0,The,0.09164106845855713
96,encoder_self,1,2,likes,1,teacher,0.31277862191200256
96,encoder_self,1,2,likes,2,likes,0.45725908875465393
96,encoder_self,1,2,likes,3,robots,0.04225257411599159
96,encoder_self,1,2,likes,4,<EOS>,0.09606864303350449
96,encoder_self,1,3,robots,0,The,0.06556972116231918
96,encoder_self,1,3,robots,1,teacher,0.2873665988445282
96,encoder_self,1,3,robots,2,likes,0.3320671319961548
96,encoder_self,1,3,robots,3,robots,0.001626733224838972
96,encoder_self,1,3,robots,4,<EOS>,0.31336987018585205
96,encoder_self,1,4,<EOS>,0,The,0.01977541297674179
96,encoder_self,1,4,<EOS>,1,teacher,0.00037299952236935496
96,encoder_self,1,4,<EOS>,2,likes,0.0005485248402692378
96,encoder_self,1,4,<EOS>,3,robots,0.9702500104904175
96,encoder_self,1,4,<EOS>,4,<EOS>,0.00905305240303278
96,decoder_masked,0,0,<SOS>,0,<SOS>,1.0
96,decoder_masked,0,0,<SOS>,1,선생님은,0.0
96,decoder_masked,0,0,<SOS>,2,로봇을,0.0
96,decoder_masked,0,0,<SOS>,3,좋아한다,0.0
96,decoder_masked,0,1,선생님은,0,<SOS>,0.8721354007720947
96,decoder_masked,0,1,선생님은,1,선생님은,0.12786464393138885
96,decoder_masked,0,1,선생님은,2,로봇을,0.0
96,decoder_masked,0,1,선생님은,3,좋아한다,0.0
96,decoder_masked,0,2,로봇을,0,<SOS>,0.16908106207847595
96,decoder_masked,0,2,로봇을,1,선생님은,0.6700398325920105
96,decoder_masked,0,2,로봇을,2,로봇을,0.16087909042835236
96,decoder_masked,0,2,로봇을,3,좋아한다,0.0
96,decoder_masked,0,3,좋아한다,0,<SOS>,0.8955199122428894
96,decoder_masked,0,3,좋아한다,1,선생님은,0.03540772199630737
96,decoder_masked,0,3,좋아한다,2,로봇을,0.03592589125037193
96,decoder_masked,0,3,좋아한다,3,좋아한다,0.03314642235636711
96,decoder_masked,1,0,<SOS>,0,<SOS>,1.0
96,decoder_masked,1,0,<SOS>,1,선생님은,0.0
96,decoder_masked,1,0,<SOS>,2,로봇을,0.0
96,decoder_masked,1,0,<SOS>,3,좋아한다,0.0
96,decoder_masked,1,1,선생님은,0,<SOS>,0.8738554120063782
96,decoder_masked,1,1,선생님은,1,선생님은,0.12614460289478302
96,decoder_masked,1,1,선생님은,2,로봇을,0.0
96,decoder_masked,1,1,선생님은,3,좋아한다,0.0
96,decoder_masked,1,2,로봇을,0,<SOS>,0.6060310006141663
96,decoder_masked,1,2,로봇을,1,선생님은,0.28592449426651
96,decoder_masked,1,2,로봇을,2,로봇을,0.10804455727338791
96,decoder_masked,1,2,로봇을,3,좋아한다,0.0
96,decoder_masked,1,3,좋아한다,0,<SOS>,0.3052110970020294
96,decoder_masked,1,3,좋아한다,1,선생님은,0.08505668491125107
96,decoder_masked,1,3,좋아한다,2,로봇을,0.45616042613983154
96,decoder_masked,1,3,좋아한다,3,좋아한다,0.15357185900211334
96,decoder_cross,0,0,<SOS>,0,The,0.1521720290184021
96,decoder_cross,0,0,<SOS>,1,teacher,0.09514795988798141
96,decoder_cross,0,0,<SOS>,2,likes,0.47988107800483704
96,decoder_cross,0,0,<SOS>,3,robots,0.18844261765480042
96,decoder_cross,0,0,<SOS>,4,<EOS>,0.084356389939785
96,decoder_cross,0,1,선생님은,0,The,0.21405397355556488
96,decoder_cross,0,1,선생님은,1,teacher,0.14900484681129456
96,decoder_cross,0,1,선생님은,2,likes,0.283084511756897
96,decoder_cross,0,1,선생님은,3,robots,0.19763578474521637
96,decoder_cross,0,1,선생님은,4,<EOS>,0.1562209129333496
96,decoder_cross,0,2,로봇을,0,The,0.13307976722717285
96,decoder_cross,0,2,로봇을,1,teacher,0.16600774228572845
96,decoder_cross,0,2,로봇을,2,likes,0.3221130967140198
96,decoder_cross,0,2,로봇을,3,robots,0.29191312193870544
96,decoder_cross,0,2,로봇을,4,<EOS>,0.08688630908727646
96,decoder_cross,0,3,좋아한다,0,The,0.2020799070596695
96,decoder_cross,0,3,좋아한다,1,teacher,0.14834442734718323
96,decoder_cross,0,3,좋아한다,2,likes,0.296352744102478
96,decoder_cross,0,3,좋아한다,3,robots,0.20754191279411316
96,decoder_cross,0,3,좋아한다,4,<EOS>,0.1456809937953949
96,decoder_cross,1,0,<SOS>,0,The,0.1724870651960373
96,decoder_cross,1,0,<SOS>,1,teacher,0.19225861132144928
96,decoder_cross,1,0,<SOS>,2,likes,0.22316451370716095
96,decoder_cross,1,0,<SOS>,3,robots,0.23197680711746216
96,decoder_cross,1,0,<SOS>,4,<EOS>,0.18011297285556793
96,decoder_cross,1,1,선생님은,0,The,0.21139484643936157
96,decoder_cross,1,1,선생님은,1,teacher,0.21901938319206238
96,decoder_cross,1,1,선생님은,2,likes,0.1250144988298416
96,decoder_cross,1,1,선생님은,3,robots,0.23528963327407837
96,decoder_cross,1,1,선생님은,4,<EOS>,0.20928169786930084
96,decoder_cross,1,2,로봇을,0,The,0.19815178215503693
96,decoder_cross,1,2,로봇을,1,teacher,0.18010862171649933
96,decoder_cross,1,2,로봇을,2,likes,0.2503722608089447
96,decoder_cross,1,2,로봇을,3,robots,0.1921144425868988
96,decoder_cross,1,2,로봇을,4,<EOS>,0.17925292253494263
96,decoder_cross,1,3,좋아한다,0,The,0.2135244607925415
96,decoder_cross,1,3,좋아한다,1,teacher,0.2166302502155304
96,decoder_cross,1,3,좋아한다,2,likes,0.1552305370569229
96,decoder_cross,1,3,좋아한다,3,robots,0.2013503909111023
96,decoder_cross,1,3,좋아한다,4,<EOS>,0.21326428651809692
97,encoder_self,0,0,The,0,The,0.29114219546318054
97,encoder_self,0,0,The,1,teacher,0.01767507940530777
97,encoder_self,0,0,The,2,likes,0.008805927820503712
97,encoder_self,0,0,The,3,robots,0.08048741519451141
97,encoder_self,0,0,The,4,<EOS>,0.6018893122673035
97,encoder_self,0,1,teacher,0,The,0.04027875140309334
97,encoder_self,0,1,teacher,1,teacher,0.3170150816440582
97,encoder_self,0,1,teacher,2,likes,0.4361381232738495
97,encoder_self,0,1,teacher,3,robots,0.044623564928770065
97,encoder_self,0,1,teacher,4,<EOS>,0.16194455325603485
97,encoder_self,0,2,likes,0,The,0.12909477949142456
97,encoder_self,0,2,likes,1,teacher,0.3837359845638275
97,encoder_self,0,2,likes,2,likes,0.09868493676185608
97,encoder_self,0,2,likes,3,robots,0.20428109169006348
97,encoder_self,0,2,likes,4,<EOS>,0.1842031180858612
97,encoder_self,0,3,robots,0,The,0.003605674486607313
97,encoder_self,0,3,robots,1,teacher,0.08338911831378937
97,encoder_self,0,3,robots,2,likes,0.6809650659561157
97,encoder_self,0,3,robots,3,robots,0.2223450392484665
97,encoder_self,0,3,robots,4,<EOS>,0.009695065207779408
97,encoder_self,0,4,<EOS>,0,The,0.1229574978351593
97,encoder_self,0,4,<EOS>,1,teacher,0.1483469307422638
97,encoder_self,0,4,<EOS>,2,likes,0.07162128388881683
97,encoder_self,0,4,<EOS>,3,robots,0.14645524322986603
97,encoder_self,0,4,<EOS>,4,<EOS>,0.5106191039085388
97,encoder_self,1,0,The,0,The,0.015303724445402622
97,encoder_self,1,0,The,1,teacher,0.00014134059892967343
97,encoder_self,1,0,The,2,likes,0.00014204109902493656
97,encoder_self,1,0,The,3,robots,0.9733885526657104
97,encoder_self,1,0,The,4,<EOS>,0.011024278588593006
97,encoder_self,1,1,teacher,0,The,0.17669424414634705
97,encoder_self,1,1,teacher,1,teacher,0.1750539392232895
97,encoder_self,1,1,teacher,2,likes,0.30954745411872864
97,encoder_self,1,1,teacher,3,robots,0.08037298917770386
97,encoder_self,1,1,teacher,4,<EOS>,0.25833138823509216
97,encoder_self,1,2,likes,0,The,0.09195179492235184
97,encoder_self,1,2,likes,1,teacher,0.31265169382095337
97,encoder_self,1,2,likes,2,likes,0.4568272829055786
97,encoder_self,1,2,likes,3,robots,0.042286135256290436
97,encoder_self,1,2,likes,4,<EOS>,0.09628303349018097
97,encoder_self,1,3,robots,0,The,0.06541113555431366
97,encoder_self,1,3,robots,1,teacher,0.28751081228256226
97,encoder_self,1,3,robots,2,likes,0.3326485753059387
97,encoder_self,1,3,robots,3,robots,0.0016260328702628613
97,encoder_self,1,3,robots,4,<EOS>,0.3128035068511963
97,encoder_self,1,4,<EOS>,0,The,0.019662706181406975
97,encoder_self,1,4,<EOS>,1,teacher,0.00037467441870830953
97,encoder_self,1,4,<EOS>,2,likes,0.0005515569937415421
97,encoder_self,1,4,<EOS>,3,robots,0.9703785181045532
97,encoder_self,1,4,<EOS>,4,<EOS>,0.009032473899424076
97,decoder_masked,0,0,<SOS>,0,<SOS>,1.0
97,decoder_masked,0,0,<SOS>,1,선생님은,0.0
97,decoder_masked,0,0,<SOS>,2,로봇을,0.0
97,decoder_masked,0,0,<SOS>,3,좋아한다,0.0
97,decoder_masked,0,1,선생님은,0,<SOS>,0.8763503432273865
97,decoder_masked,0,1,선생님은,1,선생님은,0.12364962697029114
97,decoder_masked,0,1,선생님은,2,로봇을,0.0
97,decoder_masked,0,1,선생님은,3,좋아한다,0.0
97,decoder_masked,0,2,로봇을,0,<SOS>,0.1745520681142807
97,decoder_masked,0,2,로봇을,1,선생님은,0.663334846496582
97,decoder_masked,0,2,로봇을,2,로봇을,0.16211311519145966
97,decoder_masked,0,2,로봇을,3,좋아한다,0.0
97,decoder_masked,0,3,좋아한다,0,<SOS>,0.897000789642334
97,decoder_masked,0,3,좋아한다,1,선생님은,0.03483608737587929
97,decoder_masked,0,3,좋아한다,2,로봇을,0.03556293994188309
97,decoder_masked,0,3,좋아한다,3,좋아한다,0.03260005638003349
97,decoder_masked,1,0,<SOS>,0,<SOS>,1.0
97,decoder_masked,1,0,<SOS>,1,선생님은,0.0
97,decoder_masked,1,0,<SOS>,2,로봇을,0.0
97,decoder_masked,1,0,<SOS>,3,좋아한다,0.0
97,decoder_masked,1,1,선생님은,0,<SOS>,0.8706328868865967
97,decoder_masked,1,1,선생님은,1,선생님은,0.12936711311340332
97,decoder_masked,1,1,선생님은,2,로봇을,0.0
97,decoder_masked,1,1,선생님은,3,좋아한다,0.0
97,decoder_masked,1,2,로봇을,0,<SOS>,0.5984841585159302
97,decoder_masked,1,2,로봇을,1,선생님은,0.29173627495765686
97,decoder_masked,1,2,로봇을,2,로봇을,0.10977952927350998
97,decoder_masked,1,2,로봇을,3,좋아한다,0.0
97,decoder_masked,1,3,좋아한다,0,<SOS>,0.30272871255874634
97,decoder_masked,1,3,좋아한다,1,선생님은,0.08574815839529037
97,decoder_masked,1,3,좋아한다,2,로봇을,0.4577770531177521
97,decoder_masked,1,3,좋아한다,3,좋아한다,0.15374605357646942
97,decoder_cross,0,0,<SOS>,0,The,0.151503324508667
97,decoder_cross,0,0,<SOS>,1,teacher,0.09523705393075943
97,decoder_cross,0,0,<SOS>,2,likes,0.4803025424480438
97,decoder_cross,0,0,<SOS>,3,robots,0.18887250125408173
97,decoder_cross,0,0,<SOS>,4,<EOS>,0.08408460021018982
97,decoder_cross,0,1,선생님은,0,The,0.21326828002929688
97,decoder_cross,0,1,선생님은,1,teacher,0.15036113560199738
97,decoder_cross,0,1,선생님은,2,likes,0.28115737438201904
97,decoder_cross,0,1,선생님은,3,robots,0.19862423837184906
97,decoder_cross,0,1,선생님은,4,<EOS>,0.15658891201019287
97,decoder_cross,0,2,로봇을,0,The,0.1329028457403183
97,decoder_cross,0,2,로봇을,1,teacher,0.1679234504699707
97,decoder_cross,0,2,로봇을,2,likes,0.3186991214752197
97,decoder_cross,0,2,로봇을,3,robots,0.2930685579776764
97,decoder_cross,0,2,로봇을,4,<EOS>,0.08740599453449249
97,decoder_cross,0,3,좋아한다,0,The,0.20157012343406677
97,decoder_cross,0,3,좋아한다,1,teacher,0.14950837194919586
97,decoder_cross,0,3,좋아한다,2,likes,0.29452842473983765
97,decoder_cross,0,3,좋아한다,3,robots,0.20820337533950806
97,decoder_cross,0,3,좋아한다,4,<EOS>,0.14618971943855286
97,decoder_cross,1,0,<SOS>,0,The,0.17190352082252502
97,decoder_cross,1,0,<SOS>,1,teacher,0.19171229004859924
97,decoder_cross,1,0,<SOS>,2,likes,0.22562801837921143
97,decoder_cross,1,0,<SOS>,3,robots,0.2311243712902069
97,decoder_cross,1,0,<SOS>,4,<EOS>,0.179631769657135
97,decoder_cross,1,1,선생님은,0,The,0.21123585104942322
97,decoder_cross,1,1,선생님은,1,teacher,0.21917487680912018
97,decoder_cross,1,1,선생님은,2,likes,0.1256209909915924
97,decoder_cross,1,1,선생님은,3,robots,0.23465882241725922
97,decoder_cross,1,1,선생님은,4,<EOS>,0.2093094140291214
97,decoder_cross,1,2,로봇을,0,The,0.19792111217975616
97,decoder_cross,1,2,로봇을,1,teacher,0.17980435490608215
97,decoder_cross,1,2,로봇을,2,likes,0.2518216669559479
97,decoder_cross,1,2,로봇을,3,robots,0.19141115248203278
97,decoder_cross,1,2,로봇을,4,<EOS>,0.17904168367385864
97,decoder_cross,1,3,좋아한다,0,The,0.2133050262928009
97,decoder_cross,1,3,좋아한다,1,teacher,0.21649974584579468
97,decoder_cross,1,3,좋아한다,2,likes,0.15641427040100098
97,decoder_cross,1,3,좋아한다,3,robots,0.2005845606327057
97,decoder_cross,1,3,좋아한다,4,<EOS>,0.21319645643234253
98,encoder_self,0,0,The,0,The,0.2916678488254547
98,encoder_self,0,0,The,1,teacher,0.017558816820383072
98,encoder_self,0,0,The,2,likes,0.008682391606271267
98,encoder_self,0,0,The,3,robots,0.0802086889743805
98,encoder_self,0,0,The,4,<EOS>,0.6018822193145752
98,encoder_self,0,1,teacher,0,The,0.04044181853532791
98,encoder_self,0,1,teacher,1,teacher,0.3170563876628876
98,encoder_self,0,1,teacher,2,likes,0.43531370162963867
98,encoder_self,0,1,teacher,3,robots,0.044697195291519165
98,encoder_self,0,1,teacher,4,<EOS>,0.16249090433120728
98,encoder_self,0,2,likes,0,The,0.12887558341026306
98,encoder_self,0,2,likes,1,teacher,0.3839126229286194
98,encoder_self,0,2,likes,2,likes,0.09897167235612869
98,encoder_self,0,2,likes,3,robots,0.20425920188426971
98,encoder_self,0,2,likes,4,<EOS>,0.18398095667362213
98,encoder_self,0,3,robots,0,The,0.0036182557232677937
98,encoder_self,0,3,robots,1,teacher,0.0835365355014801
98,encoder_self,0,3,robots,2,likes,0.6803979277610779
98,encoder_self,0,3,robots,3,robots,0.22272677719593048
98,encoder_self,0,3,robots,4,<EOS>,0.00972052849829197
98,encoder_self,0,4,<EOS>,0,The,0.1234029233455658
98,encoder_self,0,4,<EOS>,1,teacher,0.14775429666042328
98,encoder_self,0,4,<EOS>,2,likes,0.07091735303401947
98,encoder_self,0,4,<EOS>,3,robots,0.1462923288345337
98,encoder_self,0,4,<EOS>,4,<EOS>,0.5116330981254578
98,encoder_self,1,0,The,0,The,0.015269267372786999
98,encoder_self,1,0,The,1,teacher,0.00014152974472381175
98,encoder_self,1,0,The,2,likes,0.0001410395634593442
98,encoder_self,1,0,The,3,robots,0.9734780192375183
98,encoder_self,1,0,The,4,<EOS>,0.010970129631459713
98,encoder_self,1,1,teacher,0,The,0.17669826745986938
98,encoder_self,1,1,teacher,1,teacher,0.1751205325126648
98,encoder_self,1,1,teacher,2,likes,0.3094881772994995
98,encoder_self,1,1,teacher,3,robots,0.08039730787277222
98,encoder_self,1,1,teacher,4,<EOS>,0.2582956850528717
98,encoder_self,1,2,likes,0,The,0.09186052531003952
98,encoder_self,1,2,likes,1,teacher,0.3122698962688446
98,encoder_self,1,2,likes,2,likes,0.4574092626571655
98,encoder_self,1,2,likes,3,robots,0.042193204164505005
98,encoder_self,1,2,likes,4,<EOS>,0.09626714885234833
98,encoder_self,1,3,robots,0,The,0.06539512425661087
98,encoder_self,1,3,robots,1,teacher,0.2874131202697754
98,encoder_self,1,3,robots,2,likes,0.33274054527282715
98,encoder_self,1,3,robots,3,robots,0.001625974546186626
98,encoder_self,1,3,robots,4,<EOS>,0.3128252327442169
98,encoder_self,1,4,<EOS>,0,The,0.019628459587693214
98,encoder_self,1,4,<EOS>,1,teacher,0.0003750056785065681
98,encoder_self,1,4,<EOS>,2,likes,0.0005485677975229919
98,encoder_self,1,4,<EOS>,3,robots,0.9704499244689941
98,encoder_self,1,4,<EOS>,4,<EOS>,0.008998016826808453
98,decoder_masked,0,0,<SOS>,0,<SOS>,1.0
98,decoder_masked,0,0,<SOS>,1,선생님은,0.0
98,decoder_masked,0,0,<SOS>,2,로봇을,0.0
98,decoder_masked,0,0,<SOS>,3,좋아한다,0.0
98,decoder_masked,0,1,선생님은,0,<SOS>,0.8898230195045471
98,decoder_masked,0,1,선생님은,1,선생님은,0.11017699539661407
98,decoder_masked,0,1,선생님은,2,로봇을,0.0
98,decoder_masked,0,1,선생님은,3,좋아한다,0.0
98,decoder_masked,0,2,로봇을,0,<SOS>,0.155038520693779
98,decoder_masked,0,2,로봇을,1,선생님은,0.6748055219650269
98,decoder_masked,0,2,로봇을,2,로봇을,0.17015592753887177
98,decoder_masked,0,2,로봇을,3,좋아한다,0.0
98,decoder_masked,0,3,좋아한다,0,<SOS>,0.8972499966621399
98,decoder_masked,0,3,좋아한다,1,선생님은,0.0344667062163353
98,decoder_masked,0,3,좋아한다,2,로봇을,0.03582363203167915
98,decoder_masked,0,3,좋아한다,3,좋아한다,0.032459598034620285
98,decoder_masked,1,0,<SOS>,0,<SOS>,1.0
98,decoder_masked,1,0,<SOS>,1,선생님은,0.0
98,decoder_masked,1,0,<SOS>,2,로봇을,0.0
98,decoder_masked,1,0,<SOS>,3,좋아한다,0.0
98,decoder_masked,1,1,선생님은,0,<SOS>,0.8698316812515259
98,decoder_masked,1,1,선생님은,1,선생님은,0.13016828894615173
98,decoder_masked,1,1,선생님은,2,로봇을,0.0
98,decoder_masked,1,1,선생님은,3,좋아한다,0.0
98,decoder_masked,1,2,로봇을,0,<SOS>,0.5442227721214294
98,decoder_masked,1,2,로봇을,1,선생님은,0.3347361981868744
98,decoder_masked,1,2,로봇을,2,로봇을,0.12104105204343796
98,decoder_masked,1,2,로봇을,3,좋아한다,0.0
98,decoder_masked,1,3,좋아한다,0,<SOS>,0.2950943410396576
98,decoder_masked,1,3,좋아한다,1,선생님은,0.08837227523326874
98,decoder_masked,1,3,좋아한다,2,로봇을,0.46302229166030884
98,decoder_masked,1,3,좋아한다,3,좋아한다,0.15351110696792603
98,decoder_cross,0,0,<SOS>,0,The,0.15231147408485413
98,decoder_cross,0,0,<SOS>,1,teacher,0.09581419825553894
98,decoder_cross,0,0,<SOS>,2,likes,0.47820815443992615
98,decoder_cross,0,0,<SOS>,3,robots,0.18882322311401367
98,decoder_cross,0,0,<SOS>,4,<EOS>,0.08484300225973129
98,decoder_cross,0,1,선생님은,0,The,0.21390460431575775
98,decoder_cross,0,1,선생님은,1,teacher,0.15150682628154755
98,decoder_cross,0,1,선생님은,2,likes,0.2780244052410126
98,decoder_cross,0,1,선생님은,3,robots,0.19850677251815796
98,decoder_cross,0,1,선생님은,4,<EOS>,0.1580573171377182
98,decoder_cross,0,2,로봇을,0,The,0.13610893487930298
98,decoder_cross,0,2,로봇을,1,teacher,0.17159990966320038
98,decoder_cross,0,2,로봇을,2,likes,0.3094255030155182
98,decoder_cross,0,2,로봇을,3,robots,0.292074054479599
98,decoder_cross,0,2,로봇을,4,<EOS>,0.09079158306121826
98,decoder_cross,0,3,좋아한다,0,The,0.20256470143795013
98,decoder_cross,0,3,좋아한다,1,teacher,0.1505255550146103
98,decoder_cross,0,3,좋아한다,2,likes,0.29128870368003845
98,decoder_cross,0,3,좋아한다,3,robots,0.2079220414161682
98,decoder_cross,0,3,좋아한다,4,<EOS>,0.14769908785820007
98,decoder_cross,1,0,<SOS>,0,The,0.17181262373924255
98,decoder_cross,1,0,<SOS>,1,teacher,0.1916680783033371
98,decoder_cross,1,0,<SOS>,2,likes,0.22624777257442474
98,decoder_cross,1,0,<SOS>,3,robots,0.2306860387325287
98,decoder_cross,1,0,<SOS>,4,<EOS>,0.17958545684814453
98,decoder_cross,1,1,선생님은,0,The,0.21114489436149597
98,decoder_cross,1,1,선생님은,1,teacher,0.21923504769802094
98,decoder_cross,1,1,선생님은,2,likes,0.12602940201759338
98,decoder_cross,1,1,선생님은,3,robots,0.23427945375442505
98,decoder_cross,1,1,선생님은,4,<EOS>,0.20931118726730347
98,decoder_cross,1,2,로봇을,0,The,0.1987212598323822
98,decoder_cross,1,2,로봇을,1,teacher,0.1796180158853531
98,decoder_cross,1,2,로봇을,2,likes,0.25150197744369507
98,decoder_cross,1,2,로봇을,3,robots,0.19101674854755402
98,decoder_cross,1,2,로봇을,4,<EOS>,0.17914201319217682
98,decoder_cross,1,3,좋아한다,0,The,0.21337780356407166
98,decoder_cross,1,3,좋아한다,1,teacher,0.21641914546489716
98,decoder_cross,1,3,좋아한다,2,likes,0.15670663118362427
98,decoder_cross,1,3,좋아한다,3,robots,0.20033006370067596
98,decoder_cross,1,3,좋아한다,4,<EOS>,0.21316634118556976
99,encoder_self,0,0,The,0,The,0.29134896397590637
99,encoder_self,0,0,The,1,teacher,0.017593465745449066
99,encoder_self,0,0,The,2,likes,0.008707656525075436
99,encoder_self,0,0,The,3,robots,0.08037644624710083
99,encoder_self,0,0,The,4,<EOS>,0.6019734144210815
99,encoder_self,0,1,teacher,0,The,0.0409381128847599
99,encoder_self,0,1,teacher,1,teacher,0.31683245301246643
99,encoder_self,0,1,teacher,2,likes,0.4336860179901123
99,encoder_self,0,1,teacher,3,robots,0.044689830392599106
99,encoder_self,0,1,teacher,4,<EOS>,0.16385355591773987
99,encoder_self,0,2,likes,0,The,0.12915858626365662
99,encoder_self,0,2,likes,1,teacher,0.38364535570144653
99,encoder_self,0,2,likes,2,likes,0.09890235960483551
99,encoder_self,0,2,likes,3,robots,0.20412497222423553
99,encoder_self,0,2,likes,4,<EOS>,0.1841687560081482
99,encoder_self,0,3,robots,0,The,0.0036145870108157396
99,encoder_self,0,3,robots,1,teacher,0.0835535079240799
99,encoder_self,0,3,robots,2,likes,0.6803280115127563
99,encoder_self,0,3,robots,3,robots,0.2227838933467865
99,encoder_self,0,3,robots,4,<EOS>,0.00971995573490858
99,encoder_self,0,4,<EOS>,0,The,0.12362653017044067
99,encoder_self,0,4,<EOS>,1,teacher,0.14750225841999054
99,encoder_self,0,4,<EOS>,2,likes,0.07075455784797668
99,encoder_self,0,4,<EOS>,3,robots,0.14606796205043793
99,encoder_self,0,4,<EOS>,4,<EOS>,0.5120487213134766
99,encoder_self,1,0,The,0,The,0.015390011481940746
99,encoder_self,1,0,The,1,teacher,0.0001405494986101985
99,encoder_self,1,0,The,2,likes,0.0001394050632370636
99,encoder_self,1,0,The,3,robots,0.9732786417007446
99,encoder_self,1,0,The,4,<EOS>,0.011051422916352749
99,encoder_self,1,1,teacher,0,The,0.1763714998960495
99,encoder_self,1,1,teacher,1,teacher,0.17527101933956146
99,encoder_self,1,1,teacher,2,likes,0.3100363612174988
99,encoder_self,1,1,teacher,3,robots,0.08028218895196915
99,encoder_self,1,1,teacher,4,<EOS>,0.2580389082431793
99,encoder_self,1,2,likes,0,The,0.09163658320903778
99,encoder_self,1,2,likes,1,teacher,0.3122990131378174
99,encoder_self,1,2,likes,2,likes,0.45786145329475403
99,encoder_self,1,2,likes,3,robots,0.04223239794373512
99,encoder_self,1,2,likes,4,<EOS>,0.09597057104110718
99,encoder_self,1,3,robots,0,The,0.06526588648557663
99,encoder_self,1,3,robots,1,teacher,0.2875482738018036
99,encoder_self,1,3,robots,2,likes,0.3333043158054352
99,encoder_self,1,3,robots,3,robots,0.0016250089975073934
99,encoder_self,1,3,robots,4,<EOS>,0.31225648522377014
99,encoder_self,1,4,<EOS>,0,The,0.019719330593943596
99,encoder_self,1,4,<EOS>,1,teacher,0.00037366701872088015
99,encoder_self,1,4,<EOS>,2,likes,0.0005452907644212246
99,encoder_self,1,4,<EOS>,3,robots,0.9703187346458435
99,encoder_self,1,4,<EOS>,4,<EOS>,0.009043088182806969
99,decoder_masked,0,0,<SOS>,0,<SOS>,1.0
99,decoder_masked,0,0,<SOS>,1,선생님은,0.0
99,decoder_masked,0,0,<SOS>,2,로봇을,0.0
99,decoder_masked,0,0,<SOS>,3,좋아한다,0.0
99,decoder_masked,0,1,선생님은,0,<SOS>,0.8961609601974487
99,decoder_masked,0,1,선생님은,1,선생님은,0.10383902490139008
99,decoder_masked,0,1,선생님은,2,로봇을,0.0
99,decoder_masked,0,1,선생님은,3,좋아한다,0.0
99,decoder_masked,0,2,로봇을,0,<SOS>,0.1575356274843216
99,decoder_masked,0,2,로봇을,1,선생님은,0.6716449856758118
99,decoder_masked,0,2,로봇을,2,로봇을,0.17081940174102783
99,decoder_masked,0,2,로봇을,3,좋아한다,0.0
99,decoder_masked,0,3,좋아한다,0,<SOS>,0.9004786610603333
99,decoder_masked,0,3,좋아한다,1,선생님은,0.03327920660376549
99,decoder_masked,0,3,좋아한다,2,로봇을,0.034999873489141464
99,decoder_masked,0,3,좋아한다,3,좋아한다,0.031242193654179573
99,decoder_masked,1,0,<SOS>,0,<SOS>,1.0
99,decoder_masked,1,0,<SOS>,1,선생님은,0.0
99,decoder_masked,1,0,<SOS>,2,로봇을,0.0
99,decoder_masked,1,0,<SOS>,3,좋아한다,0.0
99,decoder_masked,1,1,선생님은,0,<SOS>,0.8843432068824768
99,decoder_masked,1,1,선생님은,1,선생님은,0.11565682291984558
99,decoder_masked,1,1,선생님은,2,로봇을,0.0
99,decoder_masked,1,1,선생님은,3,좋아한다,0.0
99,decoder_masked,1,2,로봇을,0,<SOS>,0.5280595421791077
99,decoder_masked,1,2,로봇을,1,선생님은,0.34808769822120667
99,decoder_masked,1,2,로봇을,2,로봇을,0.12385275214910507
99,decoder_masked,1,2,로봇을,3,좋아한다,0.0
99,decoder_masked,1,3,좋아한다,0,<SOS>,0.32450804114341736
99,decoder_masked,1,3,좋아한다,1,선생님은,0.08164046704769135
99,decoder_masked,1,3,좋아한다,2,로봇을,0.4470667839050293
99,decoder_masked,1,3,좋아한다,3,좋아한다,0.1467846781015396
99,decoder_cross,0,0,<SOS>,0,The,0.15146009624004364
99,decoder_cross,0,0,<SOS>,1,teacher,0.09688722342252731
99,decoder_cross,0,0,<SOS>,2,likes,0.47687315940856934
99,decoder_cross,0,0,<SOS>,3,robots,0.18945634365081787
99,decoder_cross,0,0,<SOS>,4,<EOS>,0.08532316237688065
99,decoder_cross,0,1,선생님은,0,The,0.21046894788742065
99,decoder_cross,0,1,선생님은,1,teacher,0.1502770632505417
99,decoder_cross,0,1,선생님은,2,likes,0.2849273979663849
99,decoder_cross,0,1,선생님은,3,robots,0.19879890978336334
99,decoder_cross,0,1,선생님은,4,<EOS>,0.15552769601345062
99,decoder_cross,0,2,로봇을,0,The,0.13530002534389496
99,decoder_cross,0,2,로봇을,1,teacher,0.17225587368011475
99,decoder_cross,0,2,로봇을,2,likes,0.3090740144252777
99,decoder_cross,0,2,로봇을,3,robots,0.2928139269351959
99,decoder_cross,0,2,로봇을,4,<EOS>,0.09055617451667786
99,decoder_cross,0,3,좋아한다,0,The,0.19966405630111694
99,decoder_cross,0,3,좋아한다,1,teacher,0.14962713420391083
99,decoder_cross,0,3,좋아한다,2,likes,0.29673638939857483
99,decoder_cross,0,3,좋아한다,3,robots,0.2085987627506256
99,decoder_cross,0,3,좋아한다,4,<EOS>,0.14537373185157776
99,decoder_cross,1,0,<SOS>,0,The,0.17126965522766113
99,decoder_cross,1,0,<SOS>,1,teacher,0.19153587520122528
99,decoder_cross,1,0,<SOS>,2,likes,0.2277875393629074
99,decoder_cross,1,0,<SOS>,3,robots,0.22986319661140442
99,decoder_cross,1,0,<SOS>,4,<EOS>,0.17954382300376892
99,decoder_cross,1,1,선생님은,0,The,0.20910091698169708
99,decoder_cross,1,1,선생님은,1,teacher,0.21938544511795044
99,decoder_cross,1,1,선생님은,2,likes,0.12808455526828766
99,decoder_cross,1,1,선생님은,3,robots,0.23440636694431305
99,decoder_cross,1,1,선생님은,4,<EOS>,0.209022656083107
99,decoder_cross,1,2,로봇을,0,The,0.19835755228996277
99,decoder_cross,1,2,로봇을,1,teacher,0.17937418818473816
99,decoder_cross,1,2,로봇을,2,likes,0.25261402130126953
99,decoder_cross,1,2,로봇을,3,robots,0.19073855876922607
99,decoder_cross,1,2,로봇을,4,<EOS>,0.17891572415828705
99,decoder_cross,1,3,좋아한다,0,The,0.21209844946861267
99,decoder_cross,1,3,좋아한다,1,teacher,0.21676063537597656
99,decoder_cross,1,3,좋아한다,2,likes,0.15755802392959595
99,decoder_cross,1,3,좋아한다,3,robots,0.2004622370004654
99,decoder_cross,1,3,좋아한다,4,<EOS>,0.21312066912651062
100,encoder_self,0,0,The,0,The,0.290351539850235
100,encoder_self,0,0,The,1,teacher,0.017724744975566864
100,encoder_self,0,0,The,2,likes,0.008846317417919636
100,encoder_self,0,0,The,3,robots,0.08077780157327652
100,encoder_self,0,0,The,4,<EOS>,0.6022995710372925
100,encoder_self,0,1,teacher,0,The,0.04055513069033623
100,encoder_self,0,1,teacher,1,teacher,0.3167749345302582
100,encoder_self,0,1,teacher,2,likes,0.43647706508636475
100,encoder_self,0,1,teacher,3,robots,0.04449385404586792
100,encoder_self,0,1,teacher,4,<EOS>,0.16169902682304382
100,encoder_self,0,2,likes,0,The,0.12937390804290771
100,encoder_self,0,2,likes,1,teacher,0.38337603211402893
100,encoder_self,0,2,likes,2,likes,0.0987427830696106
100,encoder_self,0,2,likes,3,robots,0.20411379635334015
100,encoder_self,0,2,likes,4,<EOS>,0.18439342081546783
100,encoder_self,0,3,robots,0,The,0.0035928087309002876
100,encoder_self,0,3,robots,1,teacher,0.08351250737905502
100,encoder_self,0,3,robots,2,likes,0.6808648705482483
100,encoder_self,0,3,robots,3,robots,0.22237679362297058
100,encoder_self,0,3,robots,4,<EOS>,0.009653043001890182
100,encoder_self,0,4,<EOS>,0,The,0.12314250320196152
100,encoder_self,0,4,<EOS>,1,teacher,0.14828725159168243
100,encoder_self,0,4,<EOS>,2,likes,0.07176968455314636
100,encoder_self,0,4,<EOS>,3,robots,0.14637133479118347
100,encoder_self,0,4,<EOS>,4,<EOS>,0.5104292035102844
100,encoder_self,1,0,The,0,The,0.01511229109019041
100,encoder_self,1,0,The,1,teacher,0.00014396772894542664
100,encoder_self,1,0,The,2,likes,0.00014696692232973874
100,encoder_self,1,0,The,3,robots,0.9736180305480957
100,encoder_self,1,0,The,4,<EOS>,0.010978751815855503
100,encoder_self,1,1,teacher,0,The,0.17569807171821594
100,encoder_self,1,1,teacher,1,teacher,0.17557626962661743
100,encoder_self,1,1,teacher,2,likes,0.31081393361091614
100,encoder_self,1,1,teacher,3,robots,0.07968977093696594
100,encoder_self,1,1,teacher,4,<EOS>,0.25822192430496216
100,encoder_self,1,2,likes,0,The,0.09309738874435425
100,encoder_self,1,2,likes,1,teacher,0.3125608563423157
100,encoder_self,1,2,likes,2,likes,0.45456475019454956
100,encoder_self,1,2,likes,3,robots,0.04274151846766472
100,encoder_self,1,2,likes,4,<EOS>,0.09703540802001953
100,encoder_self,1,3,robots,0,The,0.06471724063158035
100,encoder_self,1,3,robots,1,teacher,0.28809085488319397
100,encoder_self,1,3,robots,2,likes,0.3337858319282532
100,encoder_self,1,3,robots,3,robots,0.0016152114840224385
100,encoder_self,1,3,robots,4,<EOS>,0.3117908537387848
100,encoder_self,1,4,<EOS>,0,The,0.01957179233431816
100,encoder_self,1,4,<EOS>,1,teacher,0.00038142193807289004
100,encoder_self,1,4,<EOS>,2,likes,0.000568208284676075
100,encoder_self,1,4,<EOS>,3,robots,0.9704324007034302
100,encoder_self,1,4,<EOS>,4,<EOS>,0.009046200662851334
100,decoder_masked,0,0,<SOS>,0,<SOS>,1.0
100,decoder_masked,0,0,<SOS>,1,선생님은,0.0
100,decoder_masked,0,0,<SOS>,2,로봇을,0.0
100,decoder_masked,0,0,<SOS>,3,좋아한다,0.0
100,decoder_masked,0,1,선생님은,0,<SOS>,0.8968590497970581
100,decoder_masked,0,1,선생님은,1,선생님은,0.10314098000526428
100,decoder_masked,0,1,선생님은,2,로봇을,0.0
100,decoder_masked,0,1,선생님은,3,좋아한다,0.0
100,decoder_masked,0,2,로봇을,0,<SOS>,0.15769653022289276
100,decoder_masked,0,2,로봇을,1,선생님은,0.6708975434303284
100,decoder_masked,0,2,로봇을,2,로봇을,0.17140600085258484
100,decoder_masked,0,2,로봇을,3,좋아한다,0.0
100,decoder_masked,0,3,좋아한다,0,<SOS>,0.9014900326728821
100,decoder_masked,0,3,좋아한다,1,선생님은,0.03294876590371132
100,decoder_masked,0,3,좋아한다,2,로봇을,0.03466448187828064
100,decoder_masked,0,3,좋아한다,3,좋아한다,0.030896777287125587
100,decoder_masked,1,0,<SOS>,0,<SOS>,1.0
100,decoder_masked,1,0,<SOS>,1,선생님은,0.0
100,decoder_masked,1,0,<SOS>,2,로봇을,0.0
100,decoder_masked,1,0,<SOS>,3,좋아한다,0.0
100,decoder_masked,1,1,선생님은,0,<SOS>,0.8853654861450195
100,decoder_masked,1,1,선생님은,1,선생님은,0.11463452875614166
100,decoder_masked,1,1,선생님은,2,로봇을,0.0
100,decoder_masked,1,1,선생님은,3,좋아한다,0.0
100,decoder_masked,1,2,로봇을,0,<SOS>,0.5135117769241333
100,decoder_masked,1,2,로봇을,1,선생님은,0.3556141257286072
100,decoder_masked,1,2,로봇을,2,로봇을,0.13087405264377594
100,decoder_masked,1,2,로봇을,3,좋아한다,0.0
100,decoder_masked,1,3,좋아한다,0,<SOS>,0.32322725653648376
100,decoder_masked,1,3,좋아한다,1,선생님은,0.08181552588939667
100,decoder_masked,1,3,좋아한다,2,로봇을,0.44834673404693604
100,decoder_masked,1,3,좋아한다,3,좋아한다,0.14661045372486115
100,decoder_cross,0,0,<SOS>,0,The,0.15217581391334534
100,decoder_cross,0,0,<SOS>,1,teacher,0.09669408202171326
100,decoder_cross,0,0,<SOS>,2,likes,0.47676822543144226
100,decoder_cross,0,0,<SOS>,3,robots,0.1887248158454895
100,decoder_cross,0,0,<SOS>,4,<EOS>,0.0856371521949768
100,decoder_cross,0,1,선생님은,0,The,0.2126157134771347
100,decoder_cross,0,1,선생님은,1,teacher,0.15088693797588348
100,decoder_cross,0,1,선생님은,2,likes,0.2809487283229828
100,decoder_cross,0,1,선생님은,3,robots,0.19749464094638824
100,decoder_cross,0,1,선생님은,4,<EOS>,0.15805388987064362
100,decoder_cross,0,2,로봇을,0,The,0.1359880119562149
100,decoder_cross,0,2,로봇을,1,teacher,0.17303718626499176
100,decoder_cross,0,2,로봇을,2,likes,0.3073502480983734
100,decoder_cross,0,2,로봇을,3,robots,0.2923721373081207
100,decoder_cross,0,2,로봇을,4,<EOS>,0.09125234186649323
100,decoder_cross,0,3,좋아한다,0,The,0.20162755250930786
100,decoder_cross,0,3,좋아한다,1,teacher,0.15030111372470856
100,decoder_cross,0,3,좋아한다,2,likes,0.2930833697319031
100,decoder_cross,0,3,좋아한다,3,robots,0.20757128298282623
100,decoder_cross,0,3,좋아한다,4,<EOS>,0.14741675555706024
100,decoder_cross,1,0,<SOS>,0,The,0.17148788273334503
100,decoder_cross,1,0,<SOS>,1,teacher,0.19173471629619598
100,decoder_cross,1,0,<SOS>,2,likes,0.22710487246513367
100,decoder_cross,1,0,<SOS>,3,robots,0.22997601330280304
100,decoder_cross,1,0,<SOS>,4,<EOS>,0.17969653010368347
100,decoder_cross,1,1,선생님은,0,The,0.20999297499656677
100,decoder_cross,1,1,선생님은,1,teacher,0.2196645736694336
100,decoder_cross,1,1,선생님은,2,likes,0.12703581154346466
100,decoder_cross,1,1,선생님은,3,robots,0.23373833298683167
100,decoder_cross,1,1,선생님은,4,<EOS>,0.20956827700138092
100,decoder_cross,1,2,로봇을,0,The,0.19908417761325836
100,decoder_cross,1,2,로봇을,1,teacher,0.17960283160209656
100,decoder_cross,1,2,로봇을,2,likes,0.25145238637924194
100,decoder_cross,1,2,로봇을,3,robots,0.19048520922660828
100,decoder_cross,1,2,로봇을,4,<EOS>,0.1793753057718277
100,decoder_cross,1,3,좋아한다,0,The,0.21294935047626495
100,decoder_cross,1,3,좋아한다,1,teacher,0.2169046849012375
100,decoder_cross,1,3,좋아한다,2,likes,0.1562940776348114
100,decoder_cross,1,3,좋아한다,3,robots,0.20032985508441925
100,decoder_cross,1,3,좋아한다,4,<EOS>,0.2135220170021057
101,encoder_self,0,0,The,0,The,0.28645533323287964
101,encoder_self,0,0,The,1,teacher,0.018771186470985413
101,encoder_self,0,0,The,2,likes,0.009670414961874485
101,encoder_self,0,0,The,3,robots,0.08425635099411011
101,encoder_self,0,0,The,4,<EOS>,0.6008467078208923
101,encoder_self,0,1,teacher,0,The,0.038984864950180054
101,encoder_self,0,1,teacher,1,teacher,0.3165960907936096
101,encoder_self,0,1,teacher,2,likes,0.44417575001716614
101,encoder_self,0,1,teacher,3,robots,0.0441979318857193
101,encoder_self,0,1,teacher,4,<EOS>,0.15604539215564728
101,encoder_self,0,2,likes,0,The,0.13050881028175354
101,encoder_self,0,2,likes,1,teacher,0.38206496834754944
101,encoder_self,0,2,likes,2,likes,0.09828279912471771
101,encoder_self,0,2,likes,3,robots,0.2036835253238678
101,encoder_self,0,2,likes,4,<EOS>,0.1854599118232727
101,encoder_self,0,3,robots,0,The,0.003552831942215562
101,encoder_self,0,3,robots,1,teacher,0.08357248455286026
101,encoder_self,0,3,robots,2,likes,0.68047034740448
101,encoder_self,0,3,robots,3,robots,0.2228291928768158
101,encoder_self,0,3,robots,4,<EOS>,0.009575162082910538
101,encoder_self,0,4,<EOS>,0,The,0.11962494999170303
101,encoder_self,0,4,<EOS>,1,teacher,0.15368713438510895
101,encoder_self,0,4,<EOS>,2,likes,0.0765116959810257
101,encoder_self,0,4,<EOS>,3,robots,0.14979475736618042
101,encoder_self,0,4,<EOS>,4,<EOS>,0.5003814697265625
101,encoder_self,1,0,The,0,The,0.015332633629441261
101,encoder_self,1,0,The,1,teacher,0.00014426014968194067
101,encoder_self,1,0,The,2,likes,0.00014738825848326087
101,encoder_self,1,0,The,3,robots,0.9732502102851868
101,encoder_self,1,0,The,4,<EOS>,0.011125565506517887
101,encoder_self,1,1,teacher,0,The,0.17562003433704376
101,encoder_self,1,1,teacher,1,teacher,0.17556661367416382
101,encoder_self,1,1,teacher,2,likes,0.3107960820198059
101,encoder_self,1,1,teacher,3,robots,0.07965698093175888
101,encoder_self,1,1,teacher,4,<EOS>,0.258360356092453
101,encoder_self,1,2,likes,0,The,0.09290146082639694
101,encoder_self,1,2,likes,1,teacher,0.31276053190231323
101,encoder_self,1,2,likes,2,likes,0.45463690161705017
101,encoder_self,1,2,likes,3,robots,0.04282321035861969
101,encoder_self,1,2,likes,4,<EOS>,0.09687791019678116
101,encoder_self,1,3,robots,0,The,0.06462568789720535
101,encoder_self,1,3,robots,1,teacher,0.28815630078315735
101,encoder_self,1,3,robots,2,likes,0.33390992879867554
101,encoder_self,1,3,robots,3,robots,0.00161465210840106
101,encoder_self,1,3,robots,4,<EOS>,0.311693400144577
101,encoder_self,1,4,<EOS>,0,The,0.019747959449887276
101,encoder_self,1,4,<EOS>,1,teacher,0.00038137019146233797
101,encoder_self,1,4,<EOS>,2,likes,0.0005685868673026562
101,encoder_self,1,4,<EOS>,3,robots,0.9701842665672302
101,encoder_self,1,4,<EOS>,4,<EOS>,0.009117831476032734
101,decoder_masked,0,0,<SOS>,0,<SOS>,1.0
101,decoder_masked,0,0,<SOS>,1,선생님은,0.0
101,decoder_masked,0,0,<SOS>,2,로봇을,0.0
101,decoder_masked,0,0,<SOS>,3,좋아한다,0.0
101,decoder_masked,0,1,선생님은,0,<SOS>,0.8935960531234741
101,decoder_masked,0,1,선생님은,1,선생님은,0.10640396177768707
101,decoder_masked,0,1,선생님은,2,로봇을,0.0
101,decoder_masked,0,1,선생님은,3,좋아한다,0.0
101,decoder_masked,0,2,로봇을,0,<SOS>,0.15865546464920044
101,decoder_masked,0,2,로봇을,1,선생님은,0.6699193120002747
101,decoder_masked,0,2,로봇을,2,로봇을,0.17142526805400848
101,decoder_masked,0,2,로봇을,3,좋아한다,0.0
101,decoder_masked,0,3,좋아한다,0,<SOS>,0.8962029218673706
101,decoder_masked,0,3,좋아한다,1,선생님은,0.034606605768203735
101,decoder_masked,0,3,좋아한다,2,로봇을,0.03660254552960396
101,decoder_masked,0,3,좋아한다,3,좋아한다,0.03258783370256424
101,decoder_masked,1,0,<SOS>,0,<SOS>,1.0
101,decoder_masked,1,0,<SOS>,1,선생님은,0.0
101,decoder_masked,1,0,<SOS>,2,로봇을,0.0
101,decoder_masked,1,0,<SOS>,3,좋아한다,0.0
101,decoder_masked,1,1,선생님은,0,<SOS>,0.8854694366455078
101,decoder_masked,1,1,선생님은,1,선생님은,0.11453059315681458
101,decoder_masked,1,1,선생님은,2,로봇을,0.0
101,decoder_masked,1,1,선생님은,3,좋아한다,0.0
101,decoder_masked,1,2,로봇을,0,<SOS>,0.49502941966056824
101,decoder_masked,1,2,로봇을,1,선생님은,0.3630075454711914
101,decoder_masked,1,2,로봇을,2,로봇을,0.14196310937404633
101,decoder_masked,1,2,로봇을,3,좋아한다,0.0
101,decoder_masked,1,3,좋아한다,0,<SOS>,0.3338034451007843
101,decoder_masked,1,3,좋아한다,1,선생님은,0.07954897731542587
101,decoder_masked,1,3,좋아한다,2,로봇을,0.44418078660964966
101,decoder_masked,1,3,좋아한다,3,좋아한다,0.14246685802936554
101,decoder_cross,0,0,<SOS>,0,The,0.1535371094942093
101,decoder_cross,0,0,<SOS>,1,teacher,0.0967041477560997
101,decoder_cross,0,0,<SOS>,2,likes,0.47531262040138245
101,decoder_cross,0,0,<SOS>,3,robots,0.1879173219203949
101,decoder_cross,0,0,<SOS>,4,<EOS>,0.0865287333726883
101,decoder_cross,0,1,선생님은,0,The,0.21451784670352936
101,decoder_cross,0,1,선생님은,1,teacher,0.15091609954833984
101,decoder_cross,0,1,선생님은,2,likes,0.27842941880226135
101,decoder_cross,0,1,선생님은,3,robots,0.19603827595710754
101,decoder_cross,0,1,선생님은,4,<EOS>,0.16009841859340668
101,decoder_cross,0,2,로봇을,0,The,0.13697059452533722
101,decoder_cross,0,2,로봇을,1,teacher,0.17309853434562683
101,decoder_cross,0,2,로봇을,2,likes,0.30622774362564087
101,decoder_cross,0,2,로봇을,3,robots,0.2915458679199219
101,decoder_cross,0,2,로봇을,4,<EOS>,0.092157281935215
101,decoder_cross,0,3,좋아한다,0,The,0.20272302627563477
101,decoder_cross,0,3,좋아한다,1,teacher,0.15039899945259094
101,decoder_cross,0,3,좋아한다,2,likes,0.29155054688453674
101,decoder_cross,0,3,좋아한다,3,robots,0.20684018731117249
101,decoder_cross,0,3,좋아한다,4,<EOS>,0.14848726987838745
101,decoder_cross,1,0,<SOS>,0,The,0.17199552059173584
101,decoder_cross,1,0,<SOS>,1,teacher,0.19218920171260834
101,decoder_cross,1,0,<SOS>,2,likes,0.22530736029148102
101,decoder_cross,1,0,<SOS>,3,robots,0.2303091436624527
101,decoder_cross,1,0,<SOS>,4,<EOS>,0.18019871413707733
101,decoder_cross,1,1,선생님은,0,The,0.2106519490480423
101,decoder_cross,1,1,선생님은,1,teacher,0.2197803407907486
101,decoder_cross,1,1,선생님은,2,likes,0.12639634311199188
101,decoder_cross,1,1,선생님은,3,robots,0.2333490252494812
101,decoder_cross,1,1,선생님은,4,<EOS>,0.20982232689857483
101,decoder_cross,1,2,로봇을,0,The,0.19967657327651978
101,decoder_cross,1,2,로봇을,1,teacher,0.17967109382152557
101,decoder_cross,1,2,로봇을,2,likes,0.2508692741394043
101,decoder_cross,1,2,로봇을,3,robots,0.19022904336452484
101,decoder_cross,1,2,로봇을,4,<EOS>,0.1795540302991867
101,decoder_cross,1,3,좋아한다,0,The,0.2135879546403885
101,decoder_cross,1,3,좋아한다,1,teacher,0.21712608635425568
101,decoder_cross,1,3,좋아한다,2,likes,0.15510115027427673
101,decoder_cross,1,3,좋아한다,3,robots,0.2003411054611206
101,decoder_cross,1,3,좋아한다,4,<EOS>,0.21384376287460327
102,encoder_self,0,0,The,0,The,0.27875208854675293
102,encoder_self,0,0,The,1,teacher,0.02029961347579956
102,encoder_self,0,0,The,2,likes,0.010717915371060371
102,encoder_self,0,0,The,3,robots,0.09100516885519028
102,encoder_self,0,0,The,4,<EOS>,0.5992251634597778
102,encoder_self,0,1,teacher,0,The,0.03714665025472641
102,encoder_self,0,1,teacher,1,teacher,0.31745192408561707
102,encoder_self,0,1,teacher,2,likes,0.450313925743103
102,encoder_self,0,1,teacher,3,robots,0.04439897462725639
102,encoder_self,0,1,teacher,4,<EOS>,0.15068858861923218
102,encoder_self,0,2,likes,0,The,0.1336365044116974
102,encoder_self,0,2,likes,1,teacher,0.37843355536460876
102,encoder_self,0,2,likes,2,likes,0.09669405221939087
102,encoder_self,0,2,likes,3,robots,0.202638179063797
102,encoder_self,0,2,likes,4,<EOS>,0.18859773874282837
102,encoder_self,0,3,robots,0,The,0.0032647454645484686
102,encoder_self,0,3,robots,1,teacher,0.08289724588394165
102,encoder_self,0,3,robots,2,likes,0.685303270816803
102,encoder_self,0,3,robots,3,robots,0.21958501636981964
102,encoder_self,0,3,robots,4,<EOS>,0.008949784561991692
102,encoder_self,0,4,<EOS>,0,The,0.11326975375413895
102,encoder_self,0,4,<EOS>,1,teacher,0.16154125332832336
102,encoder_self,0,4,<EOS>,2,likes,0.08227401971817017
102,encoder_self,0,4,<EOS>,3,robots,0.15715156495571136
102,encoder_self,0,4,<EOS>,4,<EOS>,0.4857633113861084
102,encoder_self,1,0,The,0,The,0.014364220201969147
102,encoder_self,1,0,The,1,teacher,0.0001413890568073839
102,encoder_self,1,0,The,2,likes,0.00014566774189006537
102,encoder_self,1,0,The,3,robots,0.9747304320335388
102,encoder_self,1,0,The,4,<EOS>,0.010618302971124649
102,encoder_self,1,1,teacher,0,The,0.1758464276790619
102,encoder_self,1,1,teacher,1,teacher,0.17523357272148132
102,encoder_self,1,1,teacher,2,likes,0.3103629946708679
102,encoder_self,1,1,teacher,3,robots,0.07971195131540298
102,encoder_self,1,1,teacher,4,<EOS>,0.25884509086608887
102,encoder_self,1,2,likes,0,The,0.09388990700244904
102,encoder_self,1,2,likes,1,teacher,0.3126911222934723
102,encoder_self,1,2,likes,2,likes,0.4534374475479126
102,encoder_self,1,2,likes,3,robots,0.04253057390451431
102,encoder_self,1,2,likes,4,<EOS>,0.09745098650455475
102,encoder_self,1,3,robots,0,The,0.06506799906492233
102,encoder_self,1,3,robots,1,teacher,0.2871892750263214
102,encoder_self,1,3,robots,2,likes,0.3325974643230438
102,encoder_self,1,3,robots,3,robots,0.001614346052519977
102,encoder_self,1,3,robots,4,<EOS>,0.31353092193603516
102,encoder_self,1,4,<EOS>,0,The,0.01886511780321598
102,encoder_self,1,4,<EOS>,1,teacher,0.0003747917653527111
102,encoder_self,1,4,<EOS>,2,likes,0.0005620697047561407
102,encoder_self,1,4,<EOS>,3,robots,0.971388041973114
102,encoder_self,1,4,<EOS>,4,<EOS>,0.008809929713606834
102,decoder_masked,0,0,<SOS>,0,<SOS>,1.0
102,decoder_masked,0,0,<SOS>,1,선생님은,0.0
102,decoder_masked,0,0,<SOS>,2,로봇을,0.0
102,decoder_masked,0,0,<SOS>,3,좋아한다,0.0
102,decoder_masked,0,1,선생님은,0,<SOS>,0.8904240727424622
102,decoder_masked,0,1,선생님은,1,선생님은,0.10957589745521545
102,decoder_masked,0,1,선생님은,2,로봇을,0.0
102,decoder_masked,0,1,선생님은,3,좋아한다,0.0
102,decoder_masked,0,2,로봇을,0,<SOS>,0.15590326488018036
102,decoder_masked,0,2,로봇을,1,선생님은,0.6727617383003235
102,decoder_masked,0,2,로봇을,2,로봇을,0.17133505642414093
102,decoder_masked,0,2,로봇을,3,좋아한다,0.0
102,decoder_masked,0,3,좋아한다,0,<SOS>,0.8837445974349976
102,decoder_masked,0,3,좋아한다,1,선생님은,0.039926543831825256
102,decoder_masked,0,3,좋아한다,2,로봇을,0.03924844041466713
102,decoder_masked,0,3,좋아한다,3,좋아한다,0.03708044812083244
102,decoder_masked,1,0,<SOS>,0,<SOS>,1.0
102,decoder_masked,1,0,<SOS>,1,선생님은,0.0
102,decoder_masked,1,0,<SOS>,2,로봇을,0.0
102,decoder_masked,1,0,<SOS>,3,좋아한다,0.0
102,decoder_masked,1,1,선생님은,0,<SOS>,0.8883683085441589
102,decoder_masked,1,1,선생님은,1,선생님은,0.11163172870874405
102,decoder_masked,1,1,선생님은,2,로봇을,0.0
102,decoder_masked,1,1,선생님은,3,좋아한다,0.0
102,decoder_masked,1,2,로봇을,0,<SOS>,0.48823797702789307
102,decoder_masked,1,2,로봇을,1,선생님은,0.36741143465042114
102,decoder_masked,1,2,로봇을,2,로봇을,0.1443505734205246
102,decoder_masked,1,2,로봇을,3,좋아한다,0.0
102,decoder_masked,1,3,좋아한다,0,<SOS>,0.34300291538238525
102,decoder_masked,1,3,좋아한다,1,선생님은,0.07802028208971024
102,decoder_masked,1,3,좋아한다,2,로봇을,0.4398665130138397
102,decoder_masked,1,3,좋아한다,3,좋아한다,0.1391102373600006
102,decoder_cross,0,0,<SOS>,0,The,0.15309153497219086
102,decoder_cross,0,0,<SOS>,1,teacher,0.09652829170227051
102,decoder_cross,0,0,<SOS>,2,likes,0.475718230009079
102,decoder_cross,0,0,<SOS>,3,robots,0.18806540966033936
102,decoder_cross,0,0,<SOS>,4,<EOS>,0.08659639954566956
102,decoder_cross,0,1,선생님은,0,The,0.21417078375816345
102,decoder_cross,0,1,선생님은,1,teacher,0.1509864330291748
102,decoder_cross,0,1,선생님은,2,likes,0.2782937288284302
102,decoder_cross,0,1,선생님은,3,robots,0.19571714103221893
102,decoder_cross,0,1,선생님은,4,<EOS>,0.16083186864852905
102,decoder_cross,0,2,로봇을,0,The,0.13588860630989075
102,decoder_cross,0,2,로봇을,1,teacher,0.17269766330718994
102,decoder_cross,0,2,로봇을,2,likes,0.30693909525871277
102,decoder_cross,0,2,로봇을,3,robots,0.2927463948726654
102,decoder_cross,0,2,로봇을,4,<EOS>,0.09172828495502472
102,decoder_cross,0,3,좋아한다,0,The,0.20265993475914001
102,decoder_cross,0,3,좋아한다,1,teacher,0.1504267156124115
102,decoder_cross,0,3,좋아한다,2,likes,0.29116904735565186
102,decoder_cross,0,3,좋아한다,3,robots,0.20671877264976501
102,decoder_cross,0,3,좋아한다,4,<EOS>,0.14902548491954803
102,decoder_cross,1,0,<SOS>,0,The,0.17210286855697632
102,decoder_cross,1,0,<SOS>,1,teacher,0.1928718239068985
102,decoder_cross,1,0,<SOS>,2,likes,0.22330209612846375
102,decoder_cross,1,0,<SOS>,3,robots,0.23088185489177704
102,decoder_cross,1,0,<SOS>,4,<EOS>,0.1808413863182068
102,decoder_cross,1,1,선생님은,0,The,0.21090355515480042
102,decoder_cross,1,1,선생님은,1,teacher,0.22044575214385986
102,decoder_cross,1,1,선생님은,2,likes,0.12514518201351166
102,decoder_cross,1,1,선생님은,3,robots,0.23304544389247894
102,decoder_cross,1,1,선생님은,4,<EOS>,0.2104600965976715
102,decoder_cross,1,2,로봇을,0,The,0.20012503862380981
102,decoder_cross,1,2,로봇을,1,teacher,0.17981183528900146
102,decoder_cross,1,2,로봇을,2,likes,0.25046634674072266
102,decoder_cross,1,2,로봇을,3,robots,0.1900058537721634
102,decoder_cross,1,2,로봇을,4,<EOS>,0.17959091067314148
102,decoder_cross,1,3,좋아한다,0,The,0.21414268016815186
102,decoder_cross,1,3,좋아한다,1,teacher,0.2177000492811203
102,decoder_cross,1,3,좋아한다,2,likes,0.15346470475196838
102,decoder_cross,1,3,좋아한다,3,robots,0.2001834362745285
102,decoder_cross,1,3,좋아한다,4,<EOS>,0.21450914442539215
103,encoder_self,0,0,The,0,The,0.2803625166416168
103,encoder_self,0,0,The,1,teacher,0.020237261429429054
103,encoder_self,0,0,The,2,likes,0.010598208755254745
103,encoder_self,0,0,The,3,robots,0.08756720274686813
103,encoder_self,0,0,The,4,<EOS>,0.6012347936630249
103,encoder_self,0,1,teacher,0,The,0.03713340684771538
103,encoder_self,0,1,teacher,1,teacher,0.3183066248893738
103,encoder_self,0,1,teacher,2,likes,0.45006874203681946
103,encoder_self,0,1,teacher,3,robots,0.04387312009930611
103,encoder_self,0,1,teacher,4,<EOS>,0.15061812102794647
103,encoder_self,0,2,likes,0,The,0.13311688601970673
103,encoder_self,0,2,likes,1,teacher,0.378212034702301
103,encoder_self,0,2,likes,2,likes,0.096677266061306
103,encoder_self,0,2,likes,3,robots,0.20399196445941925
103,encoder_self,0,2,likes,4,<EOS>,0.18800190091133118
103,encoder_self,0,3,robots,0,The,0.0033262453507632017
103,encoder_self,0,3,robots,1,teacher,0.08386342972517014
103,encoder_self,0,3,robots,2,likes,0.6887748837471008
103,encoder_self,0,3,robots,3,robots,0.21493202447891235
103,encoder_self,0,3,robots,4,<EOS>,0.009103463031351566
103,encoder_self,0,4,<EOS>,0,The,0.11426879465579987
103,encoder_self,0,4,<EOS>,1,teacher,0.16196100413799286
103,encoder_self,0,4,<EOS>,2,likes,0.08194918930530548
103,encoder_self,0,4,<EOS>,3,robots,0.1528015285730362
103,encoder_self,0,4,<EOS>,4,<EOS>,0.4890195429325104
103,encoder_self,1,0,The,0,The,0.01587521843612194
103,encoder_self,1,0,The,1,teacher,0.00014916894724592566
103,encoder_self,1,0,The,2,likes,0.0001525407424196601
103,encoder_self,1,0,The,3,robots,0.9721348285675049
103,encoder_self,1,0,The,4,<EOS>,0.011688172817230225
103,encoder_self,1,1,teacher,0,The,0.17558276653289795
103,encoder_self,1,1,teacher,1,teacher,0.17565304040908813
103,encoder_self,1,1,teacher,2,likes,0.3107606768608093
103,encoder_self,1,1,teacher,3,robots,0.0787346288561821
103,encoder_self,1,1,teacher,4,<EOS>,0.2592688798904419
103,encoder_self,1,2,likes,0,The,0.09294120967388153
103,encoder_self,1,2,likes,1,teacher,0.3128317594528198
103,encoder_self,1,2,likes,2,likes,0.4544854462146759
103,encoder_self,1,2,likes,3,robots,0.04322581738233566
103,encoder_self,1,2,likes,4,<EOS>,0.0965157076716423
103,encoder_self,1,3,robots,0,The,0.06442443281412125
103,encoder_self,1,3,robots,1,teacher,0.28814896941185
103,encoder_self,1,3,robots,2,likes,0.33400776982307434
103,encoder_self,1,3,robots,3,robots,0.0015984975034371018
103,encoder_self,1,3,robots,4,<EOS>,0.3118203580379486
103,encoder_self,1,4,<EOS>,0,The,0.0202476903796196
103,encoder_self,1,4,<EOS>,1,teacher,0.0003901601303368807
103,encoder_self,1,4,<EOS>,2,likes,0.0005825348198413849
103,encoder_self,1,4,<EOS>,3,robots,0.9693422317504883
103,encoder_self,1,4,<EOS>,4,<EOS>,0.009437419474124908
103,decoder_masked,0,0,<SOS>,0,<SOS>,1.0
103,decoder_masked,0,0,<SOS>,1,선생님은,0.0
103,decoder_masked,0,0,<SOS>,2,로봇을,0.0
103,decoder_masked,0,0,<SOS>,3,좋아한다,0.0
103,decoder_masked,0,1,선생님은,0,<SOS>,0.9009358286857605
103,decoder_masked,0,1,선생님은,1,선생님은,0.09906415641307831
103,decoder_masked,0,1,선생님은,2,로봇을,0.0
103,decoder_masked,0,1,선생님은,3,좋아한다,0.0
103,decoder_masked,0,2,로봇을,0,<SOS>,0.1903829723596573
103,decoder_masked,0,2,로봇을,1,선생님은,0.6334677338600159
103,decoder_masked,0,2,로봇을,2,로봇을,0.17614924907684326
103,decoder_masked,0,2,로봇을,3,좋아한다,0.0
103,decoder_masked,0,3,좋아한다,0,<SOS>,0.8953392505645752
103,decoder_masked,0,3,좋아한다,1,선생님은,0.03540738299489021
103,decoder_masked,0,3,좋아한다,2,로봇을,0.03642507269978523
103,decoder_masked,0,3,좋아한다,3,좋아한다,0.03282826021313667
103,decoder_masked,1,0,<SOS>,0,<SOS>,1.0
103,decoder_masked,1,0,<SOS>,1,선생님은,0.0
103,decoder_masked,1,0,<SOS>,2,로봇을,0.0
103,decoder_masked,1,0,<SOS>,3,좋아한다,0.0
103,decoder_masked,1,1,선생님은,0,<SOS>,0.9048590660095215
103,decoder_masked,1,1,선생님은,1,선생님은,0.09514092653989792
103,decoder_masked,1,1,선생님은,2,로봇을,0.0
103,decoder_masked,1,1,선생님은,3,좋아한다,0.0
103,decoder_masked,1,2,로봇을,0,<SOS>,0.4689177870750427
103,decoder_masked,1,2,로봇을,1,선생님은,0.3795981705188751
103,decoder_masked,1,2,로봇을,2,로봇을,0.15148411691188812
103,decoder_masked,1,2,로봇을,3,좋아한다,0.0
103,decoder_masked,1,3,좋아한다,0,<SOS>,0.37673577666282654
103,decoder_masked,1,3,좋아한다,1,선생님은,0.07083414494991302
103,decoder_masked,1,3,좋아한다,2,로봇을,0.4220755100250244
103,decoder_masked,1,3,좋아한다,3,좋아한다,0.13035458326339722
103,decoder_cross,0,0,<SOS>,0,The,0.15620067715644836
103,decoder_cross,0,0,<SOS>,1,teacher,0.09631960093975067
103,decoder_cross,0,0,<SOS>,2,likes,0.47412824630737305
103,decoder_cross,0,0,<SOS>,3,robots,0.1847933679819107
103,decoder_cross,0,0,<SOS>,4,<EOS>,0.08855810016393661
103,decoder_cross,0,1,선생님은,0,The,0.21546170115470886
103,decoder_cross,0,1,선생님은,1,teacher,0.14518964290618896
103,decoder_cross,0,1,선생님은,2,likes,0.28945761919021606
103,decoder_cross,0,1,선생님은,3,robots,0.19108453392982483
103,decoder_cross,0,1,선생님은,4,<EOS>,0.15880657732486725
103,decoder_cross,0,2,로봇을,0,The,0.13667802512645721
103,decoder_cross,0,2,로봇을,1,teacher,0.17122125625610352
103,decoder_cross,0,2,로봇을,2,likes,0.31047186255455017
103,decoder_cross,0,2,로봇을,3,robots,0.2901667654514313
103,decoder_cross,0,2,로봇을,4,<EOS>,0.0914621353149414
103,decoder_cross,0,3,좋아한다,0,The,0.20308370888233185
103,decoder_cross,0,3,좋아한다,1,teacher,0.1465311199426651
103,decoder_cross,0,3,좋아한다,2,likes,0.2995089888572693
103,decoder_cross,0,3,좋아한다,3,robots,0.20374469459056854
103,decoder_cross,0,3,좋아한다,4,<EOS>,0.14713147282600403
103,decoder_cross,1,0,<SOS>,0,The,0.17154793441295624
103,decoder_cross,1,0,<SOS>,1,teacher,0.19290225207805634
103,decoder_cross,1,0,<SOS>,2,likes,0.22389201819896698
103,decoder_cross,1,0,<SOS>,3,robots,0.23087839782238007
103,decoder_cross,1,0,<SOS>,4,<EOS>,0.18077944219112396
103,decoder_cross,1,1,선생님은,0,The,0.20711472630500793
103,decoder_cross,1,1,선생님은,1,teacher,0.22023485600948334
103,decoder_cross,1,1,선생님은,2,likes,0.1280970424413681
103,decoder_cross,1,1,선생님은,3,robots,0.23579595983028412
103,decoder_cross,1,1,선생님은,4,<EOS>,0.20875735580921173
103,decoder_cross,1,2,로봇을,0,The,0.19911198318004608
103,decoder_cross,1,2,로봇을,1,teacher,0.17949457466602325
103,decoder_cross,1,2,로봇을,2,likes,0.25160643458366394
103,decoder_cross,1,2,로봇을,3,robots,0.19059263169765472
103,decoder_cross,1,2,로봇을,4,<EOS>,0.17919445037841797
103,decoder_cross,1,3,좋아한다,0,The,0.21175122261047363
103,decoder_cross,1,3,좋아한다,1,teacher,0.2178335040807724
103,decoder_cross,1,3,좋아한다,2,likes,0.15453125536441803
103,decoder_cross,1,3,좋아한다,3,robots,0.20242701470851898
103,decoder_cross,1,3,좋아한다,4,<EOS>,0.21345704793930054
104,encoder_self,0,0,The,0,The,0.2803303301334381
104,encoder_self,0,0,The,1,teacher,0.020254695788025856
104,encoder_self,0,0,The,2,likes,0.010636202991008759
104,encoder_self,0,0,The,3,robots,0.08723004162311554
104,encoder_self,0,0,The,4,<EOS>,0.6015487313270569
104,encoder_self,0,1,teacher,0,The,0.037112075835466385
104,encoder_self,0,1,teacher,1,teacher,0.3181034028530121
104,encoder_self,0,1,teacher,2,likes,0.4504319131374359
104,encoder_self,0,1,teacher,3,robots,0.04375606030225754
104,encoder_self,0,1,teacher,4,<EOS>,0.1505965292453766
104,encoder_self,0,2,likes,0,The,0.13316893577575684
104,encoder_self,0,2,likes,1,teacher,0.3781029284000397
104,encoder_self,0,2,likes,2,likes,0.0965733453631401
104,encoder_self,0,2,likes,3,robots,0.20406606793403625
104,encoder_self,0,2,likes,4,<EOS>,0.1880887746810913
104,encoder_self,0,3,robots,0,The,0.0033253731671720743
104,encoder_self,0,3,robots,1,teacher,0.08385294675827026
104,encoder_self,0,3,robots,2,likes,0.6890803575515747
104,encoder_self,0,3,robots,3,robots,0.2146415412425995
104,encoder_self,0,3,robots,4,<EOS>,0.009099820628762245
104,encoder_self,0,4,<EOS>,0,The,0.11427579075098038
104,encoder_self,0,4,<EOS>,1,teacher,0.16201238334178925
104,encoder_self,0,4,<EOS>,2,likes,0.08216504752635956
104,encoder_self,0,4,<EOS>,3,robots,0.15222714841365814
104,encoder_self,0,4,<EOS>,4,<EOS>,0.4893195629119873
104,encoder_self,1,0,The,0,The,0.01545487716794014
104,encoder_self,1,0,The,1,teacher,0.00015124979836400598
104,encoder_self,1,0,The,2,likes,0.00016537330520804971
104,encoder_self,1,0,The,3,robots,0.9725597500801086
104,encoder_self,1,0,The,4,<EOS>,0.011668713763356209
104,encoder_self,1,1,teacher,0,The,0.17418858408927917
104,encoder_self,1,1,teacher,1,teacher,0.17564500868320465
104,encoder_self,1,1,teacher,2,likes,0.31350186467170715
104,encoder_self,1,1,teacher,3,robots,0.07835611701011658
104,encoder_self,1,1,teacher,4,<EOS>,0.258308470249176
104,encoder_self,1,2,likes,0,The,0.09450103342533112
104,encoder_self,1,2,likes,1,teacher,0.31475627422332764
104,encoder_self,1,2,likes,2,likes,0.44953200221061707
104,encoder_self,1,2,likes,3,robots,0.04369960352778435
104,encoder_self,1,2,likes,4,<EOS>,0.09751106798648834
104,encoder_self,1,3,robots,0,The,0.06411778181791306
104,encoder_self,1,3,robots,1,teacher,0.28797009587287903
104,encoder_self,1,3,robots,2,likes,0.3352499008178711
104,encoder_self,1,3,robots,3,robots,0.0015907929046079516
104,encoder_self,1,3,robots,4,<EOS>,0.3110714852809906
104,encoder_self,1,4,<EOS>,0,The,0.019840072840452194
104,encoder_self,1,4,<EOS>,1,teacher,0.0003942148759961128
104,encoder_self,1,4,<EOS>,2,likes,0.0006174743757583201
104,encoder_self,1,4,<EOS>,3,robots,0.9697274565696716
104,encoder_self,1,4,<EOS>,4,<EOS>,0.009420758113265038
104,decoder_masked,0,0,<SOS>,0,<SOS>,1.0
104,decoder_masked,0,0,<SOS>,1,선생님은,0.0
104,decoder_masked,0,0,<SOS>,2,로봇을,0.0
104,decoder_masked,0,0,<SOS>,3,좋아한다,0.0
104,decoder_masked,0,1,선생님은,0,<SOS>,0.9028391242027283
104,decoder_masked,0,1,선생님은,1,선생님은,0.09716089814901352
104,decoder_masked,0,1,선생님은,2,로봇을,0.0
104,decoder_masked,0,1,선생님은,3,좋아한다,0.0
104,decoder_masked,0,2,로봇을,0,<SOS>,0.187540665268898
104,decoder_masked,0,2,로봇을,1,선생님은,0.6358515620231628
104,decoder_masked,0,2,로봇을,2,로봇을,0.17660778760910034
104,decoder_masked,0,2,로봇을,3,좋아한다,0.0
104,decoder_masked,0,3,좋아한다,0,<SOS>,0.8933743238449097
104,decoder_masked,0,3,좋아한다,1,선생님은,0.03616737574338913
104,decoder_masked,0,3,좋아한다,2,로봇을,0.037088241428136826
104,decoder_masked,0,3,좋아한다,3,좋아한다,0.03337019309401512
104,decoder_masked,1,0,<SOS>,0,<SOS>,1.0
104,decoder_masked,1,0,<SOS>,1,선생님은,0.0
104,decoder_masked,1,0,<SOS>,2,로봇을,0.0
104,decoder_masked,1,0,<SOS>,3,좋아한다,0.0
104,decoder_masked,1,1,선생님은,0,<SOS>,0.8999610543251038
104,decoder_masked,1,1,선생님은,1,선생님은,0.10003893077373505
104,decoder_masked,1,1,선생님은,2,로봇을,0.0
104,decoder_masked,1,1,선생님은,3,좋아한다,0.0
104,decoder_masked,1,2,로봇을,0,<SOS>,0.45525801181793213
104,decoder_masked,1,2,로봇을,1,선생님은,0.3889404833316803
104,decoder_masked,1,2,로봇을,2,로봇을,0.155801460146904
104,decoder_masked,1,2,로봇을,3,좋아한다,0.0
104,decoder_masked,1,3,좋아한다,0,<SOS>,0.3558509349822998
104,decoder_masked,1,3,좋아한다,1,선생님은,0.07328306138515472
104,decoder_masked,1,3,좋아한다,2,로봇을,0.44045960903167725
104,decoder_masked,1,3,좋아한다,3,좋아한다,0.13040634989738464
104,decoder_cross,0,0,<SOS>,0,The,0.15686540305614471
104,decoder_cross,0,0,<SOS>,1,teacher,0.09621793031692505
104,decoder_cross,0,0,<SOS>,2,likes,0.47382092475891113
104,decoder_cross,0,0,<SOS>,3,robots,0.18396514654159546
104,decoder_cross,0,0,<SOS>,4,<EOS>,0.08913061022758484
104,decoder_cross,0,1,선생님은,0,The,0.21711406111717224
104,decoder_cross,0,1,선생님은,1,teacher,0.14506925642490387
104,decoder_cross,0,1,선생님은,2,likes,0.28769010305404663
104,decoder_cross,0,1,선생님은,3,robots,0.18966670334339142
104,decoder_cross,0,1,선생님은,4,<EOS>,0.16045993566513062
104,decoder_cross,0,2,로봇을,0,The,0.13796955347061157
104,decoder_cross,0,2,로봇을,1,teacher,0.17171896994113922
104,decoder_cross,0,2,로봇을,2,likes,0.3087458610534668
104,decoder_cross,0,2,로봇을,3,robots,0.289000540971756
104,decoder_cross,0,2,로봇을,4,<EOS>,0.0925651341676712
104,decoder_cross,0,3,좋아한다,0,The,0.20538273453712463
104,decoder_cross,0,3,좋아한다,1,teacher,0.1463906615972519
104,decoder_cross,0,3,좋아한다,2,likes,0.29716816544532776
104,decoder_cross,0,3,좋아한다,3,robots,0.2019415646791458
104,decoder_cross,0,3,좋아한다,4,<EOS>,0.1491168588399887
104,decoder_cross,1,0,<SOS>,0,The,0.17156681418418884
104,decoder_cross,1,0,<SOS>,1,teacher,0.19287671148777008
104,decoder_cross,1,0,<SOS>,2,likes,0.22372737526893616
104,decoder_cross,1,0,<SOS>,3,robots,0.23100687563419342
104,decoder_cross,1,0,<SOS>,4,<EOS>,0.1808221936225891
104,decoder_cross,1,1,선생님은,0,The,0.20705735683441162
104,decoder_cross,1,1,선생님은,1,teacher,0.22024303674697876
104,decoder_cross,1,1,선생님은,2,likes,0.12777990102767944
104,decoder_cross,1,1,선생님은,3,robots,0.23630043864250183
104,decoder_cross,1,1,선생님은,4,<EOS>,0.20861923694610596
104,decoder_cross,1,2,로봇을,0,The,0.19946950674057007
104,decoder_cross,1,2,로봇을,1,teacher,0.17941710352897644
104,decoder_cross,1,2,로봇을,2,likes,0.2511589229106903
104,decoder_cross,1,2,로봇을,3,robots,0.19071383774280548
104,decoder_cross,1,2,로봇을,4,<EOS>,0.17924056947231293
104,decoder_cross,1,3,좋아한다,0,The,0.21195131540298462
104,decoder_cross,1,3,좋아한다,1,teacher,0.21766071021556854
104,decoder_cross,1,3,좋아한다,2,likes,0.15448932349681854
104,decoder_cross,1,3,좋아한다,3,robots,0.202583909034729
104,decoder_cross,1,3,좋아한다,4,<EOS>,0.21331480145454407
105,encoder_self,0,0,The,0,The,0.2801109850406647
105,encoder_self,0,0,The,1,teacher,0.020159203559160233
105,encoder_self,0,0,The,2,likes,0.010534479282796383
105,encoder_self,0,0,The,3,robots,0.08729235082864761
105,encoder_self,0,0,The,4,<EOS>,0.6019029021263123
105,encoder_self,0,1,teacher,0,The,0.03727307915687561
105,encoder_self,0,1,teacher,1,teacher,0.31809258460998535
105,encoder_self,0,1,teacher,2,likes,0.44959723949432373
105,encoder_self,0,1,teacher,3,robots,0.043875403702259064
105,encoder_self,0,1,teacher,4,<EOS>,0.15116168558597565
105,encoder_self,0,2,likes,0,The,0.13294705748558044
105,encoder_self,0,2,likes,1,teacher,0.37857770919799805
105,encoder_self,0,2,likes,2,likes,0.09679830074310303
105,encoder_self,0,2,likes,3,robots,0.20399321615695953
105,encoder_self,0,2,likes,4,<EOS>,0.18768379092216492
105,encoder_self,0,3,robots,0,The,0.003344269236549735
105,encoder_self,0,3,robots,1,teacher,0.08390754461288452
105,encoder_self,0,3,robots,2,likes,0.6884156465530396
105,encoder_self,0,3,robots,3,robots,0.21517494320869446
105,encoder_self,0,3,robots,4,<EOS>,0.009157627820968628
105,encoder_self,0,4,<EOS>,0,The,0.11433815956115723
105,encoder_self,0,4,<EOS>,1,teacher,0.16160762310028076
105,encoder_self,0,4,<EOS>,2,likes,0.0816340446472168
105,encoder_self,0,4,<EOS>,3,robots,0.15253980457782745
105,encoder_self,0,4,<EOS>,4,<EOS>,0.4898803234100342
105,encoder_self,1,0,The,0,The,0.014448591507971287
105,encoder_self,1,0,The,1,teacher,0.00014622934395447373
105,encoder_self,1,0,The,2,likes,0.000157451955601573
105,encoder_self,1,0,The,3,robots,0.9742834568023682
105,encoder_self,1,0,The,4,<EOS>,0.01096431165933609
105,encoder_self,1,1,teacher,0,The,0.17439255118370056
105,encoder_self,1,1,teacher,1,teacher,0.17562732100486755
105,encoder_self,1,1,teacher,2,likes,0.3127686083316803
105,encoder_self,1,1,teacher,3,robots,0.07908672094345093
105,encoder_self,1,1,teacher,4,<EOS>,0.2581249177455902
105,encoder_self,1,2,likes,0,The,0.09488238394260406
105,encoder_self,1,2,likes,1,teacher,0.3138826787471771
105,encoder_self,1,2,likes,2,likes,0.4503014087677002
105,encoder_self,1,2,likes,3,robots,0.04307492822408676
105,encoder_self,1,2,likes,4,<EOS>,0.09785860031843185
105,encoder_self,1,3,robots,0,The,0.06433313339948654
105,encoder_self,1,3,robots,1,teacher,0.28794336318969727
105,encoder_self,1,3,robots,2,likes,0.33460676670074463
105,encoder_self,1,3,robots,3,robots,0.0015979058807715774
105,encoder_self,1,3,robots,4,<EOS>,0.3115188777446747
105,encoder_self,1,4,<EOS>,0,The,0.018926015123724937
105,encoder_self,1,4,<EOS>,1,teacher,0.00038496172055602074
105,encoder_self,1,4,<EOS>,2,likes,0.0005965367308817804
105,encoder_self,1,4,<EOS>,3,robots,0.9710739850997925
105,encoder_self,1,4,<EOS>,4,<EOS>,0.009018447250127792
105,decoder_masked,0,0,<SOS>,0,<SOS>,1.0
105,decoder_masked,0,0,<SOS>,1,선생님은,0.0
105,decoder_masked,0,0,<SOS>,2,로봇을,0.0
105,decoder_masked,0,0,<SOS>,3,좋아한다,0.0
105,decoder_masked,0,1,선생님은,0,<SOS>,0.9210554361343384
105,decoder_masked,0,1,선생님은,1,선생님은,0.0789446085691452
105,decoder_masked,0,1,선생님은,2,로봇을,0.0
105,decoder_masked,0,1,선생님은,3,좋아한다,0.0
105,decoder_masked,0,2,로봇을,0,<SOS>,0.2150052934885025
105,decoder_masked,0,2,로봇을,1,선생님은,0.6111708879470825
105,decoder_masked,0,2,로봇을,2,로봇을,0.17382383346557617
105,decoder_masked,0,2,로봇을,3,좋아한다,0.0
105,decoder_masked,0,3,좋아한다,0,<SOS>,0.9129610061645508
105,decoder_masked,0,3,좋아한다,1,선생님은,0.028880713507533073
105,decoder_masked,0,3,좋아한다,2,로봇을,0.03132576495409012
105,decoder_masked,0,3,좋아한다,3,좋아한다,0.02683258429169655
105,decoder_masked,1,0,<SOS>,0,<SOS>,1.0
105,decoder_masked,1,0,<SOS>,1,선생님은,0.0
105,decoder_masked,1,0,<SOS>,2,로봇을,0.0
105,decoder_masked,1,0,<SOS>,3,좋아한다,0.0
105,decoder_masked,1,1,선생님은,0,<SOS>,0.8950931429862976
105,decoder_masked,1,1,선생님은,1,선생님은,0.10490688681602478
105,decoder_masked,1,1,선생님은,2,로봇을,0.0
105,decoder_masked,1,1,선생님은,3,좋아한다,0.0
105,decoder_masked,1,2,로봇을,0,<SOS>,0.45489540696144104
105,decoder_masked,1,2,로봇을,1,선생님은,0.3883560597896576
105,decoder_masked,1,2,로봇을,2,로봇을,0.15674853324890137
105,decoder_masked,1,2,로봇을,3,좋아한다,0.0
105,decoder_masked,1,3,좋아한다,0,<SOS>,0.34774050116539
105,decoder_masked,1,3,좋아한다,1,선생님은,0.07410980015993118
105,decoder_masked,1,3,좋아한다,2,로봇을,0.44889867305755615
105,decoder_masked,1,3,좋아한다,3,좋아한다,0.12925104796886444
105,decoder_cross,0,0,<SOS>,0,The,0.15585441887378693
105,decoder_cross,0,0,<SOS>,1,teacher,0.0963963195681572
105,decoder_cross,0,0,<SOS>,2,likes,0.4741136133670807
105,decoder_cross,0,0,<SOS>,3,robots,0.1847260743379593
105,decoder_cross,0,0,<SOS>,4,<EOS>,0.08890948444604874
105,decoder_cross,0,1,선생님은,0,The,0.21559937298297882
105,decoder_cross,0,1,선생님은,1,teacher,0.14551971852779388
105,decoder_cross,0,1,선생님은,2,likes,0.2884311378002167
105,decoder_cross,0,1,선생님은,3,robots,0.19099044799804688
105,decoder_cross,0,1,선생님은,4,<EOS>,0.15945929288864136
105,decoder_cross,0,2,로봇을,0,The,0.136930450797081
105,decoder_cross,0,2,로봇을,1,teacher,0.17158646881580353
105,decoder_cross,0,2,로봇을,2,likes,0.3092394173145294
105,decoder_cross,0,2,로봇을,3,robots,0.2902655303478241
105,decoder_cross,0,2,로봇을,4,<EOS>,0.09197813272476196
105,decoder_cross,0,3,좋아한다,0,The,0.20448678731918335
105,decoder_cross,0,3,좋아한다,1,teacher,0.14626237750053406
105,decoder_cross,0,3,좋아한다,2,likes,0.2982586622238159
105,decoder_cross,0,3,좋아한다,3,robots,0.20271845161914825
105,decoder_cross,0,3,좋아한다,4,<EOS>,0.14827370643615723
105,decoder_cross,1,0,<SOS>,0,The,0.1716405302286148
105,decoder_cross,1,0,<SOS>,1,teacher,0.19287538528442383
105,decoder_cross,1,0,<SOS>,2,likes,0.22359323501586914
105,decoder_cross,1,0,<SOS>,3,robots,0.23096555471420288
105,decoder_cross,1,0,<SOS>,4,<EOS>,0.18092527985572815
105,decoder_cross,1,1,선생님은,0,The,0.20712226629257202
105,decoder_cross,1,1,선생님은,1,teacher,0.22007963061332703
105,decoder_cross,1,1,선생님은,2,likes,0.12801671028137207
105,decoder_cross,1,1,선생님은,3,robots,0.23625116050243378
105,decoder_cross,1,1,선생님은,4,<EOS>,0.2085302472114563
105,decoder_cross,1,2,로봇을,0,The,0.19931109249591827
105,decoder_cross,1,2,로봇을,1,teacher,0.17959529161453247
105,decoder_cross,1,2,로봇을,2,likes,0.25051072239875793
105,decoder_cross,1,2,로봇을,3,robots,0.19146059453487396
105,decoder_cross,1,2,로봇을,4,<EOS>,0.17912225425243378
105,decoder_cross,1,3,좋아한다,0,The,0.21200399100780487
105,decoder_cross,1,3,좋아한다,1,teacher,0.21764667332172394
105,decoder_cross,1,3,좋아한다,2,likes,0.15432024002075195
105,decoder_cross,1,3,좋아한다,3,robots,0.2028058022260666
105,decoder_cross,1,3,좋아한다,4,<EOS>,0.21322326362133026
106,encoder_self,0,0,The,0,The,0.2779785692691803
106,encoder_self,0,0,The,1,teacher,0.02041528932750225
106,encoder_self,0,0,The,2,likes,0.010675094090402126
106,encoder_self,0,0,The,3,robots,0.08888360112905502
106,encoder_self,0,0,The,4,<EOS>,0.6020475029945374
106,encoder_self,0,1,teacher,0,The,0.03694648668169975
106,encoder_self,0,1,teacher,1,teacher,0.3183894455432892
106,encoder_self,0,1,teacher,2,likes,0.44998297095298767
106,encoder_self,0,1,teacher,3,robots,0.044177450239658356
106,encoder_self,0,1,teacher,4,<EOS>,0.15050369501113892
106,encoder_self,0,2,likes,0,The,0.13327519595623016
106,encoder_self,0,2,likes,1,teacher,0.3780090808868408
106,encoder_self,0,2,likes,2,likes,0.0965370386838913
106,encoder_self,0,2,likes,3,robots,0.20415431261062622
106,encoder_self,0,2,likes,4,<EOS>,0.18802432715892792
106,encoder_self,0,3,robots,0,The,0.003317297203466296
106,encoder_self,0,3,robots,1,teacher,0.08376510441303253
106,encoder_self,0,3,robots,2,likes,0.6890736818313599
106,encoder_self,0,3,robots,3,robots,0.21474289894104004
106,encoder_self,0,3,robots,4,<EOS>,0.009101073257625103
106,encoder_self,0,4,<EOS>,0,The,0.11301673948764801
106,encoder_self,0,4,<EOS>,1,teacher,0.16260969638824463
106,encoder_self,0,4,<EOS>,2,likes,0.08216387033462524
106,encoder_self,0,4,<EOS>,3,robots,0.1544865369796753
106,encoder_self,0,4,<EOS>,4,<EOS>,0.48772308230400085
106,encoder_self,1,0,The,0,The,0.013651701621711254
106,encoder_self,1,0,The,1,teacher,0.00013983227836433798
106,encoder_self,1,0,The,2,likes,0.00015275114856194705
106,encoder_self,1,0,The,3,robots,0.9755929708480835
106,encoder_self,1,0,The,4,<EOS>,0.010462622158229351
106,encoder_self,1,1,teacher,0,The,0.17431609332561493
106,encoder_self,1,1,teacher,1,teacher,0.17544475197792053
106,encoder_self,1,1,teacher,2,likes,0.31295058131217957
106,encoder_self,1,1,teacher,3,robots,0.07929709553718567
106,encoder_self,1,1,teacher,4,<EOS>,0.2579914927482605
106,encoder_self,1,2,likes,0,The,0.09557738155126572
106,encoder_self,1,2,likes,1,teacher,0.3144548237323761
106,encoder_self,1,2,likes,2,likes,0.44889822602272034
106,encoder_self,1,2,likes,3,robots,0.042849838733673096
106,encoder_self,1,2,likes,4,<EOS>,0.09821974486112595
106,encoder_self,1,3,robots,0,The,0.0641719326376915
106,encoder_self,1,3,robots,1,teacher,0.2876872420310974
106,encoder_self,1,3,robots,2,likes,0.33535102009773254
106,encoder_self,1,3,robots,3,robots,0.0015861017163842916
106,encoder_self,1,3,robots,4,<EOS>,0.31120362877845764
106,encoder_self,1,4,<EOS>,0,The,0.018190991133451462
106,encoder_self,1,4,<EOS>,1,teacher,0.0003731063334271312
106,encoder_self,1,4,<EOS>,2,likes,0.0005840682424604893
106,encoder_self,1,4,<EOS>,3,robots,0.9721279740333557
106,encoder_self,1,4,<EOS>,4,<EOS>,0.008723805658519268
106,decoder_masked,0,0,<SOS>,0,<SOS>,1.0
106,decoder_masked,0,0,<SOS>,1,선생님은,0.0
106,decoder_masked,0,0,<SOS>,2,로봇을,0.0
106,decoder_masked,0,0,<SOS>,3,좋아한다,0.0
106,decoder_masked,0,1,선생님은,0,<SOS>,0.9191714525222778
106,decoder_masked,0,1,선생님은,1,선생님은,0.08082856237888336
106,decoder_masked,0,1,선생님은,2,로봇을,0.0
106,decoder_masked,0,1,선생님은,3,좋아한다,0.0
106,decoder_masked,0,2,로봇을,0,<SOS>,0.20935124158859253
106,decoder_masked,0,2,로봇을,1,선생님은,0.6173505783081055
106,decoder_masked,0,2,로봇을,2,로봇을,0.1732981652021408
106,decoder_masked,0,2,로봇을,3,좋아한다,0.0
106,decoder_masked,0,3,좋아한다,0,<SOS>,0.91091388463974
106,decoder_masked,0,3,좋아한다,1,선생님은,0.029705185443162918
106,decoder_masked,0,3,좋아한다,2,로봇을,0.03186653554439545
106,decoder_masked,0,3,좋아한다,3,좋아한다,0.02751435898244381
106,decoder_masked,1,0,<SOS>,0,<SOS>,1.0
106,decoder_masked,1,0,<SOS>,1,선생님은,0.0
106,decoder_masked,1,0,<SOS>,2,로봇을,0.0
106,decoder_masked,1,0,<SOS>,3,좋아한다,0.0
106,decoder_masked,1,1,선생님은,0,<SOS>,0.886269211769104
106,decoder_masked,1,1,선생님은,1,선생님은,0.11373084038496017
106,decoder_masked,1,1,선생님은,2,로봇을,0.0
106,decoder_masked,1,1,선생님은,3,좋아한다,0.0
106,decoder_masked,1,2,로봇을,0,<SOS>,0.43015167117118835
106,decoder_masked,1,2,로봇을,1,선생님은,0.40769144892692566
106,decoder_masked,1,2,로봇을,2,로봇을,0.1621568500995636
106,decoder_masked,1,2,로봇을,3,좋아한다,0.0
106,decoder_masked,1,3,좋아한다,0,<SOS>,0.33425021171569824
106,decoder_masked,1,3,좋아한다,1,선생님은,0.07647886872291565
106,decoder_masked,1,3,좋아한다,2,로봇을,0.45861881971359253
106,decoder_masked,1,3,좋아한다,3,좋아한다,0.1306520253419876
106,decoder_cross,0,0,<SOS>,0,The,0.15619783103466034
106,decoder_cross,0,0,<SOS>,1,teacher,0.09630132466554642
106,decoder_cross,0,0,<SOS>,2,likes,0.4740985631942749
106,decoder_cross,0,0,<SOS>,3,robots,0.1842847317457199
106,decoder_cross,0,0,<SOS>,4,<EOS>,0.08911758661270142
106,decoder_cross,0,1,선생님은,0,The,0.21704453229904175
106,decoder_cross,0,1,선생님은,1,teacher,0.14544786512851715
106,decoder_cross,0,1,선생님은,2,likes,0.2868841886520386
106,decoder_cross,0,1,선생님은,3,robots,0.19015361368656158
106,decoder_cross,0,1,선생님은,4,<EOS>,0.16046975553035736
106,decoder_cross,0,2,로봇을,0,The,0.13835735619068146
106,decoder_cross,0,2,로봇을,1,teacher,0.17237234115600586
106,decoder_cross,0,2,로봇을,2,likes,0.30664804577827454
106,decoder_cross,0,2,로봇을,3,robots,0.28941842913627625
106,decoder_cross,0,2,로봇을,4,<EOS>,0.09320389479398727
106,decoder_cross,0,3,좋아한다,0,The,0.20616614818572998
106,decoder_cross,0,3,좋아한다,1,teacher,0.14604432880878448
106,decoder_cross,0,3,좋아한다,2,likes,0.29677262902259827
106,decoder_cross,0,3,좋아한다,3,robots,0.20155829191207886
106,decoder_cross,0,3,좋아한다,4,<EOS>,0.14945873618125916
106,decoder_cross,1,0,<SOS>,0,The,0.17173761129379272
106,decoder_cross,1,0,<SOS>,1,teacher,0.19299831986427307
106,decoder_cross,1,0,<SOS>,2,likes,0.22258855402469635
106,decoder_cross,1,0,<SOS>,3,robots,0.23165659606456757
106,decoder_cross,1,0,<SOS>,4,<EOS>,0.18101882934570312
106,decoder_cross,1,1,선생님은,0,The,0.20725692808628082
106,decoder_cross,1,1,선생님은,1,teacher,0.22009418904781342
106,decoder_cross,1,1,선생님은,2,likes,0.12691418826580048
106,decoder_cross,1,1,선생님은,3,robots,0.2374325841665268
106,decoder_cross,1,1,선생님은,4,<EOS>,0.2083020955324173
106,decoder_cross,1,2,로봇을,0,The,0.19977015256881714
106,decoder_cross,1,2,로봇을,1,teacher,0.17965054512023926
106,decoder_cross,1,2,로봇을,2,likes,0.24937379360198975
106,decoder_cross,1,2,로봇을,3,robots,0.19211100041866302
106,decoder_cross,1,2,로봇을,4,<EOS>,0.17909452319145203
106,decoder_cross,1,3,좋아한다,0,The,0.21221064031124115
106,decoder_cross,1,3,좋아한다,1,teacher,0.21762816607952118
106,decoder_cross,1,3,좋아한다,2,likes,0.15362995862960815
106,decoder_cross,1,3,좋아한다,3,robots,0.2034507840871811
106,decoder_cross,1,3,좋아한다,4,<EOS>,0.2130804806947708
107,encoder_self,0,0,The,0,The,0.27775534987449646
107,encoder_self,0,0,The,1,teacher,0.020426196977496147
107,encoder_self,0,0,The,2,likes,0.010654273442924023
107,encoder_self,0,0,The,3,robots,0.08916982263326645
107,encoder_self,0,0,The,4,<EOS>,0.6019943356513977
107,encoder_self,0,1,teacher,0,The,0.03697237744927406
107,encoder_self,0,1,teacher,1,teacher,0.31854766607284546
107,encoder_self,0,1,teacher,2,likes,0.44966766238212585
107,encoder_self,0,1,teacher,3,robots,0.044254403561353683
107,encoder_self,0,1,teacher,4,<EOS>,0.15055780112743378
107,encoder_self,0,2,likes,0,The,0.1333913803100586
107,encoder_self,0,2,likes,1,teacher,0.37794965505599976
107,encoder_self,0,2,likes,2,likes,0.09654780477285385
107,encoder_self,0,2,likes,3,robots,0.20403435826301575
107,encoder_self,0,2,likes,4,<EOS>,0.18807683885097504
107,encoder_self,0,3,robots,0,The,0.003315494628623128
107,encoder_self,0,3,robots,1,teacher,0.08378739655017853
107,encoder_self,0,3,robots,2,likes,0.6888743042945862
107,encoder_self,0,3,robots,3,robots,0.21492063999176025
107,encoder_self,0,3,robots,4,<EOS>,0.00910208560526371
107,encoder_self,0,4,<EOS>,0,The,0.11295438557863235
107,encoder_self,0,4,<EOS>,1,teacher,0.1626315414905548
107,encoder_self,0,4,<EOS>,2,likes,0.08199574798345566
107,encoder_self,0,4,<EOS>,3,robots,0.15486328303813934
107,encoder_self,0,4,<EOS>,4,<EOS>,0.48755499720573425
107,encoder_self,1,0,The,0,The,0.013636383228003979
107,encoder_self,1,0,The,1,teacher,0.0001388365781167522
107,encoder_self,1,0,The,2,likes,0.00014952417404856533
107,encoder_self,1,0,The,3,robots,0.9756568670272827
107,encoder_self,1,0,The,4,<EOS>,0.010418321006000042
107,encoder_self,1,1,teacher,0,The,0.17404420673847198
107,encoder_self,1,1,teacher,1,teacher,0.1755717694759369
107,encoder_self,1,1,teacher,2,likes,0.31311389803886414
107,encoder_self,1,1,teacher,3,robots,0.07943974435329437
107,encoder_self,1,1,teacher,4,<EOS>,0.25783035159111023
107,encoder_self,1,2,likes,0,The,0.09522426873445511
107,encoder_self,1,2,likes,1,teacher,0.3140577971935272
107,encoder_self,1,2,likes,2,likes,0.4500507712364197
107,encoder_self,1,2,likes,3,robots,0.04269162565469742
107,encoder_self,1,2,likes,4,<EOS>,0.0979754775762558
107,encoder_self,1,3,robots,0,The,0.06402970105409622
107,encoder_self,1,3,robots,1,teacher,0.2878037095069885
107,encoder_self,1,3,robots,2,likes,0.3357918858528137
107,encoder_self,1,3,robots,3,robots,0.0015874722739681602
107,encoder_self,1,3,robots,4,<EOS>,0.310787171125412
107,encoder_self,1,4,<EOS>,0,The,0.01815221644937992
107,encoder_self,1,4,<EOS>,1,teacher,0.0003714665654115379
107,encoder_self,1,4,<EOS>,2,likes,0.0005761631182394922
107,encoder_self,1,4,<EOS>,3,robots,0.9722062945365906
107,encoder_self,1,4,<EOS>,4,<EOS>,0.008693857118487358
107,decoder_masked,0,0,<SOS>,0,<SOS>,1.0
107,decoder_masked,0,0,<SOS>,1,선생님은,0.0
107,decoder_masked,0,0,<SOS>,2,로봇을,0.0
107,decoder_masked,0,0,<SOS>,3,좋아한다,0.0
107,decoder_masked,0,1,선생님은,0,<SOS>,0.9231441617012024
107,decoder_masked,0,1,선생님은,1,선생님은,0.07685586810112
107,decoder_masked,0,1,선생님은,2,로봇을,0.0
107,decoder_masked,0,1,선생님은,3,좋아한다,0.0
107,decoder_masked,0,2,로봇을,0,<SOS>,0.20719094574451447
107,decoder_masked,0,2,로봇을,1,선생님은,0.6197521686553955
107,decoder_masked,0,2,로봇을,2,로봇을,0.173056960105896
107,decoder_masked,0,2,로봇을,3,좋아한다,0.0
107,decoder_masked,0,3,좋아한다,0,<SOS>,0.9119693636894226
107,decoder_masked,0,3,좋아한다,1,선생님은,0.02932562120258808
107,decoder_masked,0,3,좋아한다,2,로봇을,0.03152858465909958
107,decoder_masked,0,3,좋아한다,3,좋아한다,0.02717646211385727
107,decoder_masked,1,0,<SOS>,0,<SOS>,1.0
107,decoder_masked,1,0,<SOS>,1,선생님은,0.0
107,decoder_masked,1,0,<SOS>,2,로봇을,0.0
107,decoder_masked,1,0,<SOS>,3,좋아한다,0.0
107,decoder_masked,1,1,선생님은,0,<SOS>,0.8875150680541992
107,decoder_masked,1,1,선생님은,1,선생님은,0.11248492449522018
107,decoder_masked,1,1,선생님은,2,로봇을,0.0
107,decoder_masked,1,1,선생님은,3,좋아한다,0.0
107,decoder_masked,1,2,로봇을,0,<SOS>,0.4300740957260132
107,decoder_masked,1,2,로봇을,1,선생님은,0.4077649712562561
107,decoder_masked,1,2,로봇을,2,로봇을,0.1621609628200531
107,decoder_masked,1,2,로봇을,3,좋아한다,0.0
107,decoder_masked,1,3,좋아한다,0,<SOS>,0.33580291271209717
107,decoder_masked,1,3,좋아한다,1,선생님은,0.07631316781044006
107,decoder_masked,1,3,좋아한다,2,로봇을,0.4570062756538391
107,decoder_masked,1,3,좋아한다,3,좋아한다,0.13087762892246246
107,decoder_cross,0,0,<SOS>,0,The,0.1557207554578781
107,decoder_cross,0,0,<SOS>,1,teacher,0.09630440920591354
107,decoder_cross,0,0,<SOS>,2,likes,0.47461336851119995
107,decoder_cross,0,0,<SOS>,3,robots,0.18431124091148376
107,decoder_cross,0,0,<SOS>,4,<EOS>,0.08905021846294403
107,decoder_cross,0,1,선생님은,0,The,0.21632783114910126
107,decoder_cross,0,1,선생님은,1,teacher,0.14490285515785217
107,decoder_cross,0,1,선생님은,2,likes,0.28888601064682007
107,decoder_cross,0,1,선생님은,3,robots,0.19007980823516846
107,decoder_cross,0,1,선생님은,4,<EOS>,0.1598035842180252
107,decoder_cross,0,2,로봇을,0,The,0.13812866806983948
107,decoder_cross,0,2,로봇을,1,teacher,0.17195403575897217
107,decoder_cross,0,2,로봇을,2,likes,0.30743011832237244
107,decoder_cross,0,2,로봇을,3,robots,0.2894359529018402
107,decoder_cross,0,2,로봇을,4,<EOS>,0.09305115789175034
107,decoder_cross,0,3,좋아한다,0,The,0.20567595958709717
107,decoder_cross,0,3,좋아한다,1,teacher,0.14581383764743805
107,decoder_cross,0,3,좋아한다,2,likes,0.2977934777736664
107,decoder_cross,0,3,좋아한다,3,robots,0.2015678733587265
107,decoder_cross,0,3,좋아한다,4,<EOS>,0.14914880692958832
107,decoder_cross,1,0,<SOS>,0,The,0.17152981460094452
107,decoder_cross,1,0,<SOS>,1,teacher,0.19284096360206604
107,decoder_cross,1,0,<SOS>,2,likes,0.22336524724960327
107,decoder_cross,1,0,<SOS>,3,robots,0.23130099475383759
107,decoder_cross,1,0,<SOS>,4,<EOS>,0.18096300959587097
107,decoder_cross,1,1,선생님은,0,The,0.20684432983398438
107,decoder_cross,1,1,선생님은,1,teacher,0.21999765932559967
107,decoder_cross,1,1,선생님은,2,likes,0.1277042180299759
107,decoder_cross,1,1,선생님은,3,robots,0.2371811866760254
107,decoder_cross,1,1,선생님은,4,<EOS>,0.20827260613441467
107,decoder_cross,1,2,로봇을,0,The,0.19946204125881195
107,decoder_cross,1,2,로봇을,1,teacher,0.17948271334171295
107,decoder_cross,1,2,로봇을,2,likes,0.2501976191997528
107,decoder_cross,1,2,로봇을,3,robots,0.19193698465824127
107,decoder_cross,1,2,로봇을,4,<EOS>,0.1789206713438034
107,decoder_cross,1,3,좋아한다,0,The,0.21195712685585022
107,decoder_cross,1,3,좋아한다,1,teacher,0.21758146584033966
107,decoder_cross,1,3,좋아한다,2,likes,0.15416845679283142
107,decoder_cross,1,3,좋아한다,3,robots,0.2032139003276825
107,decoder_cross,1,3,좋아한다,4,<EOS>,0.213079035282135
108,encoder_self,0,0,The,0,The,0.2785887122154236
108,encoder_self,0,0,The,1,teacher,0.02018021233379841
108,encoder_self,0,0,The,2,likes,0.010536443442106247
108,encoder_self,0,0,The,3,robots,0.08863407373428345
108,encoder_self,0,0,The,4,<EOS>,0.6020604968070984
108,encoder_self,0,1,teacher,0,The,0.03726976364850998
108,encoder_self,0,1,teacher,1,teacher,0.3175380825996399
108,encoder_self,0,1,teacher,2,likes,0.4491884708404541
108,encoder_self,0,1,teacher,3,robots,0.04441710188984871
108,encoder_self,0,1,teacher,4,<EOS>,0.1515866070985794
108,encoder_self,0,2,likes,0,The,0.13323724269866943
108,encoder_self,0,2,likes,1,teacher,0.378086119890213
108,encoder_self,0,2,likes,2,likes,0.09661729633808136
108,encoder_self,0,2,likes,3,robots,0.20410630106925964
108,encoder_self,0,2,likes,4,<EOS>,0.18795306980609894
108,encoder_self,0,3,robots,0,The,0.003354195039719343
108,encoder_self,0,3,robots,1,teacher,0.08385606110095978
108,encoder_self,0,3,robots,2,likes,0.6882873773574829
108,encoder_self,0,3,robots,3,robots,0.21532684564590454
108,encoder_self,0,3,robots,4,<EOS>,0.009175553917884827
108,encoder_self,0,4,<EOS>,0,The,0.11384983360767365
108,encoder_self,0,4,<EOS>,1,teacher,0.1608933061361313
108,encoder_self,0,4,<EOS>,2,likes,0.08114646375179291
108,encoder_self,0,4,<EOS>,3,robots,0.15435951948165894
108,encoder_self,0,4,<EOS>,4,<EOS>,0.4897508919239044
108,encoder_self,1,0,The,0,The,0.013766229152679443
108,encoder_self,1,0,The,1,teacher,0.00014026228745933622
108,encoder_self,1,0,The,2,likes,0.00015134977002162486
108,encoder_self,1,0,The,3,robots,0.9754465222358704
108,encoder_self,1,0,The,4,<EOS>,0.010495657101273537
108,encoder_self,1,1,teacher,0,The,0.17475858330726624
108,encoder_self,1,1,teacher,1,teacher,0.17533834278583527
108,encoder_self,1,1,teacher,2,likes,0.3122487962245941
108,encoder_self,1,1,teacher,3,robots,0.07905125617980957
108,encoder_self,1,1,teacher,4,<EOS>,0.25860297679901123
108,encoder_self,1,2,likes,0,The,0.09525442868471146
108,encoder_self,1,2,likes,1,teacher,0.31394869089126587
108,encoder_self,1,2,likes,2,likes,0.44998177886009216
108,encoder_self,1,2,likes,3,robots,0.04277346655726433
108,encoder_self,1,2,likes,4,<EOS>,0.09804165363311768
108,encoder_self,1,3,robots,0,The,0.06440427154302597
108,encoder_self,1,3,robots,1,teacher,0.2874978184700012
108,encoder_self,1,3,robots,2,likes,0.3341818153858185
108,encoder_self,1,3,robots,3,robots,0.001582245109602809
108,encoder_self,1,3,robots,4,<EOS>,0.31233376264572144
108,encoder_self,1,4,<EOS>,0,The,0.01833345554769039
108,encoder_self,1,4,<EOS>,1,teacher,0.00037366198375821114
108,encoder_self,1,4,<EOS>,2,likes,0.0005795197212137282
108,encoder_self,1,4,<EOS>,3,robots,0.971958339214325
108,encoder_self,1,4,<EOS>,4,<EOS>,0.008754948154091835
108,decoder_masked,0,0,<SOS>,0,<SOS>,1.0
108,decoder_masked,0,0,<SOS>,1,선생님은,0.0
108,decoder_masked,0,0,<SOS>,2,로봇을,0.0
108,decoder_masked,0,0,<SOS>,3,좋아한다,0.0
108,decoder_masked,0,1,선생님은,0,<SOS>,0.9298784136772156
108,decoder_masked,0,1,선생님은,1,선생님은,0.07012158632278442
108,decoder_masked,0,1,선생님은,2,로봇을,0.0
108,decoder_masked,0,1,선생님은,3,좋아한다,0.0
108,decoder_masked,0,2,로봇을,0,<SOS>,0.22021964192390442
108,decoder_masked,0,2,로봇을,1,선생님은,0.6164786219596863
108,decoder_masked,0,2,로봇을,2,로봇을,0.16330182552337646
108,decoder_masked,0,2,로봇을,3,좋아한다,0.0
108,decoder_masked,0,3,좋아한다,0,<SOS>,0.9292112588882446
108,decoder_masked,0,3,좋아한다,1,선생님은,0.02429385855793953
108,decoder_masked,0,3,좋아한다,2,로봇을,0.024195590987801552
108,decoder_masked,0,3,좋아한다,3,좋아한다,0.02229919843375683
108,decoder_masked,1,0,<SOS>,0,<SOS>,1.0
108,decoder_masked,1,0,<SOS>,1,선생님은,0.0
108,decoder_masked,1,0,<SOS>,2,로봇을,0.0
108,decoder_masked,1,0,<SOS>,3,좋아한다,0.0
108,decoder_masked,1,1,선생님은,0,<SOS>,0.8453191518783569
108,decoder_masked,1,1,선생님은,1,선생님은,0.15468086302280426
108,decoder_masked,1,1,선생님은,2,로봇을,0.0
108,decoder_masked,1,1,선생님은,3,좋아한다,0.0
108,decoder_masked,1,2,로봇을,0,<SOS>,0.364126980304718
108,decoder_masked,1,2,로봇을,1,선생님은,0.4537545144557953
108,decoder_masked,1,2,로봇을,2,로봇을,0.1821185201406479
108,decoder_masked,1,2,로봇을,3,좋아한다,0.0
108,decoder_masked,1,3,좋아한다,0,<SOS>,0.20817621052265167
108,decoder_masked,1,3,좋아한다,1,선생님은,0.09182818979024887
108,decoder_masked,1,3,좋아한다,2,로봇을,0.5594527721405029
108,decoder_masked,1,3,좋아한다,3,좋아한다,0.14054282009601593
108,decoder_cross,0,0,<SOS>,0,The,0.15605929493904114
108,decoder_cross,0,0,<SOS>,1,teacher,0.09664015471935272
108,decoder_cross,0,0,<SOS>,2,likes,0.4730410873889923
108,decoder_cross,0,0,<SOS>,3,robots,0.18546397984027863
108,decoder_cross,0,0,<SOS>,4,<EOS>,0.08879546821117401
108,decoder_cross,0,1,선생님은,0,The,0.2186003476381302
108,decoder_cross,0,1,선생님은,1,teacher,0.1481044888496399
108,decoder_cross,0,1,선생님은,2,likes,0.27933403849601746
108,decoder_cross,0,1,선생님은,3,robots,0.19181792438030243
108,decoder_cross,0,1,선생님은,4,<EOS>,0.16214318573474884
108,decoder_cross,0,2,로봇을,0,The,0.14319546520709991
108,decoder_cross,0,2,로봇을,1,teacher,0.17520391941070557
108,decoder_cross,0,2,로봇을,2,likes,0.29665422439575195
108,decoder_cross,0,2,로봇을,3,robots,0.2877454161643982
108,decoder_cross,0,2,로봇을,4,<EOS>,0.09720098227262497
108,decoder_cross,0,3,좋아한다,0,The,0.21425513923168182
108,decoder_cross,0,3,좋아한다,1,teacher,0.14718949794769287
108,decoder_cross,0,3,좋아한다,2,likes,0.28441280126571655
108,decoder_cross,0,3,좋아한다,3,robots,0.19874346256256104
108,decoder_cross,0,3,좋아한다,4,<EOS>,0.15539905428886414
108,decoder_cross,1,0,<SOS>,0,The,0.17222906649112701
108,decoder_cross,1,0,<SOS>,1,teacher,0.1930094212293625
108,decoder_cross,1,0,<SOS>,2,likes,0.2213781625032425
108,decoder_cross,1,0,<SOS>,3,robots,0.23248493671417236
108,decoder_cross,1,0,<SOS>,4,<EOS>,0.18089839816093445
108,decoder_cross,1,1,선생님은,0,The,0.20865318179130554
108,decoder_cross,1,1,선생님은,1,teacher,0.21991251409053802
108,decoder_cross,1,1,선생님은,2,likes,0.1252063363790512
108,decoder_cross,1,1,선생님은,3,robots,0.2384672462940216
108,decoder_cross,1,1,선생님은,4,<EOS>,0.20776067674160004
108,decoder_cross,1,2,로봇을,0,The,0.20119592547416687
108,decoder_cross,1,2,로봇을,1,teacher,0.17972467839717865
108,decoder_cross,1,2,로봇을,2,likes,0.24652309715747833
108,decoder_cross,1,2,로봇을,3,robots,0.19330273568630219
108,decoder_cross,1,2,로봇을,4,<EOS>,0.17925362288951874
108,decoder_cross,1,3,좋아한다,0,The,0.21398234367370605
108,decoder_cross,1,3,좋아한다,1,teacher,0.21648724377155304
108,decoder_cross,1,3,좋아한다,2,likes,0.15311545133590698
108,decoder_cross,1,3,좋아한다,3,robots,0.2043633908033371
108,decoder_cross,1,3,좋아한다,4,<EOS>,0.2120516151189804
109,encoder_self,0,0,The,0,The,0.2770416736602783
109,encoder_self,0,0,The,1,teacher,0.020443059504032135
109,encoder_self,0,0,The,2,likes,0.01074583176523447
109,encoder_self,0,0,The,3,robots,0.09001386165618896
109,encoder_self,0,0,The,4,<EOS>,0.6017555594444275
109,encoder_self,0,1,teacher,0,The,0.03648902475833893
109,encoder_self,0,1,teacher,1,teacher,0.31739678978919983
109,encoder_self,0,1,teacher,2,likes,0.45234715938568115
109,encoder_self,0,1,teacher,3,robots,0.04451805353164673
109,encoder_self,0,1,teacher,4,<EOS>,0.14924894273281097
109,encoder_self,0,2,likes,0,The,0.1333187222480774
109,encoder_self,0,2,likes,1,teacher,0.37797796726226807
109,encoder_self,0,2,likes,2,likes,0.09658145159482956
109,encoder_self,0,2,likes,3,robots,0.20409250259399414
109,encoder_self,0,2,likes,4,<EOS>,0.18802934885025024
109,encoder_self,0,3,robots,0,The,0.003336738096550107
109,encoder_self,0,3,robots,1,teacher,0.08375509083271027
109,encoder_self,0,3,robots,2,likes,0.6885259747505188
109,encoder_self,0,3,robots,3,robots,0.21523544192314148
109,encoder_self,0,3,robots,4,<EOS>,0.009146804921329021
109,encoder_self,0,4,<EOS>,0,The,0.11248934268951416
109,encoder_self,0,4,<EOS>,1,teacher,0.16225309669971466
109,encoder_self,0,4,<EOS>,2,likes,0.08243156224489212
109,encoder_self,0,4,<EOS>,3,robots,0.15619026124477386
109,encoder_self,0,4,<EOS>,4,<EOS>,0.48663565516471863
109,encoder_self,1,0,The,0,The,0.013588468544185162
109,encoder_self,1,0,The,1,teacher,0.00013698027760256082
109,encoder_self,1,0,The,2,likes,0.00014918540546204895
109,encoder_self,1,0,The,3,robots,0.975796103477478
109,encoder_self,1,0,The,4,<EOS>,0.010329180397093296
109,encoder_self,1,1,teacher,0,The,0.17341522872447968
109,encoder_self,1,1,teacher,1,teacher,0.17539116740226746
109,encoder_self,1,1,teacher,2,likes,0.31447190046310425
109,encoder_self,1,1,teacher,3,robots,0.07944201678037643
109,encoder_self,1,1,teacher,4,<EOS>,0.2572796940803528
109,encoder_self,1,2,likes,0,The,0.09511937201023102
109,encoder_self,1,2,likes,1,teacher,0.3145791292190552
109,encoder_self,1,2,likes,2,likes,0.44965460896492004
109,encoder_self,1,2,likes,3,robots,0.0426088348031044
109,encoder_self,1,2,likes,4,<EOS>,0.09803806245326996
109,encoder_self,1,3,robots,0,The,0.06379108875989914
109,encoder_self,1,3,robots,1,teacher,0.2876918911933899
109,encoder_self,1,3,robots,2,likes,0.3367839455604553
109,encoder_self,1,3,robots,3,robots,0.0015867468900978565
109,encoder_self,1,3,robots,4,<EOS>,0.310146301984787
109,encoder_self,1,4,<EOS>,0,The,0.01808098889887333
109,encoder_self,1,4,<EOS>,1,teacher,0.0003675509651657194
109,encoder_self,1,4,<EOS>,2,likes,0.0005756846512667835
109,encoder_self,1,4,<EOS>,3,robots,0.9723434448242188
109,encoder_self,1,4,<EOS>,4,<EOS>,0.008632339537143707
109,decoder_masked,0,0,<SOS>,0,<SOS>,1.0
109,decoder_masked,0,0,<SOS>,1,선생님은,0.0
109,decoder_masked,0,0,<SOS>,2,로봇을,0.0
109,decoder_masked,0,0,<SOS>,3,좋아한다,0.0
109,decoder_masked,0,1,선생님은,0,<SOS>,0.9235564470291138
109,decoder_masked,0,1,선생님은,1,선생님은,0.07644347101449966
109,decoder_masked,0,1,선생님은,2,로봇을,0.0
109,decoder_masked,0,1,선생님은,3,좋아한다,0.0
109,decoder_masked,0,2,로봇을,0,<SOS>,0.21772368252277374
109,decoder_masked,0,2,로봇을,1,선생님은,0.6192141175270081
109,decoder_masked,0,2,로봇을,2,로봇을,0.1630621999502182
109,decoder_masked,0,2,로봇을,3,좋아한다,0.0
109,decoder_masked,0,3,좋아한다,0,<SOS>,0.9267165064811707
109,decoder_masked,0,3,좋아한다,1,선생님은,0.024943765252828598
109,decoder_masked,0,3,좋아한다,2,로봇을,0.024446960538625717
109,decoder_masked,0,3,좋아한다,3,좋아한다,0.02389284037053585
109,decoder_masked,1,0,<SOS>,0,<SOS>,1.0
109,decoder_masked,1,0,<SOS>,1,선생님은,0.0
109,decoder_masked,1,0,<SOS>,2,로봇을,0.0
109,decoder_masked,1,0,<SOS>,3,좋아한다,0.0
109,decoder_masked,1,1,선생님은,0,<SOS>,0.849532961845398
109,decoder_masked,1,1,선생님은,1,선생님은,0.15046705305576324
109,decoder_masked,1,1,선생님은,2,로봇을,0.0
109,decoder_masked,1,1,선생님은,3,좋아한다,0.0
109,decoder_masked,1,2,로봇을,0,<SOS>,0.3634931147098541
109,decoder_masked,1,2,로봇을,1,선생님은,0.45427659153938293
109,decoder_masked,1,2,로봇을,2,로봇을,0.18223030865192413
109,decoder_masked,1,2,로봇을,3,좋아한다,0.0
109,decoder_masked,1,3,좋아한다,0,<SOS>,0.21132352948188782
109,decoder_masked,1,3,좋아한다,1,선생님은,0.09164129197597504
109,decoder_masked,1,3,좋아한다,2,로봇을,0.556380033493042
109,decoder_masked,1,3,좋아한다,3,좋아한다,0.14065520465373993
109,decoder_cross,0,0,<SOS>,0,The,0.15373413264751434
109,decoder_cross,0,0,<SOS>,1,teacher,0.09670946002006531
109,decoder_cross,0,0,<SOS>,2,likes,0.4753561019897461
109,decoder_cross,0,0,<SOS>,3,robots,0.1867699921131134
109,decoder_cross,0,0,<SOS>,4,<EOS>,0.08743032813072205
109,decoder_cross,0,1,선생님은,0,The,0.21628762781620026
109,decoder_cross,0,1,선생님은,1,teacher,0.14816859364509583
109,decoder_cross,0,1,선생님은,2,likes,0.2822224795818329
109,decoder_cross,0,1,선생님은,3,robots,0.19344249367713928
109,decoder_cross,0,1,선생님은,4,<EOS>,0.15987874567508698
109,decoder_cross,0,2,로봇을,0,The,0.14283889532089233
109,decoder_cross,0,2,로봇을,1,teacher,0.17538422346115112
109,decoder_cross,0,2,로봇을,2,likes,0.2968006432056427
109,decoder_cross,0,2,로봇을,3,robots,0.2879062592983246
109,decoder_cross,0,2,로봇을,4,<EOS>,0.09707006812095642
109,decoder_cross,0,3,좋아한다,0,The,0.2125544250011444
109,decoder_cross,0,3,좋아한다,1,teacher,0.14759211242198944
109,decoder_cross,0,3,좋아한다,2,likes,0.28574690222740173
109,decoder_cross,0,3,좋아한다,3,robots,0.19987843930721283
109,decoder_cross,0,3,좋아한다,4,<EOS>,0.15422815084457397
109,decoder_cross,1,0,<SOS>,0,The,0.17214280366897583
109,decoder_cross,1,0,<SOS>,1,teacher,0.19276981055736542
109,decoder_cross,1,0,<SOS>,2,likes,0.22235172986984253
109,decoder_cross,1,0,<SOS>,3,robots,0.2320071905851364
109,decoder_cross,1,0,<SOS>,4,<EOS>,0.18072843551635742
109,decoder_cross,1,1,선생님은,0,The,0.20842914283275604
109,decoder_cross,1,1,선생님은,1,teacher,0.21970562636852264
109,decoder_cross,1,1,선생님은,2,likes,0.12602251768112183
109,decoder_cross,1,1,선생님은,3,robots,0.23815138638019562
109,decoder_cross,1,1,선생님은,4,<EOS>,0.20769131183624268
109,decoder_cross,1,2,로봇을,0,The,0.20121930539608002
109,decoder_cross,1,2,로봇을,1,teacher,0.17968308925628662
109,decoder_cross,1,2,로봇을,2,likes,0.24674217402935028
109,decoder_cross,1,2,로봇을,3,robots,0.19316476583480835
109,decoder_cross,1,2,로봇을,4,<EOS>,0.1791907250881195
109,decoder_cross,1,3,좋아한다,0,The,0.21377165615558624
109,decoder_cross,1,3,좋아한다,1,teacher,0.21646980941295624
109,decoder_cross,1,3,좋아한다,2,likes,0.15367212891578674
109,decoder_cross,1,3,좋아한다,3,robots,0.2039719671010971
109,decoder_cross,1,3,좋아한다,4,<EOS>,0.2121143341064453
110,encoder_self,0,0,The,0,The,0.2759459912776947
110,encoder_self,0,0,The,1,teacher,0.020485345274209976
110,encoder_self,0,0,The,2,likes,0.010664737783372402
110,encoder_self,0,0,The,3,robots,0.09142518788576126
110,encoder_self,0,0,The,4,<EOS>,0.6014786958694458
110,encoder_self,0,1,teacher,0,The,0.03620760142803192
110,encoder_self,0,1,teacher,1,teacher,0.3189619779586792
110,encoder_self,0,1,teacher,2,likes,0.4506668448448181
110,encoder_self,0,1,teacher,3,robots,0.04541249945759773
110,encoder_self,0,1,teacher,4,<EOS>,0.14875105023384094
110,encoder_self,0,2,likes,0,The,0.1336614489555359
110,encoder_self,0,2,likes,1,teacher,0.3772851824760437
110,encoder_self,0,2,likes,2,likes,0.0970793068408966
110,encoder_self,0,2,likes,3,robots,0.20361639559268951
110,encoder_self,0,2,likes,4,<EOS>,0.1883576512336731
110,encoder_self,0,3,robots,0,The,0.0033226446248590946
110,encoder_self,0,3,robots,1,teacher,0.0844079852104187
110,encoder_self,0,3,robots,2,likes,0.6832461357116699
110,encoder_self,0,3,robots,3,robots,0.21989896893501282
110,encoder_self,0,3,robots,4,<EOS>,0.009124194271862507
110,encoder_self,0,4,<EOS>,0,The,0.11131791025400162
110,encoder_self,0,4,<EOS>,1,teacher,0.16299845278263092
110,encoder_self,0,4,<EOS>,2,likes,0.08154740929603577
110,encoder_self,0,4,<EOS>,3,robots,0.1599632054567337
110,encoder_self,0,4,<EOS>,4,<EOS>,0.484173059463501
110,encoder_self,1,0,The,0,The,0.0135349715128541
110,encoder_self,1,0,The,1,teacher,0.00013976274931337684
110,encoder_self,1,0,The,2,likes,0.00015505022020079195
110,encoder_self,1,0,The,3,robots,0.9757525324821472
110,encoder_self,1,0,The,4,<EOS>,0.010417603887617588
110,encoder_self,1,1,teacher,0,The,0.17533807456493378
110,encoder_self,1,1,teacher,1,teacher,0.1750485748052597
110,encoder_self,1,1,teacher,2,likes,0.3104318678379059
110,encoder_self,1,1,teacher,3,robots,0.08040348440408707
110,encoder_self,1,1,teacher,4,<EOS>,0.25877800583839417
110,encoder_self,1,2,likes,0,The,0.09580838680267334
110,encoder_self,1,2,likes,1,teacher,0.31515321135520935
110,encoder_self,1,2,likes,2,likes,0.44773247838020325
110,encoder_self,1,2,likes,3,robots,0.042773716151714325
110,encoder_self,1,2,likes,4,<EOS>,0.09853225201368332
110,encoder_self,1,3,robots,0,The,0.06459908187389374
110,encoder_self,1,3,robots,1,teacher,0.2874959409236908
110,encoder_self,1,3,robots,2,likes,0.3341812491416931
110,encoder_self,1,3,robots,3,robots,0.0016115546459332108
110,encoder_self,1,3,robots,4,<EOS>,0.31211206316947937
110,encoder_self,1,4,<EOS>,0,The,0.0179354976862669
110,encoder_self,1,4,<EOS>,1,teacher,0.0003638306516222656
110,encoder_self,1,4,<EOS>,2,likes,0.0005691827973350883
110,encoder_self,1,4,<EOS>,3,robots,0.9725677371025085
110,encoder_self,1,4,<EOS>,4,<EOS>,0.008563706651329994
110,decoder_masked,0,0,<SOS>,0,<SOS>,1.0
110,decoder_masked,0,0,<SOS>,1,선생님은,0.0
110,decoder_masked,0,0,<SOS>,2,로봇을,0.0
110,decoder_masked,0,0,<SOS>,3,좋아한다,0.0
110,decoder_masked,0,1,선생님은,0,<SOS>,0.9232380986213684
110,decoder_masked,0,1,선생님은,1,선생님은,0.0767618715763092
110,decoder_masked,0,1,선생님은,2,로봇을,0.0
110,decoder_masked,0,1,선생님은,3,좋아한다,0.0
110,decoder_masked,0,2,로봇을,0,<SOS>,0.2176813930273056
110,decoder_masked,0,2,로봇을,1,선생님은,0.6196991801261902
110,decoder_masked,0,2,로봇을,2,로봇을,0.1626194268465042
110,decoder_masked,0,2,로봇을,3,좋아한다,0.0
110,decoder_masked,0,3,좋아한다,0,<SOS>,0.9266016483306885
110,decoder_masked,0,3,좋아한다,1,선생님은,0.02501361444592476
110,decoder_masked,0,3,좋아한다,2,로봇을,0.024448154494166374
110,decoder_masked,0,3,좋아한다,3,좋아한다,0.02393665909767151
110,decoder_masked,1,0,<SOS>,0,<SOS>,1.0
110,decoder_masked,1,0,<SOS>,1,선생님은,0.0
110,decoder_masked,1,0,<SOS>,2,로봇을,0.0
110,decoder_masked,1,0,<SOS>,3,좋아한다,0.0
110,decoder_masked,1,1,선생님은,0,<SOS>,0.8418424129486084
110,decoder_masked,1,1,선생님은,1,선생님은,0.1581576019525528
110,decoder_masked,1,1,선생님은,2,로봇을,0.0
110,decoder_masked,1,1,선생님은,3,좋아한다,0.0
110,decoder_masked,1,2,로봇을,0,<SOS>,0.3488151729106903
110,decoder_masked,1,2,로봇을,1,선생님은,0.4668620526790619
110,decoder_masked,1,2,로봇을,2,로봇을,0.1843227595090866
110,decoder_masked,1,2,로봇을,3,좋아한다,0.0
110,decoder_masked,1,3,좋아한다,0,<SOS>,0.20639224350452423
110,decoder_masked,1,3,좋아한다,1,선생님은,0.09327809512615204
110,decoder_masked,1,3,좋아한다,2,로봇을,0.5589936375617981
110,decoder_masked,1,3,좋아한다,3,좋아한다,0.14133605360984802
110,decoder_cross,0,0,<SOS>,0,The,0.15051619708538055
110,decoder_cross,0,0,<SOS>,1,teacher,0.09617837518453598
110,decoder_cross,0,0,<SOS>,2,likes,0.4799674451351166
110,decoder_cross,0,0,<SOS>,3,robots,0.18773995339870453
110,decoder_cross,0,0,<SOS>,4,<EOS>,0.08559801429510117
110,decoder_cross,0,1,선생님은,0,The,0.21424393355846405
110,decoder_cross,0,1,선생님은,1,teacher,0.14823850989341736
110,decoder_cross,0,1,선생님은,2,likes,0.28446394205093384
110,decoder_cross,0,1,선생님은,3,robots,0.19492600858211517
110,decoder_cross,0,1,선생님은,4,<EOS>,0.15812760591506958
110,decoder_cross,0,2,로봇을,0,The,0.14154863357543945
110,decoder_cross,0,2,로봇을,1,teacher,0.17566955089569092
110,decoder_cross,0,2,로봇을,2,likes,0.2971514165401459
110,decoder_cross,0,2,로봇을,3,robots,0.2892571687698364
110,decoder_cross,0,2,로봇을,4,<EOS>,0.09637323021888733
110,decoder_cross,0,3,좋아한다,0,The,0.21151159703731537
110,decoder_cross,0,3,좋아한다,1,teacher,0.14730970561504364
110,decoder_cross,0,3,좋아한다,2,likes,0.2874022126197815
110,decoder_cross,0,3,좋아한다,3,robots,0.20044057071208954
110,decoder_cross,0,3,좋아한다,4,<EOS>,0.15333597362041473
110,decoder_cross,1,0,<SOS>,0,The,0.17194387316703796
110,decoder_cross,1,0,<SOS>,1,teacher,0.19309258460998535
110,decoder_cross,1,0,<SOS>,2,likes,0.22133281826972961
110,decoder_cross,1,0,<SOS>,3,robots,0.23287540674209595
110,decoder_cross,1,0,<SOS>,4,<EOS>,0.1807553470134735
110,decoder_cross,1,1,선생님은,0,The,0.20858129858970642
110,decoder_cross,1,1,선생님은,1,teacher,0.21995855867862701
110,decoder_cross,1,1,선생님은,2,likes,0.12466895580291748
110,decoder_cross,1,1,선생님은,3,robots,0.23898522555828094
110,decoder_cross,1,1,선생님은,4,<EOS>,0.20780594646930695
110,decoder_cross,1,2,로봇을,0,The,0.20144057273864746
110,decoder_cross,1,2,로봇을,1,teacher,0.17994670569896698
110,decoder_cross,1,2,로봇을,2,likes,0.24582891166210175
110,decoder_cross,1,2,로봇을,3,robots,0.1936061829328537
110,decoder_cross,1,2,로봇을,4,<EOS>,0.17917755246162415
110,decoder_cross,1,3,좋아한다,0,The,0.213981032371521
110,decoder_cross,1,3,좋아한다,1,teacher,0.21660636365413666
110,decoder_cross,1,3,좋아한다,2,likes,0.15291723608970642
110,decoder_cross,1,3,좋아한다,3,robots,0.20421302318572998
110,decoder_cross,1,3,좋아한다,4,<EOS>,0.21228232979774475
111,encoder_self,0,0,The,0,The,0.2754489481449127
111,encoder_self,0,0,The,1,teacher,0.020563147962093353
111,encoder_self,0,0,The,2,likes,0.01074041984975338
111,encoder_self,0,0,The,3,robots,0.09181508421897888
111,encoder_self,0,0,The,4,<EOS>,0.6014324426651001
111,encoder_self,0,1,teacher,0,The,0.03566134721040726
111,encoder_self,0,1,teacher,1,teacher,0.31881245970726013
111,encoder_self,0,1,teacher,2,likes,0.45277681946754456
111,encoder_self,0,1,teacher,3,robots,0.045550283044576645
111,encoder_self,0,1,teacher,4,<EOS>,0.14719907939434052
111,encoder_self,0,2,likes,0,The,0.1329105645418167
111,encoder_self,0,2,likes,1,teacher,0.3778530955314636
111,encoder_self,0,2,likes,2,likes,0.0973757803440094
111,encoder_self,0,2,likes,3,robots,0.20417727530002594
111,encoder_self,0,2,likes,4,<EOS>,0.18768329918384552
111,encoder_self,0,3,robots,0,The,0.0033559459261596203
111,encoder_self,0,3,robots,1,teacher,0.08451028168201447
111,encoder_self,0,3,robots,2,likes,0.6829468607902527
111,encoder_self,0,3,robots,3,robots,0.2199888974428177
111,encoder_self,0,3,robots,4,<EOS>,0.009197997860610485
111,encoder_self,0,4,<EOS>,0,The,0.11035057157278061
111,encoder_self,0,4,<EOS>,1,teacher,0.16393201053142548
111,encoder_self,0,4,<EOS>,2,likes,0.0824500173330307
111,encoder_self,0,4,<EOS>,3,robots,0.1612498015165329
111,encoder_self,0,4,<EOS>,4,<EOS>,0.4820175766944885
111,encoder_self,1,0,The,0,The,0.013359755277633667
111,encoder_self,1,0,The,1,teacher,0.0001408054813509807
111,encoder_self,1,0,The,2,likes,0.00015915230324026197
111,encoder_self,1,0,The,3,robots,0.9759657382965088
111,encoder_self,1,0,The,4,<EOS>,0.010374527424573898
111,encoder_self,1,1,teacher,0,The,0.17543372511863708
111,encoder_self,1,1,teacher,1,teacher,0.17497016489505768
111,encoder_self,1,1,teacher,2,likes,0.31018897891044617
111,encoder_self,1,1,teacher,3,robots,0.08075549453496933
111,encoder_self,1,1,teacher,4,<EOS>,0.2586516737937927
111,encoder_self,1,2,likes,0,The,0.09644811600446701
111,encoder_self,1,2,likes,1,teacher,0.3156049847602844
111,encoder_self,1,2,likes,2,likes,0.4460911750793457
111,encoder_self,1,2,likes,3,robots,0.042860113084316254
111,encoder_self,1,2,likes,4,<EOS>,0.09899561107158661
111,encoder_self,1,3,robots,0,The,0.06467559933662415
111,encoder_self,1,3,robots,1,teacher,0.2877194881439209
111,encoder_self,1,3,robots,2,likes,0.33398890495300293
111,encoder_self,1,3,robots,3,robots,0.00162461306899786
111,encoder_self,1,3,robots,4,<EOS>,0.31199145317077637
111,encoder_self,1,4,<EOS>,0,The,0.017762085422873497
111,encoder_self,1,4,<EOS>,1,teacher,0.0003638951457105577
111,encoder_self,1,4,<EOS>,2,likes,0.0005757033941335976
111,encoder_self,1,4,<EOS>,3,robots,0.9727832674980164
111,encoder_self,1,4,<EOS>,4,<EOS>,0.00851504597812891
111,decoder_masked,0,0,<SOS>,0,<SOS>,1.0
111,decoder_masked,0,0,<SOS>,1,선생님은,0.0
111,decoder_masked,0,0,<SOS>,2,로봇을,0.0
111,decoder_masked,0,0,<SOS>,3,좋아한다,0.0
111,decoder_masked,0,1,선생님은,0,<SOS>,0.9212091565132141
111,decoder_masked,0,1,선생님은,1,선생님은,0.07879089564085007
111,decoder_masked,0,1,선생님은,2,로봇을,0.0
111,decoder_masked,0,1,선생님은,3,좋아한다,0.0
111,decoder_masked,0,2,로봇을,0,<SOS>,0.21646173298358917
111,decoder_masked,0,2,로봇을,1,선생님은,0.6205472350120544
111,decoder_masked,0,2,로봇을,2,로봇을,0.16299103200435638
111,decoder_masked,0,2,로봇을,3,좋아한다,0.0
111,decoder_masked,0,3,좋아한다,0,<SOS>,0.9260338544845581
111,decoder_masked,0,3,좋아한다,1,선생님은,0.0251733660697937
111,decoder_masked,0,3,좋아한다,2,로봇을,0.024657752364873886
111,decoder_masked,0,3,좋아한다,3,좋아한다,0.024135123938322067
111,decoder_masked,1,0,<SOS>,0,<SOS>,1.0
111,decoder_masked,1,0,<SOS>,1,선생님은,0.0
111,decoder_masked,1,0,<SOS>,2,로봇을,0.0
111,decoder_masked,1,0,<SOS>,3,좋아한다,0.0
111,decoder_masked,1,1,선생님은,0,<SOS>,0.8413535356521606
111,decoder_masked,1,1,선생님은,1,선생님은,0.15864646434783936
111,decoder_masked,1,1,선생님은,2,로봇을,0.0
111,decoder_masked,1,1,선생님은,3,좋아한다,0.0
111,decoder_masked,1,2,로봇을,0,<SOS>,0.34826645255088806
111,decoder_masked,1,2,로봇을,1,선생님은,0.4672735035419464
111,decoder_masked,1,2,로봇을,2,로봇을,0.1844600886106491
111,decoder_masked,1,2,로봇을,3,좋아한다,0.0
111,decoder_masked,1,3,좋아한다,0,<SOS>,0.2061164230108261
111,decoder_masked,1,3,좋아한다,1,선생님은,0.09317909926176071
111,decoder_masked,1,3,좋아한다,2,로봇을,0.5595166683197021
111,decoder_masked,1,3,좋아한다,3,좋아한다,0.14118780195713043
111,decoder_cross,0,0,<SOS>,0,The,0.1482049524784088
111,decoder_cross,0,0,<SOS>,1,teacher,0.09594446420669556
111,decoder_cross,0,0,<SOS>,2,likes,0.48308974504470825
111,decoder_cross,0,0,<SOS>,3,robots,0.1884014755487442
111,decoder_cross,0,0,<SOS>,4,<EOS>,0.08435935527086258
111,decoder_cross,0,1,선생님은,0,The,0.2121320366859436
111,decoder_cross,0,1,선생님은,1,teacher,0.14806124567985535
111,decoder_cross,0,1,선생님은,2,likes,0.2874327600002289
111,decoder_cross,0,1,선생님은,3,robots,0.19602881371974945
111,decoder_cross,0,1,선생님은,4,<EOS>,0.15634508430957794
111,decoder_cross,0,2,로봇을,0,The,0.14059282839298248
111,decoder_cross,0,2,로봇을,1,teacher,0.1756645292043686
111,decoder_cross,0,2,로봇을,2,likes,0.2983448803424835
111,decoder_cross,0,2,로봇을,3,robots,0.2895538806915283
111,decoder_cross,0,2,로봇을,4,<EOS>,0.09584394097328186
111,decoder_cross,0,3,좋아한다,0,The,0.21020552515983582
111,decoder_cross,0,3,좋아한다,1,teacher,0.1473608911037445
111,decoder_cross,0,3,좋아한다,2,likes,0.28888174891471863
111,decoder_cross,0,3,좋아한다,3,robots,0.2010185867547989
111,decoder_cross,0,3,좋아한다,4,<EOS>,0.15253318846225739
111,decoder_cross,1,0,<SOS>,0,The,0.17149685323238373
111,decoder_cross,1,0,<SOS>,1,teacher,0.19283482432365417
111,decoder_cross,1,0,<SOS>,2,likes,0.22278550267219543
111,decoder_cross,1,0,<SOS>,3,robots,0.23239082098007202
111,decoder_cross,1,0,<SOS>,4,<EOS>,0.18049199879169464
111,decoder_cross,1,1,선생님은,0,The,0.20824235677719116
111,decoder_cross,1,1,선생님은,1,teacher,0.2199828028678894
111,decoder_cross,1,1,선생님은,2,likes,0.12531855702400208
111,decoder_cross,1,1,선생님은,3,robots,0.23859046399593353
111,decoder_cross,1,1,선생님은,4,<EOS>,0.2078658640384674
111,decoder_cross,1,2,로봇을,0,The,0.20129671692848206
111,decoder_cross,1,2,로봇을,1,teacher,0.1798083484172821
111,decoder_cross,1,2,로봇을,2,likes,0.24653825163841248
111,decoder_cross,1,2,로봇을,3,robots,0.19329899549484253
111,decoder_cross,1,2,로봇을,4,<EOS>,0.1790577620267868
111,decoder_cross,1,3,좋아한다,0,The,0.21370543539524078
111,decoder_cross,1,3,좋아한다,1,teacher,0.21649211645126343
111,decoder_cross,1,3,좋아한다,2,likes,0.15384866297245026
111,decoder_cross,1,3,좋아한다,3,robots,0.2036445587873459
111,decoder_cross,1,3,좋아한다,4,<EOS>,0.21230927109718323
112,encoder_self,0,0,The,0,The,0.28767725825309753
112,encoder_self,0,0,The,1,teacher,0.01817326620221138
112,encoder_self,0,0,The,2,likes,0.008599345572292805
112,encoder_self,0,0,The,3,robots,0.08295384049415588
112,encoder_self,0,0,The,4,<EOS>,0.6025962829589844
112,encoder_self,0,1,teacher,0,The,0.03995013236999512
112,encoder_self,0,1,teacher,1,teacher,0.32125598192214966
112,encoder_self,0,1,teacher,2,likes,0.43117740750312805
112,encoder_self,0,1,teacher,3,robots,0.04612009972333908
112,encoder_self,0,1,teacher,4,<EOS>,0.1614963859319687
112,encoder_self,0,2,likes,0,The,0.13004246354103088
112,encoder_self,0,2,likes,1,teacher,0.38125768303871155
112,encoder_self,0,2,likes,2,likes,0.09984628856182098
112,encoder_self,0,2,likes,3,robots,0.20331571996212006
112,encoder_self,0,2,likes,4,<EOS>,0.18553785979747772
112,encoder_self,0,3,robots,0,The,0.00353653053753078
112,encoder_self,0,3,robots,1,teacher,0.0855758786201477
112,encoder_self,0,3,robots,2,likes,0.6768812537193298
112,encoder_self,0,3,robots,3,robots,0.2244126796722412
112,encoder_self,0,3,robots,4,<EOS>,0.00959356315433979
112,encoder_self,0,4,<EOS>,0,The,0.12068945914506912
112,encoder_self,0,4,<EOS>,1,teacher,0.1513235867023468
112,encoder_self,0,4,<EOS>,2,likes,0.06902438402175903
112,encoder_self,0,4,<EOS>,3,robots,0.15175238251686096
112,encoder_self,0,4,<EOS>,4,<EOS>,0.5072101950645447
112,encoder_self,1,0,The,0,The,0.014106636866927147
112,encoder_self,1,0,The,1,teacher,0.0001454757439205423
112,encoder_self,1,0,The,2,likes,0.00017952622147276998
112,encoder_self,1,0,The,3,robots,0.9750252366065979
112,encoder_self,1,0,The,4,<EOS>,0.010543234646320343
112,encoder_self,1,1,teacher,0,The,0.17496559023857117
112,encoder_self,1,1,teacher,1,teacher,0.17476117610931396
112,encoder_self,1,1,teacher,2,likes,0.312398225069046
112,encoder_self,1,1,teacher,3,robots,0.08039621263742447
112,encoder_self,1,1,teacher,4,<EOS>,0.25747886300086975
112,encoder_self,1,2,likes,0,The,0.09681820124387741
112,encoder_self,1,2,likes,1,teacher,0.3186655342578888
112,encoder_self,1,2,likes,2,likes,0.4406087100505829
112,encoder_self,1,2,likes,3,robots,0.043546758592128754
112,encoder_self,1,2,likes,4,<EOS>,0.10036084800958633
112,encoder_self,1,3,robots,0,The,0.06461958587169647
112,encoder_self,1,3,robots,1,teacher,0.28815022110939026
112,encoder_self,1,3,robots,2,likes,0.33416905999183655
112,encoder_self,1,3,robots,3,robots,0.0016280112322419882
112,encoder_self,1,3,robots,4,<EOS>,0.3114331066608429
112,encoder_self,1,4,<EOS>,0,The,0.018493719398975372
112,encoder_self,1,4,<EOS>,1,teacher,0.00037472040276043117
112,encoder_self,1,4,<EOS>,2,likes,0.0006317072547972202
112,encoder_self,1,4,<EOS>,3,robots,0.9718322157859802
112,encoder_self,1,4,<EOS>,4,<EOS>,0.008667642250657082
112,decoder_masked,0,0,<SOS>,0,<SOS>,1.0
112,decoder_masked,0,0,<SOS>,1,선생님은,0.0
112,decoder_masked,0,0,<SOS>,2,로봇을,0.0
112,decoder_masked,0,0,<SOS>,3,좋아한다,0.0
112,decoder_masked,0,1,선생님은,0,<SOS>,0.9217010736465454
112,decoder_masked,0,1,선생님은,1,선생님은,0.07829894870519638
112,decoder_masked,0,1,선생님은,2,로봇을,0.0
112,decoder_masked,0,1,선생님은,3,좋아한다,0.0
112,decoder_masked,0,2,로봇을,0,<SOS>,0.21608412265777588
112,decoder_masked,0,2,로봇을,1,선생님은,0.6208745241165161
112,decoder_masked,0,2,로봇을,2,로봇을,0.163041353225708
112,decoder_masked,0,2,로봇을,3,좋아한다,0.0
112,decoder_masked,0,3,좋아한다,0,<SOS>,0.9208726286888123
112,decoder_masked,0,3,좋아한다,1,선생님은,0.026416894048452377
112,decoder_masked,0,3,좋아한다,2,로봇을,0.026555733755230904
112,decoder_masked,0,3,좋아한다,3,좋아한다,0.026154866442084312
112,decoder_masked,1,0,<SOS>,0,<SOS>,1.0
112,decoder_masked,1,0,<SOS>,1,선생님은,0.0
112,decoder_masked,1,0,<SOS>,2,로봇을,0.0
112,decoder_masked,1,0,<SOS>,3,좋아한다,0.0
112,decoder_masked,1,1,선생님은,0,<SOS>,0.839838981628418
112,decoder_masked,1,1,선생님은,1,선생님은,0.1601610630750656
112,decoder_masked,1,1,선생님은,2,로봇을,0.0
112,decoder_masked,1,1,선생님은,3,좋아한다,0.0
112,decoder_masked,1,2,로봇을,0,<SOS>,0.3486674427986145
112,decoder_masked,1,2,로봇을,1,선생님은,0.46711352467536926
112,decoder_masked,1,2,로봇을,2,로봇을,0.18421900272369385
112,decoder_masked,1,2,로봇을,3,좋아한다,0.0
112,decoder_masked,1,3,좋아한다,0,<SOS>,0.2052387297153473
112,decoder_masked,1,3,좋아한다,1,선생님은,0.09314273297786713
112,decoder_masked,1,3,좋아한다,2,로봇을,0.5603599548339844
112,decoder_masked,1,3,좋아한다,3,좋아한다,0.14125849306583405
112,decoder_cross,0,0,<SOS>,0,The,0.15155765414237976
112,decoder_cross,0,0,<SOS>,1,teacher,0.09491334110498428
112,decoder_cross,0,0,<SOS>,2,likes,0.48192331194877625
112,decoder_cross,0,0,<SOS>,3,robots,0.18631409108638763
112,decoder_cross,0,0,<SOS>,4,<EOS>,0.0852915570139885
112,decoder_cross,0,1,선생님은,0,The,0.2195233404636383
112,decoder_cross,0,1,선생님은,1,teacher,0.14646339416503906
112,decoder_cross,0,1,선생님은,2,likes,0.2816513776779175
112,decoder_cross,0,1,선생님은,3,robots,0.19098635017871857
112,decoder_cross,0,1,선생님은,4,<EOS>,0.16137555241584778
112,decoder_cross,0,2,로봇을,0,The,0.14386965334415436
112,decoder_cross,0,2,로봇을,1,teacher,0.17503045499324799
112,decoder_cross,0,2,로봇을,2,likes,0.2968372106552124
112,decoder_cross,0,2,로봇을,3,robots,0.2871057093143463
112,decoder_cross,0,2,로봇을,4,<EOS>,0.09715701639652252
112,decoder_cross,0,3,좋아한다,0,The,0.21355542540550232
112,decoder_cross,0,3,좋아한다,1,teacher,0.14647938311100006
112,decoder_cross,0,3,좋아한다,2,likes,0.28672388195991516
112,decoder_cross,0,3,좋아한다,3,robots,0.19806994497776031
112,decoder_cross,0,3,좋아한다,4,<EOS>,0.15517134964466095
112,decoder_cross,1,0,<SOS>,0,The,0.17185446619987488
112,decoder_cross,1,0,<SOS>,1,teacher,0.19232849776744843
112,decoder_cross,1,0,<SOS>,2,likes,0.223297119140625
112,decoder_cross,1,0,<SOS>,3,robots,0.2324945032596588
112,decoder_cross,1,0,<SOS>,4,<EOS>,0.18002544343471527
112,decoder_cross,1,1,선생님은,0,The,0.20899958908557892
112,decoder_cross,1,1,선생님은,1,teacher,0.21954898536205292
112,decoder_cross,1,1,선생님은,2,likes,0.12483370304107666
112,decoder_cross,1,1,선생님은,3,robots,0.23881304264068604
112,decoder_cross,1,1,선생님은,4,<EOS>,0.20780465006828308
112,decoder_cross,1,2,로봇을,0,The,0.2014688104391098
112,decoder_cross,1,2,로봇을,1,teacher,0.1797998994588852
112,decoder_cross,1,2,로봇을,2,likes,0.2456301599740982
112,decoder_cross,1,2,로봇을,3,robots,0.19376018643379211
112,decoder_cross,1,2,로봇을,4,<EOS>,0.17934097349643707
112,decoder_cross,1,3,좋아한다,0,The,0.2136591225862503
112,decoder_cross,1,3,좋아한다,1,teacher,0.21619968116283417
112,decoder_cross,1,3,좋아한다,2,likes,0.15478816628456116
112,decoder_cross,1,3,좋아한다,3,robots,0.20289777219295502
112,decoder_cross,1,3,좋아한다,4,<EOS>,0.21245522797107697
113,encoder_self,0,0,The,0,The,0.2903788387775421
113,encoder_self,0,0,The,1,teacher,0.017643533647060394
113,encoder_self,0,0,The,2,likes,0.008254108019173145
113,encoder_self,0,0,The,3,robots,0.0790942832827568
113,encoder_self,0,0,The,4,<EOS>,0.6046291589736938
113,encoder_self,0,1,teacher,0,The,0.04098162055015564
113,encoder_self,0,1,teacher,1,teacher,0.3211416006088257
113,encoder_self,0,1,teacher,2,likes,0.4276341199874878
113,encoder_self,0,1,teacher,3,robots,0.04563700407743454
113,encoder_self,0,1,teacher,4,<EOS>,0.16460569202899933
113,encoder_self,0,2,likes,0,The,0.1304565966129303
113,encoder_self,0,2,likes,1,teacher,0.38108426332473755
113,encoder_self,0,2,likes,2,likes,0.0992782786488533
113,encoder_self,0,2,likes,3,robots,0.20330318808555603
113,encoder_self,0,2,likes,4,<EOS>,0.1858777105808258
113,encoder_self,0,3,robots,0,The,0.0035073133185505867
113,encoder_self,0,3,robots,1,teacher,0.08503115177154541
113,encoder_self,0,3,robots,2,likes,0.6818292737007141
113,encoder_self,0,3,robots,3,robots,0.2201126664876938
113,encoder_self,0,3,robots,4,<EOS>,0.009519638493657112
113,encoder_self,0,4,<EOS>,0,The,0.12324242293834686
113,encoder_self,0,4,<EOS>,1,teacher,0.1487947702407837
113,encoder_self,0,4,<EOS>,2,likes,0.0672077015042305
113,encoder_self,0,4,<EOS>,3,robots,0.1465928703546524
113,encoder_self,0,4,<EOS>,4,<EOS>,0.5141622424125671
113,encoder_self,1,0,The,0,The,0.013936799950897694
113,encoder_self,1,0,The,1,teacher,0.00014722369087394327
113,encoder_self,1,0,The,2,likes,0.0001807538646971807
113,encoder_self,1,0,The,3,robots,0.975207507610321
113,encoder_self,1,0,The,4,<EOS>,0.010527696460485458
113,encoder_self,1,1,teacher,0,The,0.17425258457660675
113,encoder_self,1,1,teacher,1,teacher,0.17471450567245483
113,encoder_self,1,1,teacher,2,likes,0.314289927482605
113,encoder_self,1,1,teacher,3,robots,0.08009159564971924
113,encoder_self,1,1,teacher,4,<EOS>,0.2566514313220978
113,encoder_self,1,2,likes,0,The,0.09753666073083878
113,encoder_self,1,2,likes,1,teacher,0.31823214888572693
113,encoder_self,1,2,likes,2,likes,0.43974462151527405
113,encoder_self,1,2,likes,3,robots,0.04382199048995972
113,encoder_self,1,2,likes,4,<EOS>,0.10066451877355576
113,encoder_self,1,3,robots,0,The,0.0636204332113266
113,encoder_self,1,3,robots,1,teacher,0.28724002838134766
113,encoder_self,1,3,robots,2,likes,0.3395966589450836
113,encoder_self,1,3,robots,3,robots,0.0016048287507146597
113,encoder_self,1,3,robots,4,<EOS>,0.3079380393028259
113,encoder_self,1,4,<EOS>,0,The,0.018373731523752213
113,encoder_self,1,4,<EOS>,1,teacher,0.00037877477006986737
113,encoder_self,1,4,<EOS>,2,likes,0.0006356551893986762
113,encoder_self,1,4,<EOS>,3,robots,0.9719377160072327
113,encoder_self,1,4,<EOS>,4,<EOS>,0.008674065582454205
113,decoder_masked,0,0,<SOS>,0,<SOS>,1.0
113,decoder_masked,0,0,<SOS>,1,선생님은,0.0
113,decoder_masked,0,0,<SOS>,2,로봇을,0.0
113,decoder_masked,0,0,<SOS>,3,좋아한다,0.0
113,decoder_masked,0,1,선생님은,0,<SOS>,0.9246761202812195
113,decoder_masked,0,1,선생님은,1,선생님은,0.07532385736703873
113,decoder_masked,0,1,선생님은,2,로봇을,0.0
113,decoder_masked,0,1,선생님은,3,좋아한다,0.0
113,decoder_masked,0,2,로봇을,0,<SOS>,0.20587091147899628
113,decoder_masked,0,2,로봇을,1,선생님은,0.636496365070343
113,decoder_masked,0,2,로봇을,2,로봇을,0.15763264894485474
113,decoder_masked,0,2,로봇을,3,좋아한다,0.0
113,decoder_masked,0,3,좋아한다,0,<SOS>,0.9282091856002808
113,decoder_masked,0,3,좋아한다,1,선생님은,0.02357294410467148
113,decoder_masked,0,3,좋아한다,2,로봇을,0.02479170635342598
113,decoder_masked,0,3,좋아한다,3,좋아한다,0.023426126688718796
113,decoder_masked,1,0,<SOS>,0,<SOS>,1.0
113,decoder_masked,1,0,<SOS>,1,선생님은,0.0
113,decoder_masked,1,0,<SOS>,2,로봇을,0.0
113,decoder_masked,1,0,<SOS>,3,좋아한다,0.0
113,decoder_masked,1,1,선생님은,0,<SOS>,0.8425271511077881
113,decoder_masked,1,1,선생님은,1,선생님은,0.15747280418872833
113,decoder_masked,1,1,선생님은,2,로봇을,0.0
113,decoder_masked,1,1,선생님은,3,좋아한다,0.0
113,decoder_masked,1,2,로봇을,0,<SOS>,0.3987919092178345
113,decoder_masked,1,2,로봇을,1,선생님은,0.43574902415275574
113,decoder_masked,1,2,로봇을,2,로봇을,0.16545912623405457
113,decoder_masked,1,2,로봇을,3,좋아한다,0.0
113,decoder_masked,1,3,좋아한다,0,<SOS>,0.20014803111553192
113,decoder_masked,1,3,좋아한다,1,선생님은,0.09112753719091415
113,decoder_masked,1,3,좋아한다,2,로봇을,0.5659893751144409
113,decoder_masked,1,3,좋아한다,3,좋아한다,0.1427350640296936
113,decoder_cross,0,0,<SOS>,0,The,0.15028680860996246
113,decoder_cross,0,0,<SOS>,1,teacher,0.09467186033725739
113,decoder_cross,0,0,<SOS>,2,likes,0.4848257899284363
113,decoder_cross,0,0,<SOS>,3,robots,0.18577168881893158
113,decoder_cross,0,0,<SOS>,4,<EOS>,0.08444385975599289
113,decoder_cross,0,1,선생님은,0,The,0.21635931730270386
113,decoder_cross,0,1,선생님은,1,teacher,0.1449594348669052
113,decoder_cross,0,1,선생님은,2,likes,0.28936660289764404
113,decoder_cross,0,1,선생님은,3,robots,0.1919894814491272
113,decoder_cross,0,1,선생님은,4,<EOS>,0.15732523798942566
113,decoder_cross,0,2,로봇을,0,The,0.14071470499038696
113,decoder_cross,0,2,로봇을,1,teacher,0.1718735545873642
113,decoder_cross,0,2,로봇을,2,likes,0.30699285864830017
113,decoder_cross,0,2,로봇을,3,robots,0.28662076592445374
113,decoder_cross,0,2,로봇을,4,<EOS>,0.09379812330007553
113,decoder_cross,0,3,좋아한다,0,The,0.21317531168460846
113,decoder_cross,0,3,좋아한다,1,teacher,0.1453854739665985
113,decoder_cross,0,3,좋아한다,2,likes,0.29012972116470337
113,decoder_cross,0,3,좋아한다,3,robots,0.1978241205215454
113,decoder_cross,0,3,좋아한다,4,<EOS>,0.15348540246486664
113,decoder_cross,1,0,<SOS>,0,The,0.17145493626594543
113,decoder_cross,1,0,<SOS>,1,teacher,0.19226890802383423
113,decoder_cross,1,0,<SOS>,2,likes,0.2237999141216278
113,decoder_cross,1,0,<SOS>,3,robots,0.23264946043491364
113,decoder_cross,1,0,<SOS>,4,<EOS>,0.17982672154903412
113,decoder_cross,1,1,선생님은,0,The,0.20813564956188202
113,decoder_cross,1,1,선생님은,1,teacher,0.2193760871887207
113,decoder_cross,1,1,선생님은,2,likes,0.1255703866481781
113,decoder_cross,1,1,선생님은,3,robots,0.23947031795978546
113,decoder_cross,1,1,선생님은,4,<EOS>,0.20744755864143372
113,decoder_cross,1,2,로봇을,0,The,0.199933722615242
113,decoder_cross,1,2,로봇을,1,teacher,0.17952147126197815
113,decoder_cross,1,2,로봇을,2,likes,0.24787123501300812
113,decoder_cross,1,2,로봇을,3,robots,0.19358856976032257
113,decoder_cross,1,2,로봇을,4,<EOS>,0.17908498644828796
113,decoder_cross,1,3,좋아한다,0,The,0.2134942263364792
113,decoder_cross,1,3,좋아한다,1,teacher,0.21617230772972107
113,decoder_cross,1,3,좋아한다,2,likes,0.15430645644664764
113,decoder_cross,1,3,좋아한다,3,robots,0.2038428634405136
113,decoder_cross,1,3,좋아한다,4,<EOS>,0.2121841162443161
114,encoder_self,0,0,The,0,The,0.28646597266197205
114,encoder_self,0,0,The,1,teacher,0.0181826651096344
114,encoder_self,0,0,The,2,likes,0.008591840043663979
114,encoder_self,0,0,The,3,robots,0.08126027137041092
114,encoder_self,0,0,The,4,<EOS>,0.605499267578125
114,encoder_self,0,1,teacher,0,The,0.040915630757808685
114,encoder_self,0,1,teacher,1,teacher,0.32102465629577637
114,encoder_self,0,1,teacher,2,likes,0.42792609333992004
114,encoder_self,0,1,teacher,3,robots,0.04562003165483475
114,encoder_self,0,1,teacher,4,<EOS>,0.16451361775398254
114,encoder_self,0,2,likes,0,The,0.13095960021018982
114,encoder_self,0,2,likes,1,teacher,0.38080742955207825
114,encoder_self,0,2,likes,2,likes,0.09890253096818924
114,encoder_self,0,2,likes,3,robots,0.20306657254695892
114,encoder_self,0,2,likes,4,<EOS>,0.18626388907432556
114,encoder_self,0,3,robots,0,The,0.003479825798422098
114,encoder_self,0,3,robots,1,teacher,0.08497634530067444
114,encoder_self,0,3,robots,2,likes,0.6821129322052002
114,encoder_self,0,3,robots,3,robots,0.2199552357196808
114,encoder_self,0,3,robots,4,<EOS>,0.009475642815232277
114,encoder_self,0,4,<EOS>,0,The,0.12166132777929306
114,encoder_self,0,4,<EOS>,1,teacher,0.15031123161315918
114,encoder_self,0,4,<EOS>,2,likes,0.06822558492422104
114,encoder_self,0,4,<EOS>,3,robots,0.14792923629283905
114,encoder_self,0,4,<EOS>,4,<EOS>,0.5118726491928101
114,encoder_self,1,0,The,0,The,0.013440076261758804
114,encoder_self,1,0,The,1,teacher,0.0001474893360864371
114,encoder_self,1,0,The,2,likes,0.00017995720554608852
114,encoder_self,1,0,The,3,robots,0.9758980870246887
114,encoder_self,1,0,The,4,<EOS>,0.010334393940865993
114,encoder_self,1,1,teacher,0,The,0.17463193833827972
114,encoder_self,1,1,teacher,1,teacher,0.17447198927402496
114,encoder_self,1,1,teacher,2,likes,0.3137611746788025
114,encoder_self,1,1,teacher,3,robots,0.08023203909397125
114,encoder_self,1,1,teacher,4,<EOS>,0.2569027841091156
114,encoder_self,1,2,likes,0,The,0.09836921095848083
114,encoder_self,1,2,likes,1,teacher,0.3173748850822449
114,encoder_self,1,2,likes,2,likes,0.43939197063446045
114,encoder_self,1,2,likes,3,robots,0.04384641349315643
114,encoder_self,1,2,likes,4,<EOS>,0.1010175570845604
114,encoder_self,1,3,robots,0,The,0.06368444859981537
114,encoder_self,1,3,robots,1,teacher,0.28672701120376587
114,encoder_self,1,3,robots,2,likes,0.34005075693130493
114,encoder_self,1,3,robots,3,robots,0.0016015670262277126
114,encoder_self,1,3,robots,4,<EOS>,0.30793631076812744
114,encoder_self,1,4,<EOS>,0,The,0.017936725169420242
114,encoder_self,1,4,<EOS>,1,teacher,0.0003777144302148372
114,encoder_self,1,4,<EOS>,2,likes,0.0006300733075477183
114,encoder_self,1,4,<EOS>,3,robots,0.9725010395050049
114,encoder_self,1,4,<EOS>,4,<EOS>,0.008554454892873764
114,decoder_masked,0,0,<SOS>,0,<SOS>,1.0
114,decoder_masked,0,0,<SOS>,1,선생님은,0.0
114,decoder_masked,0,0,<SOS>,2,로봇을,0.0
114,decoder_masked,0,0,<SOS>,3,좋아한다,0.0
114,decoder_masked,0,1,선생님은,0,<SOS>,0.9219321608543396
114,decoder_masked,0,1,선생님은,1,선생님은,0.07806790620088577
114,decoder_masked,0,1,선생님은,2,로봇을,0.0
114,decoder_masked,0,1,선생님은,3,좋아한다,0.0
114,decoder_masked,0,2,로봇을,0,<SOS>,0.20492546260356903
114,decoder_masked,0,2,로봇을,1,선생님은,0.637621283531189
114,decoder_masked,0,2,로봇을,2,로봇을,0.157453253865242
114,decoder_masked,0,2,로봇을,3,좋아한다,0.0
114,decoder_masked,0,3,좋아한다,0,<SOS>,0.9201661348342896
114,decoder_masked,0,3,좋아한다,1,선생님은,0.026883963495492935
114,decoder_masked,0,3,좋아한다,2,로봇을,0.026731323450803757
114,decoder_masked,0,3,좋아한다,3,좋아한다,0.02621857263147831
114,decoder_masked,1,0,<SOS>,0,<SOS>,1.0
114,decoder_masked,1,0,<SOS>,1,선생님은,0.0
114,decoder_masked,1,0,<SOS>,2,로봇을,0.0
114,decoder_masked,1,0,<SOS>,3,좋아한다,0.0
114,decoder_masked,1,1,선생님은,0,<SOS>,0.8178825974464417
114,decoder_masked,1,1,선생님은,1,선생님은,0.18211738765239716
114,decoder_masked,1,1,선생님은,2,로봇을,0.0
114,decoder_masked,1,1,선생님은,3,좋아한다,0.0
114,decoder_masked,1,2,로봇을,0,<SOS>,0.41093316674232483
114,decoder_masked,1,2,로봇을,1,선생님은,0.4249492287635803
114,decoder_masked,1,2,로봇을,2,로봇을,0.16411754488945007
114,decoder_masked,1,2,로봇을,3,좋아한다,0.0
114,decoder_masked,1,3,좋아한다,0,<SOS>,0.13557860255241394
114,decoder_masked,1,3,좋아한다,1,선생님은,0.10522834211587906
114,decoder_masked,1,3,좋아한다,2,로봇을,0.5867878198623657
114,decoder_masked,1,3,좋아한다,3,좋아한다,0.17240527272224426
114,decoder_cross,0,0,<SOS>,0,The,0.1508813500404358
114,decoder_cross,0,0,<SOS>,1,teacher,0.09436167031526566
114,decoder_cross,0,0,<SOS>,2,likes,0.4848520755767822
114,decoder_cross,0,0,<SOS>,3,robots,0.18545986711978912
114,decoder_cross,0,0,<SOS>,4,<EOS>,0.08444497734308243
114,decoder_cross,0,1,선생님은,0,The,0.22012321650981903
114,decoder_cross,0,1,선생님은,1,teacher,0.1462225317955017
114,decoder_cross,0,1,선생님은,2,likes,0.2820582389831543
114,decoder_cross,0,1,선생님은,3,robots,0.1912115216255188
114,decoder_cross,0,1,선생님은,4,<EOS>,0.16038450598716736
114,decoder_cross,0,2,로봇을,0,The,0.1414453387260437
114,decoder_cross,0,2,로봇을,1,teacher,0.17182812094688416
114,decoder_cross,0,2,로봇을,2,likes,0.30606064200401306
114,decoder_cross,0,2,로봇을,3,robots,0.2863248884677887
114,decoder_cross,0,2,로봇을,4,<EOS>,0.09434095025062561
114,decoder_cross,0,3,좋아한다,0,The,0.2192762941122055
114,decoder_cross,0,3,좋아한다,1,teacher,0.14746902883052826
114,decoder_cross,0,3,좋아한다,2,likes,0.2782041132450104
114,decoder_cross,0,3,좋아한다,3,robots,0.19614745676517487
114,decoder_cross,0,3,좋아한다,4,<EOS>,0.1589030623435974
114,decoder_cross,1,0,<SOS>,0,The,0.1719181388616562
114,decoder_cross,1,0,<SOS>,1,teacher,0.19240443408489227
114,decoder_cross,1,0,<SOS>,2,likes,0.22210408747196198
114,decoder_cross,1,0,<SOS>,3,robots,0.23371750116348267
114,decoder_cross,1,0,<SOS>,4,<EOS>,0.17985591292381287
114,decoder_cross,1,1,선생님은,0,The,0.2100389301776886
114,decoder_cross,1,1,선생님은,1,teacher,0.2188335359096527
114,decoder_cross,1,1,선생님은,2,likes,0.12380518019199371
114,decoder_cross,1,1,선생님은,3,robots,0.23972709476947784
114,decoder_cross,1,1,선생님은,4,<EOS>,0.20759522914886475
114,decoder_cross,1,2,로봇을,0,The,0.20023785531520844
114,decoder_cross,1,2,로봇을,1,teacher,0.1796339601278305
114,decoder_cross,1,2,로봇을,2,likes,0.24716182053089142
114,decoder_cross,1,2,로봇을,3,robots,0.19384992122650146
114,decoder_cross,1,2,로봇을,4,<EOS>,0.1791163682937622
114,decoder_cross,1,3,좋아한다,0,The,0.21584682166576385
114,decoder_cross,1,3,좋아한다,1,teacher,0.21565689146518707
114,decoder_cross,1,3,좋아한다,2,likes,0.1520109623670578
114,decoder_cross,1,3,좋아한다,3,robots,0.20421431958675385
114,decoder_cross,1,3,좋아한다,4,<EOS>,0.21227100491523743
115,encoder_self,0,0,The,0,The,0.28370359539985657
115,encoder_self,0,0,The,1,teacher,0.018518762663006783
115,encoder_self,0,0,The,2,likes,0.008740239776670933
115,encoder_self,0,0,The,3,robots,0.0825197771191597
115,encoder_self,0,0,The,4,<EOS>,0.6065176129341125
115,encoder_self,0,1,teacher,0,The,0.041228361427783966
115,encoder_self,0,1,teacher,1,teacher,0.3210757374763489
115,encoder_self,0,1,teacher,2,likes,0.4266323745250702
115,encoder_self,0,1,teacher,3,robots,0.04562641307711601
115,encoder_self,0,1,teacher,4,<EOS>,0.16543705761432648
115,encoder_self,0,2,likes,0,The,0.1326008290052414
115,encoder_self,0,2,likes,1,teacher,0.37926679849624634
115,encoder_self,0,2,likes,2,likes,0.09784124046564102
115,encoder_self,0,2,likes,3,robots,0.20256789028644562
115,encoder_self,0,2,likes,4,<EOS>,0.18772320449352264
115,encoder_self,0,3,robots,0,The,0.0034290181938558817
115,encoder_self,0,3,robots,1,teacher,0.08485952764749527
115,encoder_self,0,3,robots,2,likes,0.6829003691673279
115,encoder_self,0,3,robots,3,robots,0.21942752599716187
115,encoder_self,0,3,robots,4,<EOS>,0.00938362255692482
115,encoder_self,0,4,<EOS>,0,The,0.12080969661474228
115,encoder_self,0,4,<EOS>,1,teacher,0.15118661522865295
115,encoder_self,0,4,<EOS>,2,likes,0.06842251867055893
115,encoder_self,0,4,<EOS>,3,robots,0.14858581125736237
115,encoder_self,0,4,<EOS>,4,<EOS>,0.5109953284263611
115,encoder_self,1,0,The,0,The,0.013136908411979675
115,encoder_self,1,0,The,1,teacher,0.00014535711670760065
115,encoder_self,1,0,The,2,likes,0.00017371951253153384
115,encoder_self,1,0,The,3,robots,0.9763834476470947
115,encoder_self,1,0,The,4,<EOS>,0.010160554200410843
115,encoder_self,1,1,teacher,0,The,0.17509347200393677
115,encoder_self,1,1,teacher,1,teacher,0.17420434951782227
115,encoder_self,1,1,teacher,2,likes,0.3132352828979492
115,encoder_self,1,1,teacher,3,robots,0.08026087284088135
115,encoder_self,1,1,teacher,4,<EOS>,0.257205992937088
115,encoder_self,1,2,likes,0,The,0.09866176545619965
115,encoder_self,1,2,likes,1,teacher,0.3164186477661133
115,encoder_self,1,2,likes,2,likes,0.4400710165500641
115,encoder_self,1,2,likes,3,robots,0.04381994158029556
115,encoder_self,1,2,likes,4,<EOS>,0.10102865844964981
115,encoder_self,1,3,robots,0,The,0.06376133114099503
115,encoder_self,1,3,robots,1,teacher,0.286186158657074
115,encoder_self,1,3,robots,2,likes,0.34054720401763916
115,encoder_self,1,3,robots,3,robots,0.0015970207750797272
115,encoder_self,1,3,robots,4,<EOS>,0.3079082667827606
115,encoder_self,1,4,<EOS>,0,The,0.01768237166106701
115,encoder_self,1,4,<EOS>,1,teacher,0.00037332953070290387
115,encoder_self,1,4,<EOS>,2,likes,0.0006135652656666934
115,encoder_self,1,4,<EOS>,3,robots,0.9728737473487854
115,encoder_self,1,4,<EOS>,4,<EOS>,0.008456964045763016
115,decoder_masked,0,0,<SOS>,0,<SOS>,1.0
115,decoder_masked,0,0,<SOS>,1,선생님은,0.0
115,decoder_masked,0,0,<SOS>,2,로봇을,0.0
115,decoder_masked,0,0,<SOS>,3,좋아한다,0.0
115,decoder_masked,0,1,선생님은,0,<SOS>,0.9221683740615845
115,decoder_masked,0,1,선생님은,1,선생님은,0.07783155888319016
115,decoder_masked,0,1,선생님은,2,로봇을,0.0
115,decoder_masked,0,1,선생님은,3,좋아한다,0.0
115,decoder_masked,0,2,로봇을,0,<SOS>,0.20777253806591034
115,decoder_masked,0,2,로봇을,1,선생님은,0.6359750628471375
115,decoder_masked,0,2,로봇을,2,로봇을,0.1562523990869522
115,decoder_masked,0,2,로봇을,3,좋아한다,0.0
115,decoder_masked,0,3,좋아한다,0,<SOS>,0.9176899194717407
115,decoder_masked,0,3,좋아한다,1,선생님은,0.028163457289338112
115,decoder_masked,0,3,좋아한다,2,로봇을,0.02719438262283802
115,decoder_masked,0,3,좋아한다,3,좋아한다,0.026952272281050682
115,decoder_masked,1,0,<SOS>,0,<SOS>,1.0
115,decoder_masked,1,0,<SOS>,1,선생님은,0.0
115,decoder_masked,1,0,<SOS>,2,로봇을,0.0
115,decoder_masked,1,0,<SOS>,3,좋아한다,0.0
115,decoder_masked,1,1,선생님은,0,<SOS>,0.8094393610954285
115,decoder_masked,1,1,선생님은,1,선생님은,0.19056065380573273
115,decoder_masked,1,1,선생님은,2,로봇을,0.0
115,decoder_masked,1,1,선생님은,3,좋아한다,0.0
115,decoder_masked,1,2,로봇을,0,<SOS>,0.41831159591674805
115,decoder_masked,1,2,로봇을,1,선생님은,0.4182283282279968
115,decoder_masked,1,2,로봇을,2,로봇을,0.1634601205587387
115,decoder_masked,1,2,로봇을,3,좋아한다,0.0
115,decoder_masked,1,3,좋아한다,0,<SOS>,0.12401106208562851
115,decoder_masked,1,3,좋아한다,1,선생님은,0.10941824316978455
115,decoder_masked,1,3,좋아한다,2,로봇을,0.5718269944190979
115,decoder_masked,1,3,좋아한다,3,좋아한다,0.19474372267723083
115,decoder_cross,0,0,<SOS>,0,The,0.15033885836601257
115,decoder_cross,0,0,<SOS>,1,teacher,0.09478357434272766
115,decoder_cross,0,0,<SOS>,2,likes,0.48378291726112366
115,decoder_cross,0,0,<SOS>,3,robots,0.18717060983181
115,decoder_cross,0,0,<SOS>,4,<EOS>,0.0839240774512291
115,decoder_cross,0,1,선생님은,0,The,0.22056634724140167
115,decoder_cross,0,1,선생님은,1,teacher,0.14925920963287354
115,decoder_cross,0,1,선생님은,2,likes,0.2751253843307495
115,decoder_cross,0,1,선생님은,3,robots,0.19341540336608887
115,decoder_cross,0,1,선생님은,4,<EOS>,0.16163364052772522
115,decoder_cross,0,2,로봇을,0,The,0.14192993938922882
115,decoder_cross,0,2,로봇을,1,teacher,0.1730550080537796
115,decoder_cross,0,2,로봇을,2,likes,0.3024894893169403
115,decoder_cross,0,2,로봇을,3,robots,0.2874942421913147
115,decoder_cross,0,2,로봇을,4,<EOS>,0.09503130614757538
115,decoder_cross,0,3,좋아한다,0,The,0.22032314538955688
115,decoder_cross,0,3,좋아한다,1,teacher,0.15004517138004303
115,decoder_cross,0,3,좋아한다,2,likes,0.2714846134185791
115,decoder_cross,0,3,좋아한다,3,robots,0.1976245939731598
115,decoder_cross,0,3,좋아한다,4,<EOS>,0.1605224311351776
115,decoder_cross,1,0,<SOS>,0,The,0.17251944541931152
115,decoder_cross,1,0,<SOS>,1,teacher,0.19272249937057495
115,decoder_cross,1,0,<SOS>,2,likes,0.21976567804813385
115,decoder_cross,1,0,<SOS>,3,robots,0.23506611585617065
115,decoder_cross,1,0,<SOS>,4,<EOS>,0.1799262911081314
115,decoder_cross,1,1,선생님은,0,The,0.21175429224967957
115,decoder_cross,1,1,선생님은,1,teacher,0.21856817603111267
115,decoder_cross,1,1,선생님은,2,likes,0.12193349748849869
115,decoder_cross,1,1,선생님은,3,robots,0.23999778926372528
115,decoder_cross,1,1,선생님은,4,<EOS>,0.20774628221988678
115,decoder_cross,1,2,로봇을,0,The,0.20080244541168213
115,decoder_cross,1,2,로봇을,1,teacher,0.18001842498779297
115,decoder_cross,1,2,로봇을,2,likes,0.24548277258872986
115,decoder_cross,1,2,로봇을,3,robots,0.19434775412082672
115,decoder_cross,1,2,로봇을,4,<EOS>,0.1793486475944519
115,decoder_cross,1,3,좋아한다,0,The,0.2177698016166687
115,decoder_cross,1,3,좋아한다,1,teacher,0.21574008464813232
115,decoder_cross,1,3,좋아한다,2,likes,0.14909963309764862
115,decoder_cross,1,3,좋아한다,3,robots,0.2047620564699173
115,decoder_cross,1,3,좋아한다,4,<EOS>,0.21262840926647186
116,encoder_self,0,0,The,0,The,0.27816855907440186
116,encoder_self,0,0,The,1,teacher,0.0192253477871418
116,encoder_self,0,0,The,2,likes,0.009148947894573212
116,encoder_self,0,0,The,3,robots,0.0853046178817749
116,encoder_self,0,0,The,4,<EOS>,0.6081525683403015
116,encoder_self,0,1,teacher,0,The,0.041297830641269684
116,encoder_self,0,1,teacher,1,teacher,0.32490965723991394
116,encoder_self,0,1,teacher,2,likes,0.4198087453842163
116,encoder_self,0,1,teacher,3,robots,0.046161919832229614
116,encoder_self,0,1,teacher,4,<EOS>,0.16782192885875702
116,encoder_self,0,2,likes,0,The,0.13295888900756836
116,encoder_self,0,2,likes,1,teacher,0.3793671429157257
116,encoder_self,0,2,likes,2,likes,0.09688469022512436
116,encoder_self,0,2,likes,3,robots,0.20224116742610931
116,encoder_self,0,2,likes,4,<EOS>,0.18854810297489166
116,encoder_self,0,3,robots,0,The,0.0033952028024941683
116,encoder_self,0,3,robots,1,teacher,0.08452847599983215
116,encoder_self,0,3,robots,2,likes,0.6840965747833252
116,encoder_self,0,3,robots,3,robots,0.21867336332798004
116,encoder_self,0,3,robots,4,<EOS>,0.009306294843554497
116,encoder_self,0,4,<EOS>,0,The,0.11811530590057373
116,encoder_self,0,4,<EOS>,1,teacher,0.1533854454755783
116,encoder_self,0,4,<EOS>,2,likes,0.06869015842676163
116,encoder_self,0,4,<EOS>,3,robots,0.15041597187519073
116,encoder_self,0,4,<EOS>,4,<EOS>,0.509393036365509
116,encoder_self,1,0,The,0,The,0.01352427527308464
116,encoder_self,1,0,The,1,teacher,0.00014337844913825393
116,encoder_self,1,0,The,2,likes,0.0001635483931750059
116,encoder_self,1,0,The,3,robots,0.9758874773979187
116,encoder_self,1,0,The,4,<EOS>,0.010281359776854515
116,encoder_self,1,1,teacher,0,The,0.17544183135032654
116,encoder_self,1,1,teacher,1,teacher,0.173987478017807
116,encoder_self,1,1,teacher,2,likes,0.3127329349517822
116,encoder_self,1,1,teacher,3,robots,0.08049074560403824
116,encoder_self,1,1,teacher,4,<EOS>,0.2573469877243042
116,encoder_self,1,2,likes,0,The,0.09689845889806747
116,encoder_self,1,2,likes,1,teacher,0.31499508023262024
116,encoder_self,1,2,likes,2,likes,0.4448329508304596
116,encoder_self,1,2,likes,3,robots,0.04341833293437958
116,encoder_self,1,2,likes,4,<EOS>,0.09985525906085968
116,encoder_self,1,3,robots,0,The,0.06395312398672104
116,encoder_self,1,3,robots,1,teacher,0.2860509753227234
116,encoder_self,1,3,robots,2,likes,0.3401179611682892
116,encoder_self,1,3,robots,3,robots,0.001602598582394421
116,encoder_self,1,3,robots,4,<EOS>,0.30827537178993225
116,encoder_self,1,4,<EOS>,0,The,0.01801653765141964
116,encoder_self,1,4,<EOS>,1,teacher,0.000369754561688751
116,encoder_self,1,4,<EOS>,2,likes,0.0005897519877180457
116,encoder_self,1,4,<EOS>,3,robots,0.9725050926208496
116,encoder_self,1,4,<EOS>,4,<EOS>,0.008518901653587818
116,decoder_masked,0,0,<SOS>,0,<SOS>,1.0
116,decoder_masked,0,0,<SOS>,1,선생님은,0.0
116,decoder_masked,0,0,<SOS>,2,로봇을,0.0
116,decoder_masked,0,0,<SOS>,3,좋아한다,0.0
116,decoder_masked,0,1,선생님은,0,<SOS>,0.9185506701469421
116,decoder_masked,0,1,선생님은,1,선생님은,0.08144932240247726
116,decoder_masked,0,1,선생님은,2,로봇을,0.0
116,decoder_masked,0,1,선생님은,3,좋아한다,0.0
116,decoder_masked,0,2,로봇을,0,<SOS>,0.2079119235277176
116,decoder_masked,0,2,로봇을,1,선생님은,0.6357843279838562
116,decoder_masked,0,2,로봇을,2,로봇을,0.15630370378494263
116,decoder_masked,0,2,로봇을,3,좋아한다,0.0
116,decoder_masked,0,3,좋아한다,0,<SOS>,0.9172612428665161
116,decoder_masked,0,3,좋아한다,1,선생님은,0.028458919376134872
116,decoder_masked,0,3,좋아한다,2,로봇을,0.027280064299702644
116,decoder_masked,0,3,좋아한다,3,좋아한다,0.026999685913324356
116,decoder_masked,1,0,<SOS>,0,<SOS>,1.0
116,decoder_masked,1,0,<SOS>,1,선생님은,0.0
116,decoder_masked,1,0,<SOS>,2,로봇을,0.0
116,decoder_masked,1,0,<SOS>,3,좋아한다,0.0
116,decoder_masked,1,1,선생님은,0,<SOS>,0.8191237449645996
116,decoder_masked,1,1,선생님은,1,선생님은,0.18087626993656158
116,decoder_masked,1,1,선생님은,2,로봇을,0.0
116,decoder_masked,1,1,선생님은,3,좋아한다,0.0
116,decoder_masked,1,2,로봇을,0,<SOS>,0.41781485080718994
116,decoder_masked,1,2,로봇을,1,선생님은,0.41805925965309143
116,decoder_masked,1,2,로봇을,2,로봇을,0.1641259342432022
116,decoder_masked,1,2,로봇을,3,좋아한다,0.0
116,decoder_masked,1,3,좋아한다,0,<SOS>,0.10554566234350204
116,decoder_masked,1,3,좋아한다,1,선생님은,0.11344660073518753
116,decoder_masked,1,3,좋아한다,2,로봇을,0.5695294141769409
116,decoder_masked,1,3,좋아한다,3,좋아한다,0.2114783674478531
116,decoder_cross,0,0,<SOS>,0,The,0.15228062868118286
116,decoder_cross,0,0,<SOS>,1,teacher,0.09561911225318909
116,decoder_cross,0,0,<SOS>,2,likes,0.4787602424621582
116,decoder_cross,0,0,<SOS>,3,robots,0.18772676587104797
116,decoder_cross,0,0,<SOS>,4,<EOS>,0.08561334013938904
116,decoder_cross,0,1,선생님은,0,The,0.2216464728116989
116,decoder_cross,0,1,선생님은,1,teacher,0.1477597951889038
116,decoder_cross,0,1,선생님은,2,likes,0.27660268545150757
116,decoder_cross,0,1,선생님은,3,robots,0.1917484700679779
116,decoder_cross,0,1,선생님은,4,<EOS>,0.162242591381073
116,decoder_cross,0,2,로봇을,0,The,0.14242137968540192
116,decoder_cross,0,2,로봇을,1,teacher,0.17279170453548431
116,decoder_cross,0,2,로봇을,2,likes,0.3010050356388092
116,decoder_cross,0,2,로봇을,3,robots,0.2883138656616211
116,decoder_cross,0,2,로봇을,4,<EOS>,0.09546792507171631
116,decoder_cross,0,3,좋아한다,0,The,0.2225935459136963
116,decoder_cross,0,3,좋아한다,1,teacher,0.15017780661582947
116,decoder_cross,0,3,좋아한다,2,likes,0.26805904507637024
116,decoder_cross,0,3,좋아한다,3,robots,0.1967301219701767
116,decoder_cross,0,3,좋아한다,4,<EOS>,0.16243943572044373
116,decoder_cross,1,0,<SOS>,0,The,0.17245350778102875
116,decoder_cross,1,0,<SOS>,1,teacher,0.1925448477268219
116,decoder_cross,1,0,<SOS>,2,likes,0.21982383728027344
116,decoder_cross,1,0,<SOS>,3,robots,0.23521211743354797
116,decoder_cross,1,0,<SOS>,4,<EOS>,0.17996567487716675
116,decoder_cross,1,1,선생님은,0,The,0.21118390560150146
116,decoder_cross,1,1,선생님은,1,teacher,0.21813276410102844
116,decoder_cross,1,1,선생님은,2,likes,0.12272034585475922
116,decoder_cross,1,1,선생님은,3,robots,0.240317240357399
116,decoder_cross,1,1,선생님은,4,<EOS>,0.2076457291841507
116,decoder_cross,1,2,로봇을,0,The,0.20036381483078003
116,decoder_cross,1,2,로봇을,1,teacher,0.17977209389209747
116,decoder_cross,1,2,로봇을,2,likes,0.24637466669082642
116,decoder_cross,1,2,로봇을,3,robots,0.19447776675224304
116,decoder_cross,1,2,로봇을,4,<EOS>,0.17901170253753662
116,decoder_cross,1,3,좋아한다,0,The,0.21813684701919556
116,decoder_cross,1,3,좋아한다,1,teacher,0.2155509740114212
116,decoder_cross,1,3,좋아한다,2,likes,0.1485597789287567
116,decoder_cross,1,3,좋아한다,3,robots,0.20517916977405548
116,decoder_cross,1,3,좋아한다,4,<EOS>,0.21257323026657104
117,encoder_self,0,0,The,0,The,0.27674463391304016
117,encoder_self,0,0,The,1,teacher,0.01919873058795929
117,encoder_self,0,0,The,2,likes,0.008983300998806953
117,encoder_self,0,0,The,3,robots,0.0853283554315567
117,encoder_self,0,0,The,4,<EOS>,0.6097449660301208
117,encoder_self,0,1,teacher,0,The,0.042959801852703094
117,encoder_self,0,1,teacher,1,teacher,0.3278060853481293
117,encoder_self,0,1,teacher,2,likes,0.40871745347976685
117,encoder_self,0,1,teacher,3,robots,0.04673992842435837
117,encoder_self,0,1,teacher,4,<EOS>,0.17377668619155884
117,encoder_self,0,2,likes,0,The,0.1344185769557953
117,encoder_self,0,2,likes,1,teacher,0.3785800039768219
117,encoder_self,0,2,likes,2,likes,0.09490589797496796
117,encoder_self,0,2,likes,3,robots,0.20189131796360016
117,encoder_self,0,2,likes,4,<EOS>,0.19020424783229828
117,encoder_self,0,3,robots,0,The,0.0033545575570315123
117,encoder_self,0,3,robots,1,teacher,0.0841301903128624
117,encoder_self,0,3,robots,2,likes,0.6856555342674255
117,encoder_self,0,3,robots,3,robots,0.21763812005519867
117,encoder_self,0,3,robots,4,<EOS>,0.009221564047038555
117,encoder_self,0,4,<EOS>,0,The,0.11877784132957458
117,encoder_self,0,4,<EOS>,1,teacher,0.15212944149971008
117,encoder_self,0,4,<EOS>,2,likes,0.0663682147860527
117,encoder_self,0,4,<EOS>,3,robots,0.1496153622865677
117,encoder_self,0,4,<EOS>,4,<EOS>,0.5131092071533203
117,encoder_self,1,0,The,0,The,0.014192105270922184
117,encoder_self,1,0,The,1,teacher,0.00013822840992361307
117,encoder_self,1,0,The,2,likes,0.00014840453513897955
117,encoder_self,1,0,The,3,robots,0.9751012921333313
117,encoder_self,1,0,The,4,<EOS>,0.010419943369925022
117,encoder_self,1,1,teacher,0,The,0.17546863853931427
117,encoder_self,1,1,teacher,1,teacher,0.17381057143211365
117,encoder_self,1,1,teacher,2,likes,0.3128146827220917
117,encoder_self,1,1,teacher,3,robots,0.08081606030464172
117,encoder_self,1,1,teacher,4,<EOS>,0.2570900619029999
117,encoder_self,1,2,likes,0,The,0.093739353120327
117,encoder_self,1,2,likes,1,teacher,0.31357142329216003
117,encoder_self,1,2,likes,2,likes,0.4522719383239746
117,encoder_self,1,2,likes,3,robots,0.04255048558115959
117,encoder_self,1,2,likes,4,<EOS>,0.09786678105592728
117,encoder_self,1,3,robots,0,The,0.0641789361834526
117,encoder_self,1,3,robots,1,teacher,0.2859324514865875
117,encoder_self,1,3,robots,2,likes,0.33956819772720337
117,encoder_self,1,3,robots,3,robots,0.0016152315074577928
117,encoder_self,1,3,robots,4,<EOS>,0.3087051808834076
117,encoder_self,1,4,<EOS>,0,The,0.01853245496749878
117,encoder_self,1,4,<EOS>,1,teacher,0.00036003082641400397
117,encoder_self,1,4,<EOS>,2,likes,0.0005528454203158617
117,encoder_self,1,4,<EOS>,3,robots,0.9719924926757812
117,encoder_self,1,4,<EOS>,4,<EOS>,0.008562221191823483
117,decoder_masked,0,0,<SOS>,0,<SOS>,1.0
117,decoder_masked,0,0,<SOS>,1,선생님은,0.0
117,decoder_masked,0,0,<SOS>,2,로봇을,0.0
117,decoder_masked,0,0,<SOS>,3,좋아한다,0.0
117,decoder_masked,0,1,선생님은,0,<SOS>,0.9128607511520386
117,decoder_masked,0,1,선생님은,1,선생님은,0.08713922649621964
117,decoder_masked,0,1,선생님은,2,로봇을,0.0
117,decoder_masked,0,1,선생님은,3,좋아한다,0.0
117,decoder_masked,0,2,로봇을,0,<SOS>,0.2109232395887375
117,decoder_masked,0,2,로봇을,1,선생님은,0.6327911615371704
117,decoder_masked,0,2,로봇을,2,로봇을,0.1562855988740921
117,decoder_masked,0,2,로봇을,3,좋아한다,0.0
117,decoder_masked,0,3,좋아한다,0,<SOS>,0.9188781976699829
117,decoder_masked,0,3,좋아한다,1,선생님은,0.028047876432538033
117,decoder_masked,0,3,좋아한다,2,로봇을,0.026755278930068016
117,decoder_masked,0,3,좋아한다,3,좋아한다,0.026318637654185295
117,decoder_masked,1,0,<SOS>,0,<SOS>,1.0
117,decoder_masked,1,0,<SOS>,1,선생님은,0.0
117,decoder_masked,1,0,<SOS>,2,로봇을,0.0
117,decoder_masked,1,0,<SOS>,3,좋아한다,0.0
117,decoder_masked,1,1,선생님은,0,<SOS>,0.8368922472000122
117,decoder_masked,1,1,선생님은,1,선생님은,0.1631077080965042
117,decoder_masked,1,1,선생님은,2,로봇을,0.0
117,decoder_masked,1,1,선생님은,3,좋아한다,0.0
117,decoder_masked,1,2,로봇을,0,<SOS>,0.41301512718200684
117,decoder_masked,1,2,로봇을,1,선생님은,0.4228060841560364
117,decoder_masked,1,2,로봇을,2,로봇을,0.1641787588596344
117,decoder_masked,1,2,로봇을,3,좋아한다,0.0
117,decoder_masked,1,3,좋아한다,0,<SOS>,0.11448737978935242
117,decoder_masked,1,3,좋아한다,1,선생님은,0.10963587462902069
117,decoder_masked,1,3,좋아한다,2,로봇을,0.5501735806465149
117,decoder_masked,1,3,좋아한다,3,좋아한다,0.2257031351327896
117,decoder_cross,0,0,<SOS>,0,The,0.1542147547006607
117,decoder_cross,0,0,<SOS>,1,teacher,0.09703877568244934
117,decoder_cross,0,0,<SOS>,2,likes,0.4715804159641266
117,decoder_cross,0,0,<SOS>,3,robots,0.18983003497123718
117,decoder_cross,0,0,<SOS>,4,<EOS>,0.08733604848384857
117,decoder_cross,0,1,선생님은,0,The,0.22218303382396698
117,decoder_cross,0,1,선생님은,1,teacher,0.14804783463478088
117,decoder_cross,0,1,선생님은,2,likes,0.2748264670372009
117,decoder_cross,0,1,선생님은,3,robots,0.19160281121730804
117,decoder_cross,0,1,선생님은,4,<EOS>,0.16333986818790436
117,decoder_cross,0,2,로봇을,0,The,0.1430778056383133
117,decoder_cross,0,2,로봇을,1,teacher,0.17407745122909546
117,decoder_cross,0,2,로봇을,2,likes,0.29586946964263916
117,decoder_cross,0,2,로봇을,3,robots,0.29061105847358704
117,decoder_cross,0,2,로봇을,4,<EOS>,0.09636417031288147
117,decoder_cross,0,3,좋아한다,0,The,0.22339551150798798
117,decoder_cross,0,3,좋아한다,1,teacher,0.15107384324073792
117,decoder_cross,0,3,좋아한다,2,likes,0.26473429799079895
117,decoder_cross,0,3,좋아한다,3,robots,0.19720417261123657
117,decoder_cross,0,3,좋아한다,4,<EOS>,0.163592129945755
117,decoder_cross,1,0,<SOS>,0,The,0.17278824746608734
117,decoder_cross,1,0,<SOS>,1,teacher,0.19260470569133759
117,decoder_cross,1,0,<SOS>,2,likes,0.2188325673341751
117,decoder_cross,1,0,<SOS>,3,robots,0.23557262122631073
117,decoder_cross,1,0,<SOS>,4,<EOS>,0.18020187318325043
117,decoder_cross,1,1,선생님은,0,The,0.21120357513427734
117,decoder_cross,1,1,선생님은,1,teacher,0.21799537539482117
117,decoder_cross,1,1,선생님은,2,likes,0.12281455844640732
117,decoder_cross,1,1,선생님은,3,robots,0.24013103544712067
117,decoder_cross,1,1,선생님은,4,<EOS>,0.2078554779291153
117,decoder_cross,1,2,로봇을,0,The,0.20037047564983368
117,decoder_cross,1,2,로봇을,1,teacher,0.1798582673072815
117,decoder_cross,1,2,로봇을,2,likes,0.2460348904132843
117,decoder_cross,1,2,로봇을,3,robots,0.1946801394224167
117,decoder_cross,1,2,로봇을,4,<EOS>,0.17905618250370026
117,decoder_cross,1,3,좋아한다,0,The,0.21871209144592285
117,decoder_cross,1,3,좋아한다,1,teacher,0.21572095155715942
117,decoder_cross,1,3,좋아한다,2,likes,0.14723403751850128
117,decoder_cross,1,3,좋아한다,3,robots,0.20552568137645721
117,decoder_cross,1,3,좋아한다,4,<EOS>,0.21280722320079803
118,encoder_self,0,0,The,0,The,0.26785722374916077
118,encoder_self,0,0,The,1,teacher,0.02029363438487053
118,encoder_self,0,0,The,2,likes,0.00977814570069313
118,encoder_self,0,0,The,3,robots,0.0902554839849472
118,encoder_self,0,0,The,4,<EOS>,0.6118155717849731
118,encoder_self,0,1,teacher,0,The,0.04259674623608589
118,encoder_self,0,1,teacher,1,teacher,0.3277948200702667
118,encoder_self,0,1,teacher,2,likes,0.4091339409351349
118,encoder_self,0,1,teacher,3,robots,0.04674353450536728
118,encoder_self,0,1,teacher,4,<EOS>,0.17373104393482208
118,encoder_self,0,2,likes,0,The,0.1357443481683731
118,encoder_self,0,2,likes,1,teacher,0.377841591835022
118,encoder_self,0,2,likes,2,likes,0.09405437856912613
118,encoder_self,0,2,likes,3,robots,0.2013697624206543
118,encoder_self,0,2,likes,4,<EOS>,0.19098980724811554
118,encoder_self,0,3,robots,0,The,0.0032656460534781218
118,encoder_self,0,3,robots,1,teacher,0.08350012451410294
118,encoder_self,0,3,robots,2,likes,0.6878137588500977
118,encoder_self,0,3,robots,3,robots,0.2163606584072113
118,encoder_self,0,3,robots,4,<EOS>,0.009059823118150234
118,encoder_self,0,4,<EOS>,0,The,0.1149197518825531
118,encoder_self,0,4,<EOS>,1,teacher,0.15500237047672272
118,encoder_self,0,4,<EOS>,2,likes,0.06881258636713028
118,encoder_self,0,4,<EOS>,3,robots,0.15255437791347504
118,encoder_self,0,4,<EOS>,4,<EOS>,0.5087109208106995
118,encoder_self,1,0,The,0,The,0.014404109679162502
118,encoder_self,1,0,The,1,teacher,0.00013540676445700228
118,encoder_self,1,0,The,2,likes,0.00014407638809643686
118,encoder_self,1,0,The,3,robots,0.9748558402061462
118,encoder_self,1,0,The,4,<EOS>,0.010460590943694115
118,encoder_self,1,1,teacher,0,The,0.17681697010993958
118,encoder_self,1,1,teacher,1,teacher,0.17334873974323273
118,encoder_self,1,1,teacher,2,likes,0.3104190528392792
118,encoder_self,1,1,teacher,3,robots,0.08148973435163498
118,encoder_self,1,1,teacher,4,<EOS>,0.25792551040649414
118,encoder_self,1,2,likes,0,The,0.09298636019229889
118,encoder_self,1,2,likes,1,teacher,0.31373780965805054
118,encoder_self,1,2,likes,2,likes,0.4535742998123169
118,encoder_self,1,2,likes,3,robots,0.042354729026556015
118,encoder_self,1,2,likes,4,<EOS>,0.09734685719013214
118,encoder_self,1,3,robots,0,The,0.06449294090270996
118,encoder_self,1,3,robots,1,teacher,0.28592032194137573
118,encoder_self,1,3,robots,2,likes,0.338532418012619
118,encoder_self,1,3,robots,3,robots,0.0016204706626012921
118,encoder_self,1,3,robots,4,<EOS>,0.30943381786346436
118,encoder_self,1,4,<EOS>,0,The,0.018709421157836914
118,encoder_self,1,4,<EOS>,1,teacher,0.0003538136661518365
118,encoder_self,1,4,<EOS>,2,likes,0.0005392603925429285
118,encoder_self,1,4,<EOS>,3,robots,0.9718294143676758
118,encoder_self,1,4,<EOS>,4,<EOS>,0.008568139746785164
118,decoder_masked,0,0,<SOS>,0,<SOS>,1.0
118,decoder_masked,0,0,<SOS>,1,선생님은,0.0
118,decoder_masked,0,0,<SOS>,2,로봇을,0.0
118,decoder_masked,0,0,<SOS>,3,좋아한다,0.0
118,decoder_masked,0,1,선생님은,0,<SOS>,0.9105532765388489
118,decoder_masked,0,1,선생님은,1,선생님은,0.08944667875766754
118,decoder_masked,0,1,선생님은,2,로봇을,0.0
118,decoder_masked,0,1,선생님은,3,좋아한다,0.0
118,decoder_masked,0,2,로봇을,0,<SOS>,0.20974761247634888
118,decoder_masked,0,2,로봇을,1,선생님은,0.6342909932136536
118,decoder_masked,0,2,로봇을,2,로봇을,0.15596142411231995
118,decoder_masked,0,2,로봇을,3,좋아한다,0.0
118,decoder_masked,0,3,좋아한다,0,<SOS>,0.9178797006607056
118,decoder_masked,0,3,좋아한다,1,선생님은,0.02853352576494217
118,decoder_masked,0,3,좋아한다,2,로봇을,0.02694683149456978
118,decoder_masked,0,3,좋아한다,3,좋아한다,0.02663998492062092
118,decoder_masked,1,0,<SOS>,0,<SOS>,1.0
118,decoder_masked,1,0,<SOS>,1,선생님은,0.0
118,decoder_masked,1,0,<SOS>,2,로봇을,0.0
118,decoder_masked,1,0,<SOS>,3,좋아한다,0.0
118,decoder_masked,1,1,선생님은,0,<SOS>,0.8608907461166382
118,decoder_masked,1,1,선생님은,1,선생님은,0.1391092985868454
118,decoder_masked,1,1,선생님은,2,로봇을,0.0
118,decoder_masked,1,1,선생님은,3,좋아한다,0.0
118,decoder_masked,1,2,로봇을,0,<SOS>,0.38758882880210876
118,decoder_masked,1,2,로봇을,1,선생님은,0.44742292165756226
118,decoder_masked,1,2,로봇을,2,로봇을,0.16498827934265137
118,decoder_masked,1,2,로봇을,3,좋아한다,0.0
118,decoder_masked,1,3,좋아한다,0,<SOS>,0.12677332758903503
118,decoder_masked,1,3,좋아한다,1,선생님은,0.10361695289611816
118,decoder_masked,1,3,좋아한다,2,로봇을,0.5588559508323669
118,decoder_masked,1,3,좋아한다,3,좋아한다,0.21075379848480225
118,decoder_cross,0,0,<SOS>,0,The,0.1563541740179062
118,decoder_cross,0,0,<SOS>,1,teacher,0.09724283218383789
118,decoder_cross,0,0,<SOS>,2,likes,0.4689156413078308
118,decoder_cross,0,0,<SOS>,3,robots,0.18873967230319977
118,decoder_cross,0,0,<SOS>,4,<EOS>,0.08874776214361191
118,decoder_cross,0,1,선생님은,0,The,0.22330988943576813
118,decoder_cross,0,1,선생님은,1,teacher,0.1450713723897934
118,decoder_cross,0,1,선생님은,2,likes,0.2798263430595398
118,decoder_cross,0,1,선생님은,3,robots,0.18903671205043793
118,decoder_cross,0,1,선생님은,4,<EOS>,0.16275575757026672
118,decoder_cross,0,2,로봇을,0,The,0.14531776309013367
118,decoder_cross,0,2,로봇을,1,teacher,0.1744024157524109
118,decoder_cross,0,2,로봇을,2,likes,0.2926757335662842
118,decoder_cross,0,2,로봇을,3,robots,0.28961896896362305
118,decoder_cross,0,2,로봇을,4,<EOS>,0.09798513352870941
118,decoder_cross,0,3,좋아한다,0,The,0.22471442818641663
118,decoder_cross,0,3,좋아한다,1,teacher,0.1490618884563446
118,decoder_cross,0,3,좋아한다,2,likes,0.267304390668869
118,decoder_cross,0,3,좋아한다,3,robots,0.19531619548797607
118,decoder_cross,0,3,좋아한다,4,<EOS>,0.16360312700271606
118,decoder_cross,1,0,<SOS>,0,The,0.17296230792999268
118,decoder_cross,1,0,<SOS>,1,teacher,0.1923334002494812
118,decoder_cross,1,0,<SOS>,2,likes,0.21882744133472443
118,decoder_cross,1,0,<SOS>,3,robots,0.23560723662376404
118,decoder_cross,1,0,<SOS>,4,<EOS>,0.18026965856552124
118,decoder_cross,1,1,선생님은,0,The,0.2106683999300003
118,decoder_cross,1,1,선생님은,1,teacher,0.21734432876110077
118,decoder_cross,1,1,선생님은,2,likes,0.12375906109809875
118,decoder_cross,1,1,선생님은,3,robots,0.2406701147556305
118,decoder_cross,1,1,선생님은,4,<EOS>,0.20755809545516968
118,decoder_cross,1,2,로봇을,0,The,0.2008838951587677
118,decoder_cross,1,2,로봇을,1,teacher,0.1799115538597107
118,decoder_cross,1,2,로봇을,2,likes,0.24490778148174286
118,decoder_cross,1,2,로봇을,3,robots,0.19528935849666595
118,decoder_cross,1,2,로봇을,4,<EOS>,0.1790074110031128
118,decoder_cross,1,3,좋아한다,0,The,0.21841563284397125
118,decoder_cross,1,3,좋아한다,1,teacher,0.215452641248703
118,decoder_cross,1,3,좋아한다,2,likes,0.14757902920246124
118,decoder_cross,1,3,좋아한다,3,robots,0.20596247911453247
118,decoder_cross,1,3,좋아한다,4,<EOS>,0.21259015798568726
119,encoder_self,0,0,The,0,The,0.2671075761318207
119,encoder_self,0,0,The,1,teacher,0.02035456895828247
119,encoder_self,0,0,The,2,likes,0.009792896918952465
119,encoder_self,0,0,The,3,robots,0.09049146622419357
119,encoder_self,0,0,The,4,<EOS>,0.6122534871101379
119,encoder_self,0,1,teacher,0,The,0.042248860001564026
119,encoder_self,0,1,teacher,1,teacher,0.3284778296947479
119,encoder_self,0,1,teacher,2,likes,0.4092021882534027
119,encoder_self,0,1,teacher,3,robots,0.046814121305942535
119,encoder_self,0,1,teacher,4,<EOS>,0.173256978392601
119,encoder_self,0,2,likes,0,The,0.13572564721107483
119,encoder_self,0,2,likes,1,teacher,0.37780827283859253
119,encoder_self,0,2,likes,2,likes,0.09395315498113632
119,encoder_self,0,2,likes,3,robots,0.20146073400974274
119,encoder_self,0,2,likes,4,<EOS>,0.19105219841003418
119,encoder_self,0,3,robots,0,The,0.003231552429497242
119,encoder_self,0,3,robots,1,teacher,0.08331891894340515
119,encoder_self,0,3,robots,2,likes,0.6891257762908936
119,encoder_self,0,3,robots,3,robots,0.21534207463264465
119,encoder_self,0,3,robots,4,<EOS>,0.008981617167592049
119,encoder_self,0,4,<EOS>,0,The,0.11435449123382568
119,encoder_self,0,4,<EOS>,1,teacher,0.15536275506019592
119,encoder_self,0,4,<EOS>,2,likes,0.06884288042783737
119,encoder_self,0,4,<EOS>,3,robots,0.152767613530159
119,encoder_self,0,4,<EOS>,4,<EOS>,0.508672297000885
119,encoder_self,1,0,The,0,The,0.014468332752585411
119,encoder_self,1,0,The,1,teacher,0.00013495044549927115
119,encoder_self,1,0,The,2,likes,0.0001446475216653198
119,encoder_self,1,0,The,3,robots,0.9747781157493591
119,encoder_self,1,0,The,4,<EOS>,0.010473916307091713
119,encoder_self,1,1,teacher,0,The,0.17678721249103546
119,encoder_self,1,1,teacher,1,teacher,0.1739121973514557
119,encoder_self,1,1,teacher,2,likes,0.309579461812973
119,encoder_self,1,1,teacher,3,robots,0.08164842426776886
119,encoder_self,1,1,teacher,4,<EOS>,0.25807273387908936
119,encoder_self,1,2,likes,0,The,0.09304539114236832
119,encoder_self,1,2,likes,1,teacher,0.3141975402832031
119,encoder_self,1,2,likes,2,likes,0.452826589345932
119,encoder_self,1,2,likes,3,robots,0.04254366457462311
119,encoder_self,1,2,likes,4,<EOS>,0.09738680720329285
119,encoder_self,1,3,robots,0,The,0.06482578068971634
119,encoder_self,1,3,robots,1,teacher,0.286384254693985
119,encoder_self,1,3,robots,2,likes,0.3368634283542633
119,encoder_self,1,3,robots,3,robots,0.0016514157177880406
119,encoder_self,1,3,robots,4,<EOS>,0.3102751076221466
119,encoder_self,1,4,<EOS>,0,The,0.018756989389657974
119,encoder_self,1,4,<EOS>,1,teacher,0.00035370225668884814
119,encoder_self,1,4,<EOS>,2,likes,0.000540468143299222
119,encoder_self,1,4,<EOS>,3,robots,0.9717745780944824
119,encoder_self,1,4,<EOS>,4,<EOS>,0.008574215695261955
119,decoder_masked,0,0,<SOS>,0,<SOS>,1.0
119,decoder_masked,0,0,<SOS>,1,선생님은,0.0
119,decoder_masked,0,0,<SOS>,2,로봇을,0.0
119,decoder_masked,0,0,<SOS>,3,좋아한다,0.0
119,decoder_masked,0,1,선생님은,0,<SOS>,0.9117132425308228
119,decoder_masked,0,1,선생님은,1,선생님은,0.08828675746917725
119,decoder_masked,0,1,선생님은,2,로봇을,0.0
119,decoder_masked,0,1,선생님은,3,좋아한다,0.0
119,decoder_masked,0,2,로봇을,0,<SOS>,0.20394761860370636
119,decoder_masked,0,2,로봇을,1,선생님은,0.6411582827568054
119,decoder_masked,0,2,로봇을,2,로봇을,0.15489411354064941
119,decoder_masked,0,2,로봇을,3,좋아한다,0.0
119,decoder_masked,0,3,좋아한다,0,<SOS>,0.9172431826591492
119,decoder_masked,0,3,좋아한다,1,선생님은,0.02846444770693779
119,decoder_masked,0,3,좋아한다,2,로봇을,0.02783658169209957
119,decoder_masked,0,3,좋아한다,3,좋아한다,0.026455843821167946
119,decoder_masked,1,0,<SOS>,0,<SOS>,1.0
119,decoder_masked,1,0,<SOS>,1,선생님은,0.0
119,decoder_masked,1,0,<SOS>,2,로봇을,0.0
119,decoder_masked,1,0,<SOS>,3,좋아한다,0.0
119,decoder_masked,1,1,선생님은,0,<SOS>,0.8620210886001587
119,decoder_masked,1,1,선생님은,1,선생님은,0.13797898590564728
119,decoder_masked,1,1,선생님은,2,로봇을,0.0
119,decoder_masked,1,1,선생님은,3,좋아한다,0.0
119,decoder_masked,1,2,로봇을,0,<SOS>,0.38443249464035034
119,decoder_masked,1,2,로봇을,1,선생님은,0.44991743564605713
119,decoder_masked,1,2,로봇을,2,로봇을,0.16565003991127014
119,decoder_masked,1,2,로봇을,3,좋아한다,0.0
119,decoder_masked,1,3,좋아한다,0,<SOS>,0.12858541309833527
119,decoder_masked,1,3,좋아한다,1,선생님은,0.10299741476774216
119,decoder_masked,1,3,좋아한다,2,로봇을,0.5583649277687073
119,decoder_masked,1,3,좋아한다,3,좋아한다,0.2100522667169571
119,decoder_cross,0,0,<SOS>,0,The,0.15673309564590454
119,decoder_cross,0,0,<SOS>,1,teacher,0.09723150730133057
119,decoder_cross,0,0,<SOS>,2,likes,0.4682166576385498
119,decoder_cross,0,0,<SOS>,3,robots,0.18861247599124908
119,decoder_cross,0,0,<SOS>,4,<EOS>,0.08920633792877197
119,decoder_cross,0,1,선생님은,0,The,0.2216370403766632
119,decoder_cross,0,1,선생님은,1,teacher,0.14339156448841095
119,decoder_cross,0,1,선생님은,2,likes,0.2853333652019501
119,decoder_cross,0,1,선생님은,3,robots,0.18921160697937012
119,decoder_cross,0,1,선생님은,4,<EOS>,0.16042642295360565
119,decoder_cross,0,2,로봇을,0,The,0.14595313370227814
119,decoder_cross,0,2,로봇을,1,teacher,0.17334258556365967
119,decoder_cross,0,2,로봇을,2,likes,0.29381227493286133
119,decoder_cross,0,2,로봇을,3,robots,0.28860607743263245
119,decoder_cross,0,2,로봇을,4,<EOS>,0.0982859805226326
119,decoder_cross,0,3,좋아한다,0,The,0.22375306487083435
119,decoder_cross,0,3,좋아한다,1,teacher,0.14806316792964935
119,decoder_cross,0,3,좋아한다,2,likes,0.27051082253456116
119,decoder_cross,0,3,좋아한다,3,robots,0.19540268182754517
119,decoder_cross,0,3,좋아한다,4,<EOS>,0.1622702181339264
119,decoder_cross,1,0,<SOS>,0,The,0.17261385917663574
119,decoder_cross,1,0,<SOS>,1,teacher,0.1920052468776703
119,decoder_cross,1,0,<SOS>,2,likes,0.22036822140216827
119,decoder_cross,1,0,<SOS>,3,robots,0.23487621545791626
119,decoder_cross,1,0,<SOS>,4,<EOS>,0.18013639748096466
119,decoder_cross,1,1,선생님은,0,The,0.20942482352256775
119,decoder_cross,1,1,선생님은,1,teacher,0.2172987014055252
119,decoder_cross,1,1,선생님은,2,likes,0.1257544904947281
119,decoder_cross,1,1,선생님은,3,robots,0.24053466320037842
119,decoder_cross,1,1,선생님은,4,<EOS>,0.20698732137680054
119,decoder_cross,1,2,로봇을,0,The,0.20060867071151733
119,decoder_cross,1,2,로봇을,1,teacher,0.17965468764305115
119,decoder_cross,1,2,로봇을,2,likes,0.24592459201812744
119,decoder_cross,1,2,로봇을,3,robots,0.1949438601732254
119,decoder_cross,1,2,로봇을,4,<EOS>,0.17886817455291748
119,decoder_cross,1,3,좋아한다,0,The,0.21757040917873383
119,decoder_cross,1,3,좋아한다,1,teacher,0.21536555886268616
119,decoder_cross,1,3,좋아한다,2,likes,0.14895395934581757
119,decoder_cross,1,3,좋아한다,3,robots,0.20597654581069946
119,decoder_cross,1,3,좋아한다,4,<EOS>,0.2121334820985794
